url,headline,label
https://www.foxnews.com/lifestyle/jack-carrs-eisenhower-d-days-memo-noble-undertaking,Jack Carr recalls Gen. Eisenhower's D-Day memo about 'great and noble undertaking',lifestyle
https://www.foxnews.com/entertainment/bruce-willis-demi-moore-avoided-doing-one-thing-while-co-parenting-daughter-says,"Bruce Willis, Demi Moore avoided doing one thing while co-parenting, daughter says",entertainment
https://www.foxnews.com/politics/blinken-meets-with-qatars-prime-minister.print,"Blinken meets Qatar PM, says Israeli actions are not 'retaliation,' but 'defending the lives of its people'",politics
https://www.foxnews.com/entertainment/emily-blunt-says-toes-curl-when-people-their-kids-want-act-want-say-dont-do-it,"Emily Blunt says her ‘toes curl’ when people tell her their kids want to act: 'I want to say, don’t do it!'",entertainment
https://www.foxnews.com/media/the-view-co-host-cnn-commentator-ana-navarro-host-night-2-democratic-national-convention,"'The View' co-host, CNN commentator Ana Navarro to host night 2 of Democratic National Convention",media
https://www.foxnews.com/politics/striking-boeing-workers-boo-after-democrat-sen-maria-cantwell-criticizes-trump.print,Striking Boeing workers boo after Democratic Sen. Maria Cantwell criticizes Trump,politics
https://www.foxnews.com/politics/white-house-grilled-harris-gun-ownership-mandatory-gun-buybacks.print,"White House grilled on Harris' gun ownership, mandatory gun buybacks",politics
https://www.foxnews.com/media/tom-cotton-turns-tables-cnns-dana-bash-guns-brings-up-harris-past-remarks-school-shootings,"Tom Cotton turns tables on CNN's Dana Bash on guns, brings up Harris' past remarks on school shootings",media
https://www.foxnews.com/politics/kamala-rides-tsunami-positive-press-skeptics-see-risky-choice,"Kamala rides tsunami of positive press, but skeptics see a risky choice",politics
https://www.foxnews.com/politics/harris-running-mate-faces-renewed-scrutiny-weird-socialism-comparison-resurfaces,Harris' running mate faces renewed scrutiny after his 'weird' socialism comparison resurfaces,politics
https://www.foxnews.com/world/israeli-american-reservist-killed-hezbollah-missile-israel-idf-says,"Israeli-American reservist killed by Hezbollah missile in Israel, IDF says",world
https://www.foxnews.com/us/david-mccullough-american-historian-presidential-medal-freedom-recipient-dies,"David McCullough, American historian and Presidential Medal of Freedom recipient, dies at 89",us
https://www.foxnews.com/politics/lorie-smith-web-designer-free-speech,Web designer who refuses to create sites for same-sex weddings says Colorado law violates free speech rights,politics
https://www.foxnews.com/entertainment/simon-cowell-reveals-son-changed-judging-style-empathy,Simon Cowell reveals how his son changed his judging style: ‘I have much more empathy’,entertainment
https://www.foxnews.com/lifestyle/walking-dead-syndrome-rare-conditions-baffle-doctors-researchers,Rare Disease Day: Walking Dead Syndrome and other rare conditions baffle doctors and researchers,lifestyle
https://www.foxnews.com/media/cnn-calls-out-harris-using-trumps-border-wall-campaign-ad-after-condemning-years,CNN calls out Harris for using Trump's border wall in campaign ad after condemning it for years,media
https://www.foxnews.com/entertainment/taylor-swift-steals-nyc-spotlight-dinner-blake-lively-sophie-turner-brittany-mahomes,"Taylor Swift steals NYC spotlight during dinner with Blake Lively, Sophie Turner and Brittany Mahomes",entertainment
https://www.foxnews.com/health/ozempic-happy-drug-study-suggests-weight-loss-medications-reduce-depression-anxiety,"Ozempic, the happy drug? Study suggests weight-loss medications could reduce depression, anxiety",health
https://www.foxnews.com/food-drink/pennsylvania-family-sickened-after-eating-toxic-mushrooms-expected-recover.print,Pennsylvania family sickened after eating toxic mushrooms expected to recover,food-drink
https://www.foxnews.com/health/family-selling-dream-home-fund-life-saving-treatment-daughter.print,Family selling dream home to fund life-saving treatment for 5-year-old daughter,health
https://www.foxnews.com/world/israel-strikes-hamas-gaza-surprise-attack-exchanges-fire-hezbollah,"Israel declares war after Hamas surprise attack, launches retaliatory airstrikes in Gaza",world
https://www.foxnews.com/entertainment/taylor-swift-travis-kelce-get-support-from-family-after-surprise-eras-tour-stage-appearance,"Taylor Swift, Travis Kelce get support from family after surprise 'Eras Tour' stage appearance",entertainment
https://www.foxnews.com/entertainment/jim-morrison-the-doors-memoir-robby-krieger,"The Doors' Jim Morrison had ‘a fascination with death’ before passing away at 27, bandmate Robby Krieger says",entertainment
https://www.foxnews.com/politics/walz-repeats-georgia-abortion-death-falsehood-decried-doctors-fearmongering,Walz repeats Georgia abortion death falsehood decried by doctors as 'fearmongering',politics
https://www.foxnews.com/politics/harris-campaign-wont-give-details-type-gun-she-owns-last-time-she-went-range,"Harris campaign won't give details on type of gun she owns, last time she went to range",politics
https://www.foxnews.com/us/utah-mom-kept-missing-daughter-hidden-cult-compound-months-help-from-adult-sons-prosecutors,"Utah mom kept missing daughter, 5, hidden in cult 'compound' for months with help from adult sons: prosecutors",us
https://www.foxnews.com/media/kamala-harris-far-left-record-dismissed-accusations-attacks-from-trump-gop-shes-moderate,"Kamala Harris' far-left record dismissed as 'accusations,' attacks from Trump and GOP: 'She's moderate'",media
https://www.foxnews.com/world/israel-defense-forces-confirm-targeted-strike-beirut,Israel Defense Forces confirm 'targeted strike' on Beirut,world
https://www.foxnews.com/world/pope-emeritus-benedict-xvi-dead-95-vatican-says,"Pope Emeritus Benedict XVI dead at 95, Vatican says",world
https://www.foxnews.com/politics/sheldon-whitehouse-doesnt-denounce-all-white-beach-club-his-family-belongs-to,Sheldon Whitehouse doesn't denounce super-exclusive beach club his family belongs to,politics
https://www.foxnews.com/sports/san-jose-state-womens-volleyballs-trans-player-raises-eyebrows-brutal-spike-vs-new-mexico.print,San Jose State women's volleyball's trans player raises eyebrows with brutal spike vs New Mexico,sports
https://www.foxnews.com/entertainment/star-wars-actress-carrie-fisher-honored-star-hollywood-walk-of-fame-amid-family-drama,'Star Wars' actress Carrie Fisher honored with star on Hollywood Walk of Fame amid family drama,entertainment
https://www.foxnews.com/politics/aoc-fires-back-fetterman-accuses-him-bleak-dunk-attempt,"AOC fires back at Fetterman, accuses him of 'bleak dunk attempt'",politics
https://www.foxnews.com/media/harris-calls-americans-move-past-failed-policies-november-draws-mockery.print,"Harris calls for Americans to 'move past the failed policies' in November, draws mockery",media
https://www.foxnews.com/entertainment/jake-e-lee-guitarist-ozzy-osbourne-broke-rib-damaged-lung-shot-3-times.print,"Jake E Lee, former guitarist for Ozzy Osbourne, ‘broke a rib and damaged a lung’ after being shot at 3 times",entertainment
https://www.foxnews.com/sports/nevada-womens-volleyball-captain-slams-trans-athletes-her-sport-team-decides-against-players-refusal.print,Nevada women's volleyball captain slams trans athletes in her sport as team decides against players’ refusal,sports
https://www.foxnews.com/media/jd-vance-calls-out-deranged-mindset-we-need-illegal-immigrants-build-houses,JD Vance calls out 'deranged' mindset that we need illegal immigrants to build houses,media
https://www.foxnews.com/lifestyle/meet-american-who-created-bubble-gum-walter-diemer-home-kitchen-chemist-outwitted-scientists,"Meet the American who created bubble gum, Walter Diemer, home-kitchen chemist outwitted scientists",lifestyle
https://www.foxnews.com/politics/biden-campaign-sends-all-staff-memo-hoping-calm-post-debate-concerns-report,Biden campaign sends all-staff memo hoping to calm post-debate concerns,politics
https://www.foxnews.com/politics/trump-harris-toss-up-races-key-swing-states-pennsylvania-georgia-nevada-poll.print,"Trump and Harris in toss-up races in key swing states Pennsylvania, Georgia, Nevada: poll",politics
https://www.foxnews.com/politics/harris-supporters-say-shell-fix-immigration-blame-trump-for-border-crisis-immigration-blame-trump-border-crisis,"Harris supporters say she'll fix immigration, blame Trump for border crisis",politics
https://www.foxnews.com/world/israel-says-conducted-retaliatory-strikes-against-hezbollah-lebanon-struck-hamas-gaza.print,"Israel says it conducted retaliatory strikes against Hezbollah in Lebanon, struck Hamas in Gaza",world
https://www.foxnews.com/entertainment/harrison-ford-mocks-conan-obrien-star-wars-dis-cant-f-ing-remember,Harrison Ford mocks Conan O’Brien after 'Star Wars' dis: ‘You can't f---ing remember',entertainment
https://www.foxnews.com/lifestyle/franklin-grahams-samaritans-purse-sponsors-21-ambulances-israel-replace-destroyed-hamas,Franklin Graham's Samaritan's Purse sponsors 21 ambulances in Israel to replace those destroyed by Hamas,lifestyle
https://www.foxnews.com/entertainment/bruce-willis-shares-sweet-embrace-daughter-tallulah-makes-funny-faces-playful-snaps.print,Bruce Willis shares sweet embrace with daughter Tallulah and makes funny faces in playful snaps,entertainment
https://www.foxnews.com/politics/secret-service-protocol-changed-amid-presidential-assassination-attempts-through-years,How Secret Service protocol has changed amid presidential assassination attempts through the years,politics
https://www.foxnews.com/world/hezbollah-hits-israel-deadliest-attack-months-long-conflict-idf-says-raising-fears-escalation.print,"Hezbollah hits Israel with deadliest attack in months-long conflict, IDF says, raising fears of escalation",world
https://www.foxnews.com/media/fox-nation-debut-american-history-series-kelsey-grammer,Fox Nation to debut new American history series hosted by Kelsey Grammer,media
https://www.foxnews.com/politics/trump-calls-liz-cheney-low-iq-war-hawk-after-appearance-support-harris,Trump calls Liz Cheney a 'low IQ war hawk' after appearance in support of Harris,politics
https://www.foxnews.com/media/trump-hints-he-appear-joe-rogan-podcast-i-think-im-doing-it.print,Trump hints he will appear on Joe Rogan podcast: 'I think I'm doing it',media
https://www.foxnews.com/us/stairwell-b-story-14-survivors-north-tower-9-11,"How Stairwell B became the site of a miracle amidst the tragedy of Sept. 11, 2001",us
https://www.foxnews.com/lifestyle/best-vegetables-for-health-nutritionists,"The best vegetables for your health, according to nutritionists",lifestyle
https://www.foxnews.com/sports/eagles-nick-sirianni-has-heated-spat-fans-after-close-win-vs-browns,Eagles' Nick Sirianni has heated spat with fans after close win vs Browns,sports
https://www.foxnews.com/lifestyle/americas-unique-thanksgiving-stuffing-preferences-state-by-state,America's 'unique' Thanksgiving stuffing preferences state-by-state,lifestyle
https://www.foxnews.com/politics/wisconsin-kicks-off-election-season-first-widely-available-absentee-ballots.print,Wisconsin kicks off election season with first widely available absentee ballots,politics
https://www.foxnews.com/media/kamala-harris-struggling-how-shes-different-biden-the-view-surprises-cnn-panel.print,Kamala Harris struggling to say how she's different than Biden on 'The View' surprises CNN panel,media
https://www.foxnews.com/sports/transgender-athlete-defeated-woman-competitor-major-uk-competition-championship-epic-comeback.print,Transgender athlete defeated by woman competitor at major UK competition championship in epic comeback,sports
https://www.foxnews.com/politics/black-lives-matter-blames-us-praises-cuban-regime-social-media-erupts,"Black Lives Matter blames US, praises Cuban regime, social media erupts",politics
https://www.foxnews.com/politics/how-us-government-dole-out-aid-victims-hurricanes-milton-helene,"How US government will dole out aid to victims of Hurricanes Milton, Helene",politics
https://www.foxnews.com/politics/biden-admin-rushing-industrialize-us-oceans-stop-climate-change-environmental-wrecking-ball,Biden admin is rushing to industrialize US oceans to stop climate change: 'Environmental wrecking ball',politics
https://www.foxnews.com/us/honduran-illegal-immigrant-deported-twice-sentenced-texas-burglary-ring,"Honduran illegal immigrant deported from US twice, sentenced for leading Texas burglary ring: 'Masterminded'",us
https://www.foxnews.com/us/colorado-mayor-speaks-out-after-video-armed-venezuelan-gang-apartment-goes-viral.print,Colorado mayor speaks out after video of armed Venezuelan gang in apartment goes viral: 'Failed policy',us
https://www.foxnews.com/us/remains-of-kansas-priest-who-died-in-korean-war-identified.print,Remains of Kansas Priest Who Died in Korean War Identified,us
https://www.foxnews.com/us/anti-israel-yale-protesters-joining-columbia-students-in-tear-down-our-society-ivy-league-movement-law-prof,Anti-Israel Yale protesters joining Columbia students in 'tear down our society' Ivy League movement: Law prof,us
https://www.foxnews.com/sports/idaho-gov-praises-boise-states-decision-forfeit-womens-volleyball-match-against-team-trans-player,Idaho gov praises Boise State’s decision to forfeit women’s volleyball match against team with trans player,sports
https://www.foxnews.com/entertainment/billy-joel-weight-loss-madison-square-garden,Billy Joel unveils 50-pound weight loss at Madison Square Garden following back surgery,entertainment
https://www.foxnews.com/food-drink/tequila-more-than-shot-fun-facts-spirit,"Tequila is more than just a shot, plus other fun facts about this spirit",food-drink
https://www.foxnews.com/lifestyle/americans-need-face-face-civil-discussions-folks-outside-bubble.print,Why Americans need more face-to-face civil discussions 'with folks outside their own bubble',lifestyle
https://www.foxnews.com/media/mom-dad-complain-11-year-old-daughter-forced-share-bed-biological-male-school-trip,Christian parents complain after 11-year-old daughter forced to share bed with biological male on school trip,media
https://www.foxnews.com/media/slap-face-media-government-downplaying-venezuelan-gangs-says-woman-fled-colorado-apartment,"'Slap in the face': Media, government downplaying Venezuelan gangs, says woman who fled her Colorado apartment",media
https://www.foxnews.com/us/seven-deadly-sins-biker-gang-founder-kills-7-people-dog.print,‘Seven Deadly Sins’ biker gang founder kills seven people and dog,us
https://www.foxnews.com/politics/trump-indicted-second-time-election-subversion-case-brought-special-counsel-jack-smith.print,Trump indicted a second time in election subversion case brought by special counsel Jack Smith,politics
https://www.foxnews.com/sports/san-jose-state-police-battle-womens-volleyball-transgender-culture-war,Inside San Jose State's police battle to protect women's athletes threatened by a transgender culture war,sports
https://www.foxnews.com/politics/power-rankings-trump-maintains-lead-two-top-issues-ahead-vp-debate,Fox News Power Rankings: Trump maintains lead on 2 top issues ahead of VP debate,politics
https://www.foxnews.com/entertainment/kate-moss-50-victorias-secret-fashion-show-surprise-appearance-daughter-lila-22,"Kate Moss, 50, takes Victoria's Secret fashion show by storm in surprise appearance with daughter Lila, 22",entertainment
https://www.foxnews.com/politics/5-more-house-democrats-call-biden-drop-out#&_intcmp=fnhpbt5,"Five more House Democrats call on Biden to drop out, third US senator",politics
https://www.foxnews.com/politics/riley-gaines-visits-rnc-message-new-york-ag-letitia-james-democrats-claiming-party-women.print,"Riley Gaines visits RNC with message for New York AG Letitia James, Democrats claiming to be party for women",politics
https://www.foxnews.com/entertainment/hilary-duff-how-i-met-your-father-series-sequel-hulu,Hilary Duff lands ‘How I Met Your Father’ series sequel role for Hulu,entertainment
https://www.foxnews.com/politics/flashback-harris-campaign-senior-adviser-several-insensitive-comments-women-gay-people,"FLASHBACK: New Harris campaign senior adviser made several insensitive comments about women, gay people",politics
https://www.foxnews.com/politics/michigan-becomes-top-gop-senate-target-mike-rogers-ties-dem-opponent-among-older-voters,Michigan becomes a top GOP Senate target as Mike Rogers ties with Dem opponent among older voters,politics
https://www.foxnews.com/sports/american-women-players-settle-suit-vs-us-soccer-for-24m,American women players settle suit vs. US Soccer for $24M,sports
https://www.foxnews.com/sports/herschel-walker-says-obama-forgot-our-fight-right-vote-after-scolding-black-voters-against-harris,Herschel Walker says Obama 'forgot our fight for right to vote' after scolding Black voters against Harris,sports
https://www.foxnews.com/us/would-be-trump-assassin-wants-judge-cannon-recuse-herself-dismissing-document-case.print,Would-be Trump assassin wants Judge Cannon to recuse herself for dismissing document case,us
https://www.foxnews.com/politics/nj-announces-emergency-dune-repairs-shore-town-penalized-doing-itself,NJ announces emergency dune repairs in shore town penalized for doing them itself,politics
https://www.foxnews.com/media/cnn-political-director-warns-trouble-sign-harris-she-lags-white-male-voters-key-states,CNN political director warns of 'trouble sign for Harris' as she lags with White male voters in key states,media
https://www.foxnews.com/food-drink/japanese-souffle-pancake-gaining-popularity-us-origin-story-hawaii-15-years-ago,"Japanese soufflé pancake gaining popularity in US, yet origin story begins in Hawaii 15 years ago",food-drink
https://www.foxnews.com/lifestyle/garlic-planting-roasting-cooking-health-benefits,"Garlic: Planting, roasting and understanding the health benefits of the plant",lifestyle
https://www.foxnews.com/sports/olympic-boxer-deemed-have-male-chromosomes-wins-fight-46-seconds-opponent-left-tears-after-hard-hits,"Olympic boxer deemed to have male chromosomes wins fight in 46 seconds, opponent left in tears after hard hits",sports
https://www.foxnews.com/sports/womens-volleyball-team-transgender-player-getting-police-security-amid-backlash-lawsuit,Women's volleyball team with transgender player getting police protection amid backlash and lawsuit,sports
https://www.foxnews.com/politics/oprah-winfrey-makes-surprise-dnc-appearance-rail-against-man-she-once-considered-running-office,Oprah Winfrey makes surprise DNC appearance to rail against man she once considered running for office with,politics
https://www.foxnews.com/media/cnn-brian-stelter-reliable-sources-2021.print,Here are 20 major media stories CNN's Brian Stelter ignored on his so-called media show in 2021,media
https://www.foxnews.com/world/german-bureaucrat-under-fire-trashing-british-wwii-hero-inspired-israeli-army,German bureaucrat under fire for trashing British WWII hero who inspired Israeli army,world
https://www.foxnews.com/us/sniper-killed-would-be-trump-assassin-one-million-shot-source,Sniper killed would-be Trump assassin with 'one-in-a-million shot': source,us
https://www.foxnews.com/politics/rfk-jr-corporate-media-attacked-more-president-trump,RFK Jr says ‘corporate media’ has attacked him ‘even more than President Trump’,politics
https://www.foxnews.com/politics/harris-trump-showdown-leading-law-enforcement-group-takes-sides-presidential-election,Harris-Trump showdown: Group of former law enforcement leaders takes sides in presidential election,politics
https://www.foxnews.com/media/cnn-brian-stelter-hunter-biden-disinformation-conference,"Brian Stelter defends media not covering Hunter Biden in 2020, says critics don't know 'how newsrooms work'",media
https://www.foxnews.com/food-drink/tiktok-video-fast-food-restaurant-shows-how-speedy-machine-makes-salad-bowl-no-time,TikTok video at fast-food restaurant shows how speedy machine makes salad bowl in no time,food-drink
https://www.foxnews.com/lifestyle/this-day-history-feb-17-1801-jefferson-elected-president-party-politics-nation,"On this day in history, February 17, 1801, Jefferson is elected president as party politics divide new nation",lifestyle
https://www.foxnews.com/media/fox-news-channel-dominates-cnn-msnbc-during-historic-news-cycle-of-third-quarter.print,"Fox News Channel dominates CNN, MSNBC during historic news cycle of third quarter as 'The Five' makes history",media
https://www.foxnews.com/media/biden-called-out-border-crisis-texas-democrat-absolutely-president-should-be-here,Biden called out on border crisis by Texas Democrat: 'Absolutely the president should be here',media
https://www.foxnews.com/politics/biden-admin-unveils-sweeping-new-actions-increasing-costs-oil-gas-leasing,"Biden admin unveils sweeping new actions increasing costs for oil, gas leasing",politics
https://www.foxnews.com/media/cnn-brian-stelter-andrew-cuomo-leadership-hope-not-false-hope.print,"CNN's Brian Stelter gushed over Cuomo's COVID 'leadership': 'He's providing hope, but not false hope'",media
https://www.foxnews.com/lifestyle/texas-woman-accidentally-swallows-partial-dentures-how-medical-team-saved,"Texas woman accidentally swallows partial dentures, here's how a medical team saved the day",lifestyle
https://www.foxnews.com/entertainment/americas-got-talent-judge-heidi-klum-did-not-expect-9-year-olds-epic-tina-turner-performance,'America's Got Talent' judge Heidi Klum 'did not expect' 9-year-old's epic Tina Turner performance,entertainment
https://www.foxnews.com/health/study-reveals-extreme-weathers-impact-seniors-attendance-doctor-appointments,New study reveals extreme weather's impact on seniors' attendance at doctor appointments,health
https://www.foxnews.com/lifestyle/this-day-history-feb-12-1809-abraham-lincoln-born-kentucky,"On this day in history, February 12, 1809, Abraham Lincoln is born in Kentucky",lifestyle
https://www.foxnews.com/lifestyle/national-pow-mia-recognition-day-reminds-americans-nobility-war-heroes-ongoing-need-do-better.print,National POW/MIA Recognition Day reminds Americans of 'nobility' of war heroes and the need to do better,lifestyle
https://www.foxnews.com/food-drink/7-sneaky-calorie-culprits-healthy-green-salad,7 sneaky calorie culprits that are creeping into your healthy green salad,food-drink
https://www.foxnews.com/sports/national-womens-soccer-league-faces-lawsuit-former-employee-alleges-sexual-assault,National Women's Soccer League faces lawsuit as former employee alleges sexual assault,sports
https://www.foxnews.com/lifestyle/tony-bennett-own-words-i-feel-i-have-been-truly-blessed,Tony Bennett in his own words: 'I feel that I have been truly blessed',lifestyle
https://www.foxnews.com/lifestyle/this-day-history-april-1-1945-us-forces-invade-okinawa-last-major-battle-wwii,"On this day in history, April 1, 1945, US forces invade Okinawa, last major battle of World War II",lifestyle
https://www.foxnews.com/politics/esper-replacement-chris-miller-tells-us-troops-its-time-to-come-home,Esper replacement Chris Miller tells US troops: 'It's time to come home',politics
https://www.foxnews.com/lifestyle/armed-forces-day-honor-flight-mission-bbq,"On Armed Forces Day, Honor Flight Network receives stunning donation from Mission BBQ",lifestyle
https://www.foxnews.com/lifestyle/thanksgiving-casserole-preferences-state-google-trends,Thanksgiving casserole preferences vary state-by-state,lifestyle
https://www.foxnews.com/media/kamala-harris-tells-the-view-she-cant-think-anything-she-would-have-done-differently-from-biden.print,Kamala Harris tells 'The View' she can't think of anything she would have done differently from Biden,media
https://www.foxnews.com/politics/balance-power-trump-campaign-slams-sen-tester-radically-out-touch-after-abortion-ad-rollout,Balance of power: Trump campaign slams Sen Tester as 'radically out of touch' after abortion ad rollout,politics
https://www.foxnews.com/politics/from-shark-tank-campaign-trail-mark-cuban-teams-up-kamala-harris.print,From the 'Shark Tank' to the campaign trail: Mark Cuban teams up with Kamala Harris,politics
https://www.foxnews.com/politics/supreme-court-rules-favor-colorado-graphic-designer-refused-create-same-sex-wedding-websites,Supreme Court rules in favor of Colorado graphic designer who refused to create same-sex wedding websites,politics
https://www.foxnews.com/food-drink/great-weeknight-dinner-classic-meatballs-garlic-bread-chef-favorite.print,'Great weeknight dinner' of classic meatballs with garlic bread a celebrity chef's favorite,food-drink
https://www.foxnews.com/us/virginia-teacher-shot-6-year-old-student-classroom-says-shell-never-forget-look-face,Virginia teacher shot by 6-year-old student in classroom says she'll 'never forget the look on his face',us
https://www.foxnews.com/entertainment/shawn-mendes-camila-cabello-split-break-up-relationship,Shawn Mendes and Camila Cabello break up: We 'will continue to be best friends',entertainment
https://www.foxnews.com/media/kamala-harris-dnc-undertaking-largest-gaslighting-operation-history-politics-says-house-speaker,"Kamala Harris, DNC undertaking 'largest gaslighting operation' in history of politics, says House speaker",media
https://www.foxnews.com/us/illegal-immigrants-terrorism-ties-exploit-border-homeland-security-warns,"Illegal immigrants with 'terrorism ties' will continue to exploit border, Homeland Security report warns",us
https://www.foxnews.com/health/mother-frantic-save-clinical-trial-could-cure-daughter-treatment-sitting-fridge.print,Mother frantic to save clinical trial that could cure her daughter: ‘The treatment is sitting in a fridge',health
https://www.foxnews.com/media/ted-nugent-tucker-carlson-fox-nation-constitution-bear-arms.print,Ted Nugent slams wannabe 'tyrants' on 'Tucker Carlson Today': We don't need the 'king's permission' in America,media
https://www.foxnews.com/media/analysis-finds-americans-need-extra-11400-afford-basics-gop-lawmakers-blame-bidenomics,"Analysis finds Americans need extra $11,400 to afford the basics as GOP lawmakers blame 'Bidenomics'",media
https://www.foxnews.com/entertainment/matt-damons-advice-josh-hartnett-while-filming-oppenheimer-so-unhelpful,Matt Damon's advice to Josh Hartnett while filming 'Oppenheimer' was ‘so unhelpful’,entertainment
https://www.foxnews.com/us/former-secret-service-agent-warns-agency-stretched-thin-new-responsibilities-lack-manpower,"Former Secret Service agent warns agency ‘stretched thin’ with new responsibilities, lack of manpower",us
https://www.foxnews.com/media/new-book-shows-alleged-biden-harris-divide-surfaced-earlier-previous-president-vp-rifts-critics.print,"Book shows alleged Biden-Harris divide surfaced earlier than previous president-VP rifts, some critics say",media
https://www.foxnews.com/us/venezuelan-tren-de-aragua-gang-recruiting-kids-out-texas-middle-schools.print,Venezuelan Tren de Aragua gang recruiting kids from Texas middle schools,us
https://www.foxnews.com/entertainment/jelly-roll-gives-powerful-testimony-congress-fentanyl-part-problem,Jelly Roll gives powerful testimony to Congress on fentanyl: 'I was part of the problem',entertainment
https://www.foxnews.com/politics/video-resurfaces-harris-chanting-down-deportation-2018-parade-disgraced-actor,Video resurfaces of Harris chanting ‘down with deportation’ at 2018 parade with disgraced actor,politics
https://www.foxnews.com/media/thousands-anti-israel-protesters-descend-white-house-praising-hamas-slamming-genocide-joe,"Thousands of anti-Israel protesters descend on White House praising Hamas, slamming 'genocide Joe'",media
https://www.foxnews.com/politics/haitian-migration-roils-town-battleground-state-signs-pro-trump-support-rise.print,Haitian migration roils town in key battleground state with signs of pro-Trump support on the rise,politics
https://www.foxnews.com/lifestyle/105-year-old-woman-graduates-stanford-university-83-years-leaving-campus-amazing,105-year-old woman graduates from Stanford University 83 years after leaving campus: 'Amazing',lifestyle
https://www.foxnews.com/official-polls/fox-news-poll-trump-hedge-biden-potential-2024-rematch,Fox News Poll: Trump has edge over Biden in potential 2024 rematch,official-polls
https://www.foxnews.com/lifestyle/meet-the-american-who-first-recorded-blues-nations-original-pop-diva-mamie-smith,"Meet the American who first recorded the blues, nation's original pop diva Mamie Smith",lifestyle
https://www.foxnews.com/travel/replica-anne-frank-hidden-annex-unveiled-new-york-city,Full-scale replica of Anne Frank's hidden annex to be unveiled in New York City,travel
https://www.foxnews.com/sports/who-imane-khelif-algerian-olympic-boxer-deemed-have-male-chromosomes.print,Who is Imane Khelif: The Algerian Olympic boxer deemed to have male chromosomes,sports
https://www.foxnews.com/politics/white-house-communism-failed-ideology-historic-cuba-protests,White House calls communism a 'failed ideology' after historic Cuba protests,politics
https://www.foxnews.com/media/tim-walz-turns-down-ny-times-interview-requests-about-response-george-floyd-riots,Tim Walz turns down NY Times interview requests about response to George Floyd riots,media
https://www.foxnews.com/us/new-york-anti-israel-rally-un-features-sign-supporting-terror-group-hezbollah,New York anti-Israel rally at UN features sign supporting terror group Hezbollah,us
https://www.foxnews.com/opinion/im-cake-artist-who-won-supreme-court-heres-why-im-still-court.print,I'm the cake artist who won at the Supreme Court. Here's why I'm still in court,opinion
https://www.foxnews.com/media/black-farmers-sue-biden-administration-broken-debt-relief-promise-president-reneged-meeting,"Black farmers sue Biden administration over broken debt relief promise, say president reneged on meeting",media
https://www.foxnews.com/us/good-samaritan-helps-drag-wounded-houston-cop-out-highway-gunfight.print,Good Samaritan helps drag wounded Houston cop out of highway gunfight,us
https://www.foxnews.com/world/israeli-military-says-regular-infantry-armored-units-joining-limited-ground-operation-southern-lebanon.print,"Israeli military says regular infantry, armored units joining limited ground operation in southern Lebanon",world
https://www.foxnews.com/media/rfk-jr-shrugs-off-biden-family-corruption-allegations-wont-spear-tip-campaign,RFK Jr. shrugs off Biden family corruption allegations: Won't be a 'spear tip to my campaign',media
https://www.foxnews.com/politics/tens-thousands-illegal-immigrants-sexual-assault-homicide-convictions-roaming-us-streets.print,"Tens of thousands of illegal immigrants with sexual assault, murder convictions in US: ICE data",politics
https://www.foxnews.com/politics/biden-admin-issues-warning-netanyahu-israel-holds-emergency-meeting-gaza-aid.print,Biden admin issues warning to Netanyahu as Israel holds emergency meeting on Gaza aid,politics
https://www.foxnews.com/lifestyle/mothers-day-one-liners-life-advice-real-moms.print,Mother's Day: The best one-liners and life advice I've ever gotten from Mom,lifestyle
https://www.foxnews.com/lifestyle/mike-rowe-announces-something-stand-film-celebrating-america,"Mike Rowe, well-known storyteller, announces 'Something to Stand For,' new film celebrating America",lifestyle
https://www.foxnews.com/tech/how-score-cheap-stuff-keep-resell,How to score cheap stuff (to keep or resell),tech
https://www.foxnews.com/lifestyle/rural-travel-destinations-unplug-fun-summer,Rural travel destinations where you can unplug and have fun this summer,lifestyle
https://www.foxnews.com/entertainment/charlie-sheen-denise-richards-support-sami-sheen-onlyfans,Charlie Sheen's ex Denise Richards vows to ‘support’ their daughter Sami after actor disapproves OnlyFans page,entertainment
https://www.foxnews.com/politics/pentagon-sending-few-thousand-us-troops-middle-east-one-day-after-biden-promised-he-wouldnt,Pentagon sending a ‘few thousand’ personnel to Middle East day after Biden said he wouldn’t add combat troops,politics
https://www.foxnews.com/us/trump-meets-rachel-morin-family-border-maryland-mom-5-murdered-illegal-immigrant-suspect.print,"Trump meets with Rachel Morin family at border, Maryland mom of 5 murdered by illegal immigrant suspect",us
https://www.foxnews.com/politics/top-adviser-left-wing-california-da-charged-nearly-dozen-felonies,Top adviser to left-wing California DA charged with nearly a dozen felonies,politics
https://www.foxnews.com/media/cnn-jeff-zucker-david-chalian-hunter-biden-project-veritas,"CNN boss, political director spiked Hunter Biden controversy, audiotapes reveal: 'We're not going with' story",media
https://www.foxnews.com/entertainment/sydney-sweeney-glad-mother-stopped-getting-breast-reduction-teen,Sydney Sweeney 'so glad' mother stopped her from getting breast reduction as a teen: 'They're my best friends',entertainment
https://www.foxnews.com/politics/pittsburgh-diners-fume-after-restaurant-cleared-staged-harris-campaign-stop-mindboggling.print,Pittsburgh diners fume over ‘staged’ Harris campaign stop as popular restaurant cleared: ‘Mind-boggling’,politics
https://www.foxnews.com/media/young-swing-state-voters-deliver-advice-kamala-harris-there-needs-more-transparency.print,Young swing state voters deliver advice for Kamala Harris: 'There needs to be more transparency',media
https://www.foxnews.com/health/diabetes-patients-access-first-generic-glp-1-medication-accessible-affordable,Diabetes patients now have access to first generic GLP-1 medication: ‘More accessible and affordable’,health
https://www.foxnews.com/us/would-be-trump-assassin-ryan-routh-camped-under-cover-darkness-12-hours-court-docs,Would-be Trump assassin Ryan Routh camped under cover of darkness for 12 hours: court docs,us
https://www.foxnews.com/media/politico-alters-headline-calling-kamala-harris-support-banning-fracking-trump-accusation,Politico alters headline calling Kamala Harris' support for banning fracking a 'Trump accusation',media
https://www.foxnews.com/politics/how-long-kamala-harris-honeymoon-polls-against-donald-trump-last,How long will the Kamala Harris honeymoon in the polls against Donald Trump last?,politics
https://www.foxnews.com/entertainment/one-directions-liam-payne-mourned-hollywood-after-death-31-absolutely-heartbreaking.print,One Direction’s Liam Payne mourned by Hollywood after death at 31: ‘Absolutely heartbreaking’,entertainment
https://www.foxnews.com/media/meta-claims-another-error-after-conservative-colleges-second-complaint-about-facebook-treatment,Meta claims another 'error' after conservative college's second complaint about Facebook treatment,media
https://www.foxnews.com/lifestyle/veterans-day-lessons-leadership-america-former-marine-mission,"This Veterans Day, four key lessons on leadership in America from a former Marine: 'Sense of mission'",lifestyle
https://www.foxnews.com/politics/trump-says-he-shot-bullet-assassination-attempt-pennsylvania-rally,Trump says he was 'shot with a bullet' in assassination attempt at Pennsylvania rally,politics
https://www.foxnews.com/official-polls/fox-news-poll-new-matchup-same-result-trump-bests-harris-one-point.print,"Fox News Poll: New matchup, same result — Trump bests Harris by one point",official-polls
https://www.foxnews.com/politics/kamala-harris-ice-kkk-senate-hearing,Flashback: Kamala Harris compared ICE to KKK in Senate hearing,politics
https://www.foxnews.com/politics/republican-aiming-flip-key-senate-seat-dark-blue-state-deadlocked-democrat-poll,New poll reveals Republican Senate candidate deadlocked with Dem in crucial deep blue state,politics
https://www.foxnews.com/politics/supreme-court-overturns-roe-v-wade-dobbs-v-jackson-womens-health-organization,Supreme Court overturns Roe v. Wade in landmark abortion decision,politics
https://www.foxnews.com/opinion/david-marcus-kamala-harris-can-no-longer-hide-from-her-dangerous-stance-men-playing-girls-sports.print,DAVID MARCUS: Kamala Harris can no longer hide from her dangerous stance on men playing in girls' sports,opinion
https://www.foxnews.com/entertainment/sydney-sweeney-tackles-glen-powell-affair-rumors-saturday-night-live,Sydney Sweeney tackles Glen Powell affair rumors on 'Saturday Night Live',entertainment
https://www.foxnews.com/sports/hulk-hogan-suggest-he-willing-body-slam-us-vice-president-kamala-harris,Hulk Hogan suggests he is willing to 'body-slam' US Vice President Kamala Harris,sports
https://www.foxnews.com/entertainment/lori-loughlin-mossimo-giannulli-officially-plead-guilty-in-college-admissions-scandal-case,"Lori Loughlin, Mossimo Giannulli officially plead guilty in college admissions scandal case",entertainment
https://www.foxnews.com/sports/nfl-legend-troy-aikman-rips-lazy-cowboys-wide-receivers-after-blowout-loss,NFL legend Troy Aikman rips 'lazy' Cowboys wide receivers after blowout loss,sports
https://www.foxnews.com/entertainment/taylor-swift-eras-tour-leaves-us-months-making-history-causing-chaos.print,Taylor Swift's Eras Tour leaves US after months of making history and causing chaos,entertainment
https://www.foxnews.com/sports/utah-state-becomes-4th-school-forfeit-womens-volleyball-match-amid-san-jose-state-trans-player-controversy,Utah State is fourth school to forfeit women's volleyball match amid San Jose State trans player controversy,sports
https://www.foxnews.com/health/hurricane-effects-pose-tremendous-health-hazards-americans-doctor-warns,"Hurricane effects pose 'tremendous' health hazards for Americans, doctor warns",health
https://www.foxnews.com/politics/ex-law-enforcement-officials-warn-bidens-menthol-cigarette-ban-create-vacuum-mexican-cartels,Ex-law enforcement officials warn Biden's menthol cigarette ban could 'create a vacuum' for Mexican cartels,politics
https://www.foxnews.com/media/nra-accuses-meta-election-interference-after-labeling-posts-hitting-harris-false-information.print,NRA accuses Meta of 'election interference' after labeling posts hitting Harris 'false information',media
https://www.foxnews.com/travel/france-2nd-mini-statue-liberty-nyc-july-washington-dc.print,"France is sending a new Statue of Liberty to the US for July 4, but this time it's mini",travel
https://www.foxnews.com/entertainment/olivia-rodrigo-reunites-ex-joshua-bassett-drivers-license-inspiration.print,Olivia Rodrigo reunites with rumored ex Joshua Bassett for first time since breakup hit 'Drivers License',entertainment
https://www.foxnews.com/lifestyle/on-this-day-history-sept-22-1862-abraham-lincoln-proclaims-slaves-soon-forever-free.print,"On this day in history, September 22, 1862, Abraham Lincoln proclaims slaves will soon be 'forever free'",lifestyle
https://www.foxnews.com/travel/abandoned-luxury-hotel-florida-set-reopen-17-years,Abandoned luxury hotel in Florida will reopen after 17 years,travel
https://www.foxnews.com/entertainment/simon-cowell-lauren-silverman-engaged,"Simon Cowell, Lauren Silverman engaged nearly 8 years after welcoming son",entertainment
https://www.foxnews.com/world/i-will-be-haunted-forever-israels-horrific-video-hamas-atrocities-leaves-viewers-shocked-sickened,'I will be haunted forever’: Israel’s horrific video of Hamas atrocities leaves viewers shocked and sickened,world
https://www.foxnews.com/politics/popular-pa-democratic-mayor-warns-trump-out-messaging-harris-fringes-hurting-parties,Popular PA Democratic mayor warns Trump is ‘out-messaging’ Harris: 'I get more from Colbert',politics
https://www.foxnews.com/lifestyle/this-day-history-sept-23-1806-lewis-clark-return-st-louis-heroes,"On this day in history, September 23, 1806, Lewis and Clark return to St. Louis as heroes after journey",lifestyle
https://www.foxnews.com/opinion/trumps-brilliant-tax-free-tips-plan.print,All the reasons why Trump's tax-free tips plan is brilliant,opinion
https://www.foxnews.com/sports/sean-paytons-broncos-take-advantage-depleted-saints-roster-head-coachs-return-new-orleans,Sean Payton's Broncos take advantage of depleted Saints roster in head coach's return to New Orleans,sports
https://www.foxnews.com/politics/former-leader-walzs-battalion-publishes-scathing-message-aimed-governors-military-career-report,Former leader of Walz's battalion publishes scathing message aimed at governor's military career: Report,politics
https://www.foxnews.com/politics/trump-vows-cut-business-tax-rate-15-create-government-efficiency-commission-led-elon-musk,"Trump vows to cut business tax rate to 15%, create government efficiency commission led by Elon Musk",politics
https://www.foxnews.com/lifestyle/jack-carrs-take-1983-beirut-marine-barracks-terror-40-years-salvo-war,Jack Carr's take on the 1983 Beirut Marine barracks terror attack 40 years ago: 'Opening salvo in a new war',lifestyle
https://www.foxnews.com/politics/fema-has-funds-needed-immediate-response-recovery-despite-mayorkas-warning,"FEMA has funds needed for 'immediate response and recovery,' despite Mayorkas' warning",politics
https://www.foxnews.com/politics/iran-tried-influence-election-sending-stolen-material-from-trump-campaign-bidens-camp-fbi-says.print,"Iran tried to influence election by sending stolen material from Trump campaign to Biden’s camp, FBI says",politics
https://www.foxnews.com/media/jd-vance-change-heart-trump-politicians-shouldnt-try-hide-past-stances,JD Vance on his 'change of heart' for Trump: Politicians shouldn't 'try to hide' from their past stances,media
https://www.foxnews.com/politics/pennsylvania-republicans-to-draft-bill-diverting-illegal-immigrants-from-secretive-biden-dhs-flights-to-delawa,Pennsylvania Republicans to draft bill to relocate migrants on Biden DHS flights to Delaware,politics
https://www.foxnews.com/sports/trump-arrives-alabama-georgia-game-chants-usa-four-more-years,"Trump arrives at Alabama-Georgia game to chants of 'USA,' 'Four more years'",sports
https://www.foxnews.com/travel/greece-impose-tax-cruise-visitors-popular-islands-combat-overtourism,Greece to impose tax for cruise visitors on popular islands to combat overtourism,travel
https://www.foxnews.com/us/missing-texas-mom-luxury-real-estate-agent-seen-last-photo-before-disappearance-family-fears-worst,"Missing Texas mom, luxury real estate agent seen in last photo before disappearance as family fears worst",us
https://www.foxnews.com/politics/john-kerry-targets-agriculture-part-climate-crusade,John Kerry targets agriculture as part of climate crusade,politics
https://www.foxnews.com/media/trump-says-he-surprised-vp-kamala-harris-skipped-al-smith-dinner-terrible-decision.print,Trump says he was 'surprised' VP Kamala Harris skipped Al Smith dinner: 'Terrible decision',media
https://www.foxnews.com/us/delaware-man-stole-11k-worth-cigarettes-walgreens-state-police,Delaware man stole $11K worth of cigarettes from Walgreens: state police,us
https://www.foxnews.com/travel/3-american-cities-history-buffs-patriotic-travelers-this-summer,3 great American cities for history buffs and patriotic travelers this summer,travel
https://www.foxnews.com/politics/harris-led-office-atf-stonewalling-probe-collusion-anti-gun-group-lawsuit-house-oversight-chair,"Harris-led office, ATF stonewalling probe into 'collusion' with anti-gun group lawsuit: House Oversight chair",politics
https://www.foxnews.com/lifestyle/st-augustine-oldest-city-united-states,"Intricacies of St Augustine, the oldest city in the United States",lifestyle
https://www.foxnews.com/politics/biden-admin-convenes-legal-experts-protecting-womens-reproductive-health-supreme-court-ruling.print,Biden admin convenes legal experts on protecting women's reproductive health after Supreme Court ruling,politics
https://www.foxnews.com/politics/florida-supreme-court-approves-abortion-ballot-initiative-upholding-15-week-ban,Florida Supreme Court approves abortion ballot initiative while upholding 15-week ban,politics
https://www.foxnews.com/us/hurricane-helene-wreaks-havoc-across-asheville-nc-national-guard-deployed-119-rescued,"Hurricane Helene wreaks havoc across Asheville, NC; National Guard deployed, 119 rescued",us
https://www.foxnews.com/politics/johnson-dhs-migrant-releases-gop-border-crisis,"Johnson grills DHS on migrant releases, as GOP pressure builds on border crisis",politics
https://www.foxnews.com/world/who-is-noa-argamani-woman-kidnapped-hamas-terrorists-trance-music-festival-israel,Who is Noa Argamani? Woman kidnapped by Hamas terrorists at trance music festival in Israel,world
https://www.foxnews.com/media/rep-swalwell-labels-trump-vance-ticket-weird-creepy-line-echoed-media-24-karat-creep,Rep. Swalwell labels Trump-Vance ticket 'weird' and 'creepy' in line echoed by media: '24 karat creep',media
https://www.foxnews.com/faith-values/archbishop-canterbury-condemns-gay-marriage-anglican-bishops-remain-divided,"Archbishop of Canterbury condemns gay marriage, but Anglican bishops remain divided",faith-values
https://www.foxnews.com/lifestyle/bedding-picks-keep-you-warm.print,Stay toasty with these 8 bedding picks that will keep you warm all winter long,lifestyle
https://www.foxnews.com/media/cnn-brian-stelter-andrew-cuomo-sexual-harassment-scandal,CNN's Brian Stelter forced to address Cuomo sex scandal after network delayed coverage of first accuser,media
https://www.foxnews.com/entertainment/taylor-swift-new-music-scared-seemingly-possessed-piano-during-eras-tour,Taylor Swift announces new music after being scared by seemingly possessed piano during Eras Tour,entertainment
https://www.foxnews.com/politics/louisiana-classifies-abortion-drugs-controlled-dangerous-substances-gov-landry-greenlights-proposal,"Louisiana classifies abortion drugs as controlled, dangerous substances after Gov. Landry greenlights proposal",politics
https://www.foxnews.com/politics/congress-expects-emergency-spending-measure-replace-baltimore-bridge-after-collapse,Congress expected to consider emergency spending measure to replace Baltimore bridge after collapse,politics
https://www.foxnews.com/politics/biden-host-virtual-meeting-governors-protect-womens-reproductive-health-abortion-ruling,Biden to host virtual meeting with governors to 'protect women's reproductive health' after abortion ruling,politics
https://www.foxnews.com/politics/harris-trump-showdown-new-polls-indicate-who-has-edge-blue-wall-battle,Harris-Trump showdown: New polls indicate who has the edge in the Blue Wall battle,politics
https://www.foxnews.com/media/view-co-host-joy-behar-begs-republicans-vote-democratic-party-just-one-time.print,'The View' co-host Joy Behar begs Republicans to vote for Democratic Party: 'Just do it this one time',media
https://www.foxnews.com/entertainment/oppenheimer-stars-matt-damon-emily-blunt-neighbors,"‘Oppenheimer’ stars Matt Damon, Emily Blunt on being neighbors and the one thing they'll never do together",entertainment
https://www.foxnews.com/us/oklahoma-city-outlaw-biker-boss-jumped-killed-nearly-year-to-day-after-texas-gunfight,"Oklahoma City outlaw biker boss jumped, killed nearly year to day after Texas gunfight",us
https://www.foxnews.com/us/new-york-ms-13-little-devil-convicted,New York MS-13's 'Little Devil' convicted in ambush murder of 4 young men,us
https://www.foxnews.com/politics/why-jd-vance-concentrating-three-states-red-wall-november,Why JD Vance is concentrating on these 3 states: 'Red wall in November',politics
https://www.foxnews.com/us/acting-secret-service-director-tells-lawmakers-site-trump-assassination-attempt-problematic,Acting Secret Service director briefs lawmakers on Trump assassination attempt ahead of public report,us
https://www.foxnews.com/health/ask-doctor-why-keep-eating-foods-know-bad-me,Ask a doctor: ‘Why do I keep eating foods that I know are bad for me?’,health
https://www.foxnews.com/us/alabama-executes-man-killed-5-drug-fueled-rampage.print,Alabama executes man who killed 5 in drug-fueled rampage,us
https://www.foxnews.com/us/north-carolina-mom-4-swept-up-hurricane-helene-flooding-front-husband-8-year-old-son,"North Carolina mom of 4 swept up by Hurricane Helene flooding in front of husband, 8-year-old son",us
https://www.foxnews.com/world/netanyahu-says-security-gaza-critical-stop-hamas-smuggling-hostages-iran-lost-forever,Netanyahu says security in Gaza is critical to stop Hamas smuggling hostages into Iran: 'lost forever',world
https://www.foxnews.com/sports/wwe-legend-hulk-hogan-has-super-bowl-aspirations-lions-after-surprise-camp-visit-i-predict-greatness,WWE legend Hulk Hogan has Super Bowl aspirations for Lions after surprise camp visit: 'I predict greatness',sports
https://www.foxnews.com/politics/top-handicapper-gives-gops-tim-sheehy-edge-against-democrat-jon-tester-montana-race-shift.print,Top handicapper gives GOP's Tim Sheehy edge against Democrat Jon Tester in Montana race shift,politics
https://www.foxnews.com/opinion/youll-laugh-msnbc-brought-whine-about-trumps-alleged-affair,You’ll laugh at who MSNBC brought to whine about Trump’s alleged affair,opinion
https://www.foxnews.com/politics/top-new-york-republican-scorches-state-dems-effort-ban-gas-stoves-attack-working-people,Top New York Republican scorches state Dems' effort to ban gas stoves: 'An attack on working people',politics
https://www.foxnews.com/media/biden-praises-florida-gov-ron-desantis-very-gracious-amid-hurricane-relief-effort.print,Biden praises Florida Gov. Ron DeSantis as ‘very gracious’ amid hurricane relief effort,media
https://www.foxnews.com/media/kamala-harris-getting-overwhelmingly-positive-media-coverage-since-emerging-nominee-study,Kamala Harris getting overwhelmingly positive media coverage since emerging as nominee: Study,media
https://www.foxnews.com/politics/tightest-race-since-2000-harris-trump-showdown-final-stretch-until-election-day,'Tightest race since 2000': Harris-Trump showdown hits final stretch until Election Day,politics
https://www.foxnews.com/entertainment/tyra-banks-defends-olivia-jade-dancing-with-the-stars,Tyra Banks defends Olivia Jade being on 'Dancing with the Stars' Season 30,entertainment
https://www.foxnews.com/media/fetterman-reams-ny-times-platforming-terrorist-propaganda-after-interview-senior-hamas-official,Fetterman reams out NY Times for platforming terrorist propaganda after interview with senior Hamas official,media
https://www.foxnews.com/media/harris-dodges-question-lowering-prices-describing-middle-class-roots-neighbors-proud-lawn.print,Harris dodges question on lowering prices by describing 'middle-class' roots: Neighbors 'proud of their lawn',media
https://www.foxnews.com/politics/reports-biden-white-house-sharing-sensitive-hamas-intel-draws-outrage,Reports of Biden White House keeping 'sensitive' Hamas intel from Israel draws outrage,politics
https://www.foxnews.com/travel/airline-passengers-awkward-seating-arrangement-goes-viral-never-going-recover,Airline passenger's 'awkward' seating arrangement goes viral: 'Never going to recover',travel
https://www.foxnews.com/politics/biden-admins-fema-equity-plan-backlash-historic-hurricane-damage-embarrassment,Biden admin's FEMA 'equity' plan faces backlash amid historic hurricane damage: 'What an embarrassment',politics
https://www.foxnews.com/health/stiff-person-syndrome-patients-share-like-live-disease,Stiff person syndrome patients share what it’s like to live with the rare disease,health
https://www.foxnews.com/media/harris-campaign-distances-itself-from-60-minutes-edit-we-do-not-control-cbss-production-decisions.print,Harris campaign distances itself from ’60 Minutes’ edit: ‘We do not control CBS's production decisions’,media
https://www.foxnews.com/us/anti-israel-mob-rebrands-iconic-hamilton-hall-following-insurrection-columbia,Anti-Israel mob rebrands iconic Hamilton Hall following insurrection at Columbia,us
https://www.foxnews.com/media/bill-maher-trump-right-dangerous-rhetoric-aimed-him-but-he-threat-democracy,"Bill Maher: Trump is 'right' about the dangerous rhetoric aimed at him, 'but he is a threat to democracy!'",media
https://www.foxnews.com/sports/kentucky-derby-most-memorable-races-history,11 monumental Kentucky Derby moments from years past,sports
https://www.foxnews.com/politics/kamala-harris-campaign-criticizes-trump-serving-self-obsessed-rich-guys-after-interview-elon-musk,Kamala Harris' campaign criticizes Trump for serving 'self-obsessed rich guys' after interview with Elon Musk,politics
https://www.foxnews.com/politics/lake-rips-biden-harris-double-whammy-policies-affecting-arizonans-driven-us-over-the-cliff,Lake rips Biden-Harris 'double whammy' policies affecting Arizonans : 'Driven us over the cliff',politics
https://www.foxnews.com/politics/north-carolina-becomes-latest-state-pass-bill-banning-trans-athletes-girls-sports-teams.print,North Carolina becomes latest state to pass bill banning trans athletes from girls' sports teams,politics
https://www.foxnews.com/media/ex-obama-adviser-axelrod-argues-trump-incumbent-race-harris-turn-page-candidate.print,"Ex-Obama adviser Axelrod argues Trump is incumbent in the race, Harris is 'turn the page' candidate",media
https://www.foxnews.com/politics/hardline-gop-effort-decentralize-senate-leader-authority-dashed-mcconnell-ally.print,Hard-line GOP effort to decentralize Senate leader authority dashed by McConnell ally,politics
https://www.foxnews.com/politics/new-york-republican-co-sponsors-bill-defending-ivf-treatment,New York Republican co-sponsors bill defending IVF treatment,politics
https://www.foxnews.com/politics/hispanic-voters-rail-against-dishonest-biden-harris-border-record-poll-shows-trump-gaining-key-states,Hispanic voters rail against 'dishonest' Biden-Harris border record as poll shows Trump gaining in key states,politics
https://www.foxnews.com/politics/first-potentially-only-presidential-debate-between-harris-trump-being-held-crucial-battleground,First and potentially only presidential debate between Harris and Trump being held in crucial battleground,politics
https://www.foxnews.com/travel/historical-time-capsule-containing-letter-president-coolidge-unveiled-national-wwi-museum,Historical time capsule containing letter from President Coolidge unveiled at National WWI Museum,travel
https://www.foxnews.com/world/russia-says-ukrainian-intel-chief-responsible-crimea-bridge-attack-increasing-assassination-risk,"Russia says Ukrainian intel chief responsible for Crimea bridge attack, increasing assassination risk",world
https://www.foxnews.com/politics/would-be-trump-assassin-explosives-car-parked-near-rally-bomb-making-materials-home-reports.print,"Would-be Trump assassin had explosives in car parked near rally, bomb making materials at home: sources",politics
https://www.foxnews.com/us/tennessee-school-shooting-what-know-about-covenant-school-nashville,Tennessee school shooting: What to know about Covenant School in Nashville,us
https://www.foxnews.com/sports/kentucky-derby-what-know-first-leg-horse-racings-triple-crown,Kentucky Derby 2023: What to know about the first leg of horse racing's Triple Crown,sports
https://www.foxnews.com/lifestyle/artist-american-flag-greatest-country-world.print,Artist reveals painting of our American flag in 'the greatest country in the world',lifestyle
https://www.foxnews.com/politics/harris-finally-adds-policy-page-campaign-website-devotes-several-sections-trump,"Harris finally adds policy page to campaign website, devotes several sections to Trump",politics
https://www.foxnews.com/media/kamala-harris-latest-word-salad-honors-women-made-history-throughout-history-womens-history-month,Kamala Harris' latest word salad honors 'women who made history throughout history' for Women's History Month,media
https://www.foxnews.com/lifestyle/planning-vacation-experts-workers-think,Planning a 2-week vacation getaway? Experts say workers should think again,lifestyle
https://www.foxnews.com/world/iran-spouts-propaganda-from-un-podium-calls-middle-east-unite-behind-tehran,"Iran spouts 'propaganda' from UN podium, calls on Middle East to unite behind Tehran",world
https://www.foxnews.com/travel/us-record-breaking-roller-coasters,"Record-breaking roller coasters that are the highest, fastest, longest, steepest, most expensive in the US",travel
https://www.foxnews.com/politics/senate-votes-overturn-biden-eco-regulation-teeing-up-another-likely-veto.print,"Senate votes to overturn Biden eco regulation, teeing up another likely veto",politics
https://www.foxnews.com/politics/harris-claims-trump-one-biggest-losers-ever-economy-speech,Harris calls Trump 'one of the biggest losers ever' during economy speech in key battleground,politics
https://www.foxnews.com/media/media-ramped-effort-tie-trump-project-2025-following-biden-debate-disaster-harris-embraces-attack,"Media ramped up effort to tie Trump to Project 2025 following Biden debate disaster, Harris embraces attack",media
https://www.foxnews.com/media/democrats-privately-concerned-biden-campaign-doomed-worry-trump-win-blue-states-report.print,"Democrats privately concerned Biden campaign is 'doomed,' worry Trump may even win blue states: report",media
https://www.foxnews.com/media/abcs-linsey-davis-raises-eyebrows-abortion-fact-check-against-trump.print,ABC’s Linsey Davis raises eyebrows with abortion fact-check against Trump: 'Completely interjects herself',media
https://www.foxnews.com/sports/scotus-strikes-down-biden-harris-title-ix-change-some-argued-would-let-men-womens-sports.print,Supreme Court strikes down Biden-Harris Title IX change that some argued would allow men in women's sports,sports
https://www.foxnews.com/us/california-banning-another-popular-plastic-bag-grocery-stores,California banning another popular plastic bag from all grocery stores,us
https://www.foxnews.com/media/kamala-harris-wont-say-whether-biden-admin-has-any-sway-over-israeli-pm-netanyahu,Kamala Harris won't say whether Biden admin has any 'sway' over Israeli PM Netanyahu,media
https://www.foxnews.com/media/nyt-msnbc-pbs-journalists-pressed-how-covered-bidens-age-we-probably-need-do-soul-searching.print,"NYT, MSNBC, PBS journalists pressed on how they covered Biden's age: We probably need to do 'soul-searching'",media
https://www.foxnews.com/media/rachel-maddow-defends-msnbcs-refusal-air-trumps-iowa-victory-speech-not-spite,Rachel Maddow defends MSNBC's refusal to air Trump's Iowa victory speech: ‘Not out of spite’,media
https://www.foxnews.com/politics/trump-greets-netanyahu-mar-a-lago-says-world-war-iii-could-happen-harris-wins,"Trump greets Netanyahu at Mar-a-Lago, says World War III could happen if Harris wins",politics
https://www.foxnews.com/media/kamala-harris-supporters-struggle-list-policy-accomplishments-during-her-time-politics,Kamala Harris supporters unsure when asked about VP's policy accomplishments,media
https://www.foxnews.com/media/kimmel-pokes-fun-walz-after-interview-gaffe-about-waking-up-november-6-madam-president,Kimmel pokes fun at Walz after interview gaffe about 'waking up on November 6 with Madam President',media
https://www.foxnews.com/entertainment/charlie-sheen-reacts-daughter-sami-sheen-joining-onlyfans,"Charlie Sheen reacts to daughter Sami Sheen, 18, joining OnlyFans: ‘This did not occur under my roof’",entertainment
https://www.foxnews.com/lifestyle/nashville-hot-chicken-conquers-america-tennessee-tradition-popularity,Nashville hot chicken conquers America: Tennessee tradition has exploded in popularity,lifestyle
https://www.foxnews.com/media/harris-campaign-refuses-sign-off-muted-mic-debate-rules-still-in-discussions-abc,Harris campaign refuses to sign off on muted mic debate rules: Still 'in discussions' with ABC,media
https://www.foxnews.com/world/sinwars-removal-from-battlefield-significant-presents-opportunity-cease-fire-state-department-says,"Sinwar's removal from battlefield is ‘significant,’ presents opportunity for cease-fire, State Department says",world
https://www.foxnews.com/world/protests-erupt-santiago-power-outages-food-shortages-cuba-faces-economic-crisis,"Protests erupt in Santiago over power outages, food shortages as Cuba faces economic crisis",world
https://www.foxnews.com/entertainment/josh-radnor-talks-shedding-how-i-met-your-mother-character-new-music.print,"Josh Radnor talks shedding 'How I Met Your Mother' character, creating new music",entertainment
https://www.foxnews.com/official-polls/fox-news-poll-voters-think-harris-did-better-than-trump-debate.print,Fox News Poll: Voters think Harris did better than Trump in debate,official-polls
https://www.foxnews.com/politics/harris-once-boasted-behind-scenes-work-get-every-trans-inmate-access-gender-surgeries,Harris once boasted of 'behind the scenes' work to get 'every' trans inmate access to gender surgeries,politics
https://www.foxnews.com/us/apalachee-high-school-shooting-georgia-assistant-football-coach-who-taught-old-school-ways-among-dead,Apalachee High School shooting: Georgia assistant football coach who taught 'old-school ways' among the dead,us
https://www.foxnews.com/politics/texas-gov-abbott-reveals-which-3-issues-trump-focus-debate,Texas Gov. Abbott reveals which 3 issues Trump should focus on during debate: 'Let Harris talk',politics
https://www.foxnews.com/entertainment/taylor-swift-urges-super-tuesday-voters-head-polls,"Taylor Swift has message for Super Tuesday voters as Trump, Haley, Biden compete",entertainment
https://www.foxnews.com/politics/trump-rolls-out-2024-trade-policy-tax-china-build-up-america-reward-us-producers,"Trump rolls out 2024 trade policy that would 'tax China to build up America,' reward US producers",politics
https://www.foxnews.com/world/russia-transfers-heavy-military-equipment-crimea-fighting-intensifies-donetsk,Russia transfers heavy military equipment to Crimea as fighting intensifies in Donetsk,world
https://www.foxnews.com/lifestyle/meet-american-who-founded-pepperidge-farm.print,"Meet the American who founded Pepperidge Farm, baker and businessmom Margaret Rudkin",lifestyle
https://www.foxnews.com/us/father-georgia-high-school-shooting-suspect-told-investigators-son-had-problems-former-school,Father of Georgia high school shooting suspect told investigators son had 'problems' at former school,us
https://www.foxnews.com/politics/laken-riley-act-sponsor-blasts-bill-clintons-claim-about-georgia-students-death.print,Laken Riley Act sponsor blasts Bill Clinton's claim about Georgia student's death,politics
https://www.foxnews.com/lifestyle/the-jefferson-bible-spotlights-complex-faith-remarkable-intellect-founding-father,"'The Jefferson Bible' spotlights complex faith, remarkable intellect of Founding Father",lifestyle
https://www.foxnews.com/politics/gop-demands-trump-have-same-level-secret-service-protection-biden-after-2nd-assassination-attempt,GOP demands Trump have 'same level' Secret Service protection as Biden after 2nd assassination attempt,politics
https://www.foxnews.com/entertainment/doors-jim-morrison-paris-50th-anniversary-death,Doors fans remember Jim Morrison in Paris on 50th anniversary of his death,entertainment
https://www.foxnews.com/lifestyle/apples-vs-oranges-which-fruit-better-you,Apples vs. oranges: Which of these fruits is 'better' for you?,lifestyle
https://www.foxnews.com/entertainment/american-idol-judge-luke-bryan-shares-which-stars-have-been-in-talks-replace-katy-perry-hit-show,‘American Idol’ judge Luke Bryan shares which stars have been ‘in the talks’ to replace Katy Perry on hit show,entertainment
https://www.foxnews.com/lifestyle/this-day-history-august-15-entertainer-will-rogers-aviator-wiley-post-killed,"On this day in history, August 15, 1935, entertainer Will Rogers, aviator Wiley Post killed in plane crash",lifestyle
https://www.foxnews.com/media/hillary-clinton-blames-women-2016-election-loss-they-left-me,Hillary Clinton blames women for 2016 election loss: 'They left me',media
https://www.foxnews.com/entertainment/50-cent-voting-trump-over-biden-tax-plan,50 Cent says ‘vote for Trump’ in light of Biden's tax plan: 'IM OUT',entertainment
https://www.foxnews.com/food-drink/moviegoers-react-double-digit-price-beetlejuice-beetlejuice-themed-cocktail-thats-nuts.print,Moviegoers react to double-digit price of 'Beetlejuice Beetlejuice'-themed cocktail: 'That’s nuts',food-drink
https://www.foxnews.com/lifestyle/florida-woman-99-goes-viral-instagram-giving-piece-life-advice,"Florida woman, 99, goes viral on Instagram after giving this piece of life advice",lifestyle
https://www.foxnews.com/politics/speaker-johnson-rips-lack-leadership-biden-helene-response-alarmed-disappointed,Speaker Johnson rips ‘lack of leadership’ in Biden admin's Helene response: 'alarmed and disappointed',politics
https://www.foxnews.com/health/ear-infections-young-children-could-lead-delayed-speech-study-finds,"Ear infections in young children could lead to delayed speech for them, study finds",health
https://www.foxnews.com/travel/travelers-face-new-penalty-exceeding-baggage-limit-trains,Travelers could face new penalty for exceeding baggage limit on trains,travel
https://www.foxnews.com/opinion/massive-tax-increases-coming-second-biden-term,Here are the massive tax increases coming your way in a second Biden term,opinion
https://www.foxnews.com/politics/trump-announces-operation-aurora-target-illegal-immigrant-gang-members-colorado,Trump announces 'Operation Aurora' to target illegal immigrant gang members in Colorado,politics
https://www.foxnews.com/media/trumps-name-incorrectly-used-la-times-o-j-simpson-obituary-freud-lives,Trump's name 'incorrectly' used in LA Times' OJ Simpson obituary: 'Freud Lives',media
https://www.foxnews.com/lifestyle/halloween-decorations-costumes-trendy-year-halloweekend-celebrations,Halloween decorations and costumes that are trendy this year for 'Halloweekend celebrations',lifestyle
https://www.foxnews.com/politics/miltons-gone-political-storm-keeps-raging-over-federal-governments-hurricane-efforts,"Milton's gone, but the political storm keeps raging over federal government's hurricane efforts",politics
https://www.foxnews.com/politics/senate-gridlock-worsen-romney-sinema-manchin-retirements-experts,"Senate gridlock could worsen with Romney, Sinema, Manchin retirements: experts",politics
https://www.foxnews.com/sports/chargers-take-aim-chiefs-harrison-butker-schedule-release-video-depicting-kicker-kitchen,Chargers take aim at Chiefs’ Harrison Butker in schedule release video by depicting kicker in the kitchen,sports
https://www.foxnews.com/media/most-americans-hesitant-share-honest-opinions-key-political-issues-social-pressure-index,"Most Americans are hesitant to share their honest opinions on key political issues, Social Pressure Index says",media
https://www.foxnews.com/us/perp-walk-new-yorkers-shout-suspect-fatal-shooting-nypd-police-officer-now-faces-charges,"Perp walk: New Yorkers shout at suspect in fatal shooting of NYPD police officer, who now faces charges",us
https://www.foxnews.com/lifestyle/disney-alternative-provides-wholesome-family-faith-entertainment-that-missing-culture,Disney 'alternative’ provides wholesome family and faith entertainment that’s missing in today's culture,lifestyle
https://www.foxnews.com/us/nra-praises-court-order-striking-down-draconian-blue-states-handgun-law,NRA praises court order striking down ‘draconian’ blue state's handgun law,us
https://www.foxnews.com/us/georgia-school-shooting-investigators-zero-14-year-old-suspects-internet-history-past-expert,"Georgia school shooting investigators zero in on 14-year-old suspect’s internet history, past: expert",us
https://www.foxnews.com/politics/historian-predicted-election-1984-reveals-likely-win-trump-harris-matchup,Historian who predicted almost every election since 1984 reveals who is likely to win in Trump-Harris matchup,politics
https://www.foxnews.com/us/woke-california-prosecutor-ironically-charge-ethics-charged-felonies,'Woke' California prosecutor 'ironically in charge of ethics' charged with felonies,us
https://www.foxnews.com/entertainment/taylor-swifts-songs-reappear-tiktok-ahead-pop-stars-new-album-release-despite-dispute,Taylor Swift's songs reappear on TikTok ahead of pop star's new album release despite dispute,entertainment
https://www.foxnews.com/health/new-alzheimers-research-reveals-quiet-phase-disease-before-symptoms-appear,"New Alzheimer’s research reveals ‘quiet’ phase of the disease, before symptoms appear",health
https://www.foxnews.com/entertainment/gwyneth-paltrow-brad-pitt-sent-really-beautiful-gift,Gwyneth Paltrow reveals ex Brad Pitt recently sent her ‘really beautiful’ gift,entertainment
https://www.foxnews.com/entertainment/tom-cruise-harrison-ford-charlize-theron-suffer-brutal-injuries-risking-their-bodies-on-set,"Tom Cruise, Harrison Ford, Charlize Theron suffer brutal injuries risking their bodies on set",entertainment
https://www.foxnews.com/us/helene-like-bomb-went-off-florida-rep-kat-cammack-details-severe-hurricane-damage,Helene 'like a bomb went off': Florida Rep Kat Cammack details severe hurricane damage,us
https://www.foxnews.com/politics/new-mexico-county-commissioner-who-participated-in-jan-6-riot-loses-supreme-court-appeal,New Mexico county commissioner who participated in Jan 6 riot loses Supreme Court appeal,politics
https://www.foxnews.com/media/eric-trump-condemns-ny-set-up-father-built-nyc-skyline-this-his-thanks,Eric Trump condemns NY 'set-up': My father built NYC skyline and this is his thanks,media
https://www.foxnews.com/entertainment/john-lennon-final-days-1980-music-dakota,"John Lennon’s final days were blissful as he thrived on music, book says: ‘You can feel this positive emotion'",entertainment
https://www.foxnews.com/lifestyle/air-travel-made-better-20-rules-airplane-etiquette-no-one-ever-tells-you-should,Air travel made better: 20 rules of airplane etiquette no one ever tells you (but should),lifestyle
https://www.foxnews.com/us/aurora-police-react-alleged-venezuelan-gang-member-presence-apartments-have-not-taken-over.print,Aurora police react to alleged Venezuelan gang presence at apartments: 'Have not taken over',us
https://www.foxnews.com/world/cuba-protesters-demand-food-electricity-rubio-says-nation-verge-collapse-marxist-policies.print,"Cuba protesters demand food, electricity as Rubio says nation on ‘verge of collapse’ from Marxist policies",world
https://www.foxnews.com/politics/democratic-candidate-vicente-gonzalez-claims-mayra-flores-supporters-stole-texas-special-election,"Democratic candidate Vicente Gonzalez claims Mayra Flores, supporters 'stole' Texas special election",politics
https://www.foxnews.com/media/kamala-harris-support-arab-muslim-communities-michigan-tenuous-democratic-strategist,Kamala Harris’ support with Arab and Muslim communities in Michigan is ‘tenuous’: Democratic strategist,media
https://www.foxnews.com/media/james-carville-regrets-biden-running-worries-younger-generation-uninterested-politics,"James Carville regrets that Biden is running, worries younger generation uninterested in politics",media
https://www.foxnews.com/health/older-adult-women-caregivers-have-lower-death-rates-non-caregivers-study-finds-sense-purpose,"Older adult women caregivers have lower death rates than non-caregivers, study finds: ‘A sense of purpose’",health
https://www.foxnews.com/politics/trump-says-he-is-honored-invigorated-after-winning-iowa-caucuses-make-america-great-again.print,"Trump says he is 'honored,' 'invigorated' after winning Iowa caucuses: 'We want to Make America Great Again'",politics
https://www.foxnews.com/media/liberal-snl-takes-swipe-abcs-biased-presidential-debate-cold-open-duh,Liberal 'SNL' takes swipe at ABC's 'biased' presidential debate in cold open: 'Duh',media
https://www.foxnews.com/health/health-happiness-helping-others-parts-free-responsible-society-founding-fathers-taught.print,"Health, happiness and helping others are vital parts of free and responsible society, Founding Fathers taught",health
https://www.foxnews.com/entertainment/smokey-robinson-urges-vaccination-following-harrowing-covid-19-hospitalization,Smokey Robinson urges vaccination following harrowing COVID-19 hospitalization,entertainment
https://www.foxnews.com/lifestyle/meet-american-who-reported-first-sensational-ufo-encounters-puritan-leader-john-winthrop,"Meet the American who reported the first sensational UFO encounters, Puritan leader John Winthrop",lifestyle
https://www.foxnews.com/media/60-minutes-trump-axed-interview-demanding-apology-2020-sit-down-complained-fact-checks,"'60 Minutes' says Trump axed interview after demanding apology for 2020 sit-down, complained about fact-checks",media
https://www.foxnews.com/us/911-call-reveals-shock-utah-mommy-bloggers-alleged-child-abuse-shes-bad-lady,911 call reveals shock of Utah mommy bloggers' alleged child abuse: 'She's a bad lady',us
https://www.foxnews.com/sports/transgender-golfer-hailey-davidson-fires-back-massive-lie-hopes-earning-lpga-tour-card-increase.print,Transgender golfer Hailey Davidson fires back at 'massive lie' as hopes of earning LPGA Tour card increase,sports
https://www.foxnews.com/politics/trump-announces-may-fundraising-following-massive-post-verdict-haul.print,Trump verdict fires up the donor class leading to massive May fundraising haul,politics
https://www.foxnews.com/politics/kamala-harris-said-she-could-walk-into-home-legal-gun-owner-inspection,Kamala Harris once said police could pay surprise visits to legal gun owners' homes for safe storage checks,politics
https://www.foxnews.com/lifestyle/ahead-sept-11-2023-washington-pastor-urges-remember-loved-ones-find-peace-purpose,"Ahead of Sept. 11, 2023, Washington pastor urges, 'Remember our loved ones' and 'find peace and purpose'",lifestyle
https://www.foxnews.com/us/rachel-morin-murder-maryland-police-discuss-potential-suspect-womans-mysterious-death.print,"Rachel Morin murder: Maryland police tie crime scene DNA to Los Angeles assault, home invasion",us
https://www.foxnews.com/lifestyle/back-to-school-numbers-key-stats-students-teachers-school-year,"Back-to-school by the numbers: Key stats about students, teachers and the school year",lifestyle
https://www.foxnews.com/us/sanctuary-citys-policies-push-violent-migrant-gang-suburbs-nationwide-problem,Sanctuary city's policies push violent migrant gang into suburbs: 'It's a nationwide problem',us
"https://www.foxnews.com/media/former-clinton-aide-paul-begala-warns-walls-closing-in-biden-campaign#&_intcmp=fnhptb_blue_BIDEN%20ON%20THE%20BRINK_1_1,hp1bt",Former Clinton aide Paul Begala warns 'walls are closing in' on Biden campaign,media
https://www.foxnews.com/politics/voters-obamas-backyard-weigh-dangerous-kamala-2024-race-im-trump-fan,Voters in Obama's backyard weigh in on 'dangerous' Kamala and 2024 race: 'I'm a Trump fan',politics
https://www.foxnews.com/lifestyle/grand-ole-opry-us-military-salute-troops-memorial-day,Grand Ole Opry honors US military at Salute the Troops event ahead of Memorial Day,lifestyle
https://www.foxnews.com/lifestyle/this-day-history-feb-23-1945-us-marines-raise-american-flag-over-iwo-jima,"On this day in history, February 23, 1945, US Marines raise American flag on Iwo Jima, seen in stunning photo",lifestyle
https://www.foxnews.com/us/ice-captures-2-suspected-venezuelan-gang-members-connection-nypd-assault,ICE captures 2 suspected Venezuelan gang members in connection with NYPD assault,us
https://www.foxnews.com/politics/becerra-federal-gov-looking-helping-women-cross-state-lines-abortions,Becerra: Federal gov 'looking into' helping women cross state lines for abortions,politics
https://www.foxnews.com/entertainment/demi-moore-says-ex-bruce-willis-stable-place-amid-dementia-battle-treasure-time-we-all-share,Bruce Willis' ex-wife Demi Moore shares update on actor's condition as he battles dementia,entertainment
https://www.foxnews.com/politics/what-would-president-pritzker-do-immigration-border-crisis,"What would a President Pritzker do on immigration, border crisis?",politics
https://www.foxnews.com/us/texas-woman-robbed-gunpoint-ritzy-neighborhood-4-venezuelan-illegal-immigrants-gang-ties.print,"Texas woman robbed, pistol-whipped in ritzy Dallas area by illegal Venezuelan migrants with gang ties: report",us
https://www.foxnews.com/politics/trump-says-hell-testify-at-nyc-hush-money-trial-i-tell-the-truth,'I tell the truth': Trump says he'll testify at hush money trial as judge rejects last minute plea,politics
https://www.foxnews.com/media/ob-gyns-decry-fearmongering-about-georgias-abortion-laws-the-lies-hurting-women.print,OB-GYNs decry the 'fearmongering' about Georgia's abortion laws: 'The lies are hurting women',media
https://www.foxnews.com/world/international-criminal-court-20-years-billions-spent-limited-success-us-considers-sanctions,"International Criminal Court: 20 years, billions spent, limited success as US considers sanctions",world
https://www.foxnews.com/politics/trump-support-republican-businessman-looking-flip-wisconsin-senate-seat-go-win,Trump throws support behind Republican businessman looking to flip Wisconsin Senate seat: 'Go out and win',politics
https://www.foxnews.com/politics/tim-walz-said-he-went-china-dozens-times-now-his-campaign-says-its-closer-15.print,"Tim Walz said he went to China 'dozens' of times, now his campaign says its 'closer to 15'",politics
https://www.foxnews.com/politics/biden-us-lawmakers-praise-death-hamas-leader-yahya-sinwar-israel-the-world-safer-place.print,"Biden, US lawmakers praise death of Hamas leader Yahya Sinwar by Israel: 'The world is a safer place'",politics
https://www.foxnews.com/politics/baltimore-bridge-collapse-congressional-leaders-considering-federal-assistance,Baltimore bridge collapse: Congressional leaders considering federal assistance,politics
https://www.foxnews.com/entertainment/bruce-willis-holds-family-tight-thanksgiving-battling-dementia,Bruce Willis holds family tight during Thanksgiving while battling dementia,entertainment
https://www.foxnews.com/politics/judge-rules-montana-law-defining-sex-only-male-female-unconstitutional,Judge rules Montana law defining sex as only male or female is unconstitutional,politics
https://www.foxnews.com/health/supercharge-immune-system-10-foods,Supercharge your immune system with these 10 foods,health
https://www.foxnews.com/entertainment/man-arrested-morgan-wallen-concert-making-terrorist-threat-against-kansas-city-chiefs-stars,Man arrested at Morgan Wallen concert for allegedly making 'terrorist threat' against Kansas City Chiefs stars,entertainment
https://www.foxnews.com/us/columbia-anti-israel-agitators-reach-crescendo-intimidation-school-suffers-latest-black-eye,Columbia anti-Israel agitators to reach ‘crescendo of intimidation’ as school suffers latest black eye,us
https://www.foxnews.com/media/asheville-residents-battling-aftermath-hurricane-helene-after-deadly-flooding-landslides-apocalyptic.print,"Asheville residents battling 'apocalyptic' aftermath of Hurricane Helene after deadly flooding, landslides",media
https://www.foxnews.com/live-news/democratic-national-convention-august-22-2024,Kamala Harris formally accepts Democratic nomination at DNC,live-news
https://www.foxnews.com/world/ukraine-defense-minister-confident-can-replenish-troops-need-weapons-equipment-from-allies,"Ukraine defense minister confident can replenish troops but in need of weapons, equipment from allies",world
https://www.foxnews.com/media/tim-walzs-selection-harris-running-mate-draws-skepticism-even-among-anti-trump-figures,"Tim Walz's selection as Harris running mate draws skepticism, even among anti-Trump figures",media
https://www.foxnews.com/politics/dems-look-force-votes-emergency-abortion-abortion-pill-deaths-make-headlines,Dems look to force votes on emergency abortion as abortion pill deaths make headlines,politics
https://www.foxnews.com/media/don-lemon-dropped-by-x-claims-elon-musk-retaliated-over-their-interview,"Don Lemon dropped by X, claims Elon Musk retaliated over their interview: He's 'mad at me'",media
https://www.foxnews.com/media/cnn-producer-minors-sex-details,Charges against CNN producer accused of inducing minors for sex reveal lewd details,media
https://www.foxnews.com/politics/harris-does-about-face-several-far-left-policies-distances-herself-from-biden,"Harris does about-face on several far-left policies, distances herself from Biden",politics
https://www.foxnews.com/us/trump-claims-any-jew-votes-democrat-hates-religion-schumer-speech-senate-floor,Trump claims any Jew who votes Democrat 'hates their religion' after Schumer speech on Senate floor,us
https://www.foxnews.com/media/reporter-msnbc-immigrants-not-angry-desantis-thanking-marthas-vineyard-flight,"Reporter on MSNBC says migrants 'not angry at DeSantis,' but are thanking him for Martha's Vineyard flight",media
https://www.foxnews.com/politics/new-poll-shows-harris-trump-splitting-key-states,"New poll shows Harris, Trump splitting 2 key states",politics
https://www.foxnews.com/politics/9-11-survivors-suffering-from-health-complications-completely-left-out-controversial-plea-deal,9/11 survivors with potentially fatal illnesses left out of controversial plea deal talks: attorneys,politics
https://www.foxnews.com/media/jd-vance-calls-out-kamala-harris-bizarre-answers-bret-baier-something-pathological-going-on.print,JD Vance calls out Kamala Harris' 'bizarre' answers to Bret Baier: 'Something pathological going on',media
https://www.foxnews.com/tech/elon-musk-unveils-teslas-robovan-robotaxi-humanoid-robots,"Elon Musk unveils Tesla's Robovan, Robotaxi, humanoid robots",tech
https://www.foxnews.com/health/reduce-dementia-risk-seniors-should-take-outdoor-activity-study-suggests.print,"To reduce dementia risk, seniors should take up this outdoor activity, study suggests",health
https://www.foxnews.com/us/collapsed-francis-scott-key-bridge-detonated-help-free-ship-from-port-of-baltimore,Collapsed Francis Scott Key Bridge detonated to help free ship from Port of Baltimore,us
https://www.foxnews.com/politics/2024-cash-dash-harris-fundraising-surge-more-than-doubles-trumps-haul-last-month,2024 Cash Dash: Harris fundraising surge more than doubles Trump's haul last month,politics
https://www.foxnews.com/politics/biden-admin-takes-aim-hunters-latest-regulation-preventing-americans-from-hunting,Biden admin takes aim at hunters in latest regulation: 'Preventing Americans from hunting',politics
https://www.foxnews.com/us/rittenhouse-judge-bars-msnbc-from-courtroom-trailing-jury-bus,Rittenhouse judge bans MSNBC from courtroom after person accused of trailing jury bus,us
https://www.foxnews.com/lifestyle/crisis-college-campuses-what-university-presidents-learn-founding-fathers.print,Crisis on college campuses: What university presidents can learn from the Founding Fathers,lifestyle
https://www.foxnews.com/politics/buttigieg-faces-grilling-harris-immigration-record-lets-get-real,Buttigieg faces grilling on Harris’ immigration record: ‘Let’s get real’,politics
https://www.foxnews.com/world/north-korea-unveils-daughter-kim-jong-un-missile-launch,North Korea unveils daughter of Kim Jong Un at missile launch site,world
https://www.foxnews.com/us/snow-impacts-western-nc-mountain-towns-recovering-hurricane-helene-coldest-air-season-far,Snow impacts western NC mountain towns recovering from Hurricane Helene: 'Coldest air of the season so far',us
https://www.foxnews.com/us/illegal-masterminds-nyc-robbery-ring-hacked-bank-apps-resold-stolen-phones-overseas,"Illegal masterminds of NYC robbery ring hacked bank apps, resold stolen phones overseas",us
https://www.foxnews.com/us/rachel-morins-family-slams-biden-harris-silence-over-her-murder-allegedly-committed-illegal-migrant,Rachel Morin's family slams Biden-Harris for silence over her murder allegedly committed by illegal migrant,us
https://www.foxnews.com/politics/nra-legal-fight-against-woke-prosecutor-alleged-roadmap-abuse,NRA digs in for legal fight against woke prosecutor over alleged 'roadmap' of abuse,politics
https://www.foxnews.com/health/ozempic-push-seniors-doctors-say-more-people-age-65-should.print,Ozempic push for seniors? Some doctors say more people age 65 and over should be on it,health
https://www.foxnews.com/politics/fox-news-power-rankings-biggest-surprises-come-after-october.print,Fox News Power Rankings: The biggest surprises come after October,politics
https://www.foxnews.com/politics/scotus-take-up-challenge-biden-admins-ghost-gun-rule-group-deems-abusive.print,SCOTUS to take up challenge to Biden admin's ghost gun rule that group deems ‘abusive’,politics
https://foxnews.com/politics/back-trail-top-biden-surrogate-newsom-now-campaigning-harris,Back on the trail: Top Biden surrogate Newsom now campaigning for Harris,politics
https://www.foxnews.com/politics/texas-congressman-becomes-first-elected-dem-call-biden-withdraw-from-election-too-much-stake,Texas congressman becomes first elected Dem to call on Biden to withdraw from election: 'Too much is at stake',politics
https://www.foxnews.com/us/good-samaritan-pulls-florida-man-burning-car,Good Samaritan pulls Florida man from burning car,us
https://www.foxnews.com/politics/battleground-state-dem-distances-himself-defund-movement-political-record-show-different-story.print,"Battleground state Dem distances himself from defund movement, but political record shows different story",politics
https://www.foxnews.com/us/illegal-immigrant-suspected-rachel-morin-murder-entered-us-gotaway-after-being-released-3-times-ice,Illegal immigrant suspected in Rachel Morin murder entered US as gotaway after being released 3 times: ICE,us
https://www.foxnews.com/politics/suspected-trump-assassination-attempt-shines-light-rally-security,Suspected Trump assassination attempt shines light on rally security,politics
https://www.foxnews.com/media/moms-liberty-co-founder-torches-splcs-extremist-label-not-going-stop.print,Moms for Liberty co-founder torches SPLC's 'extremist' label: 'We're not going to stop',media
https://www.foxnews.com/sports/robin-roberts-awkward-exchange-good-morning-america-discussing-harrison-butker-speech.print,Robin Roberts has awkward exchange on 'Good Morning America' while discussing Harrison Butker's speech,sports
https://www.foxnews.com/entertainment/jelly-roll-plans-ask-forgiveness-from-victims-armed-robbery-no-logic-what-i-did.print,Jelly Roll plans to seek forgiveness from victims of armed robbery: 'No logic to what I did',entertainment
https://www.foxnews.com/politics/casey-tied-chinese-firm-he-claimed-mccormick-led-company-invested-profit-off-fentanyl-crisis,Casey tied to Chinese firm he claimed McCormick-led company invested in to 'profit' off fentanyl crisis,politics
https://www.foxnews.com/entertainment/demi-moore-addresses-bruce-willis-dementia-battle.print,Demi Moore addresses Bruce Willis' dementia battle: 'He's doing very well',entertainment
https://www.foxnews.com/media/laura-ingraham-strategy-could-cost-democrats-dearly-november.print,LAURA INGRAHAM: This strategy could cost Democrats 'dearly' in November,media
https://www.foxnews.com/politics/nebraska-gop-senator-opposes-electoral-college-change-may-have-helped-trump-win-re-election,Nebraska GOP senator opposes Electoral College change that may have helped Trump win re-election,politics
https://www.foxnews.com/politics/lies-throughout-trump-backed-challenger-longtime-dem-senator-face-off-heated-battleground-debate,"'Lies throughout': Trump-backed challenger, longtime Dem senator face off in heated battleground debate",politics
https://www.foxnews.com/media/kamala-harris-repeatedly-pivots-trump-when-grilled-immigration-record-fox-news-interview.print,Kamala Harris repeatedly pivots to Trump when grilled on immigration record in Fox News interview,media
https://www.foxnews.com/official-polls/fox-news-poll-voters-cite-high-prices-biggest-motivator-vote,Fox News Poll: Voters cite high prices as biggest motivator to vote,official-polls
https://www.foxnews.com/us/utah-mom-shot-missing-national-guard-husband-sleep-suggested-lover-take-grave-police.print,"Utah mom shot missing National Guard husband in his sleep, suggested lover ‘take it to the grave’: police",us
https://www.foxnews.com/media/snl-head-insists-therell-no-trump-harris-cameos-season-cites-equal-time-provisions,"'SNL' head insists there'll be no Trump or Harris cameos this season, cites 'equal time provisions'",media
https://www.foxnews.com/world/hamas-leader-ismail-haniyeh-killed-tehran-hidden-explosive-device-report,Hamas leader Ismail Haniyeh was killed in Tehran by hidden explosive device: report,world
https://www.foxnews.com/lifestyle/meet-american-who-inspired-nation-two-world-wars-christian-soldier-sgt-alvin-york.print,Meet the American who inspired the nation in two world wars: Christian soldier Sgt. Alvin York,lifestyle
https://www.foxnews.com/media/bill-maher-trashes-kamala-harris-being-full-s-israel-middle-east-just-shut-up.print,"Bill Maher trashes Kamala Harris for being 'full of s---' on Israel, Middle East: 'Just shut up'",media
https://www.foxnews.com/politics/chicago-schools-sex-ed-curriculum-teaches-elementary-school-kids-about-gender-identity-puberty-blockers,"Chicago schools' sex ed curriculum teaches elementary school kids about gender identity, puberty blockers",politics
https://www.foxnews.com/entertainment/bruce-willis-paradise-city-hollywood-career,"A look at Bruce Willis’ upcoming acting role in 'Paradise City,’ his storied Hollywood career",entertainment
https://www.foxnews.com/lifestyle/americas-veterans-heroes-get-support-bold-mt-kilimanjaro-climb-charity.print,America's veterans and heroes get support through bold Mt. Kilimanjaro climb for charity,lifestyle
https://www.foxnews.com/food-drink/make-cant-go-wrong-lobster-rolls-family-friends-weekend-easy-recipe,Make these 'can't-go-wrong' lobster rolls with family and friends this weekend: Try the easy recipe,food-drink
https://www.foxnews.com/politics/one-year-after-hezbollah-strikes-israel-reinforces-troops-questions-mount-over-limited-operation.print,"1 year after Hezbollah strikes, Israel reinforces troops and questions mount over ‘limited’ operation",politics
https://www.foxnews.com/media/howard-stern-says-he-hates-anyone-votes-trump-they-stupid-i-have-no-respect-them.print,"Howard Stern says he 'hates' anyone that votes for Trump: 'They are stupid, I have no respect for them'",media
https://www.foxnews.com/media/vp-nominee-tim-walz-sits-rare-interview-discuss-gutter-maintenance-tiktoker,VP nominee Tim Walz sits for rare interview to discuss gutter maintenance with TikToker,media
https://www.foxnews.com/lifestyle/surfing-stunner-woman-wakesurfs-lake-heels-coffee-reads-board.print,"Surfing stunner: Woman wakesurfs on lake in high heels, sips coffee, reads while 'on board'",lifestyle
https://www.foxnews.com/politics/gop-lawmakers-warn-biden-parole-scheme-could-lead-massive-spike-marriage-fraud,GOP lawmakers warn Biden parole scheme could lead to massive spike in marriage fraud,politics
https://www.foxnews.com/sports/riley-gaines-slams-new-title-ix-protections-most-anti-woman-pursuit-biden-administration.print,Riley Gaines slams new Title IX protections as the 'most anti-woman' pursuit of the Biden administration,sports
https://www.foxnews.com/lifestyle/election-year-americans-need-fewer-hot-takes-cool-headed-reasoning.print,"In an election year, Americans need fewer hot takes and more cool-headed reasoning",lifestyle
https://www.foxnews.com/politics/top-senators-briefed-major-errors-leading-up-trump-assassination-attempt,Top senators briefed on 'major errors' leading up to Trump assassination attempt,politics
https://www.foxnews.com/politics/mccarthys-final-struggles-threaten-haunt-johnsons-government-shutdown-fight,McCarthy's 'final struggles' threaten to haunt Johnson's government shutdown fight,politics
https://www.foxnews.com/us/north-carolina-manhunt-launched-convicted-murderer-escaped-way-hospital-sheriff.print,North Carolina manhunt launched for convicted murderer who escaped on way to hospital: sheriff,us
https://www.foxnews.com/us/border-patrol-apprehends-58k-migrants-august-down-from-record-250k-december,"Border Patrol apprehends 58K migrants in August, down from record 250K in December",us
https://www.foxnews.com/us/trump-assassination-attempt-3-key-takeaways-from-newly-released-bodycam,Trump assassination attempt: 3 key takeaways from newly released bodycam,us
https://www.foxnews.com/media/actor-says-timing-documentary-former-presidents-assassination-attempt-might-seem-interesting.print,Actor says timing of documentary on former president's assassination attempt 'might seem interesting',media
https://www.foxnews.com/politics/walz-accusations-stolen-valor-prompt-battle-between-house-veterans.print,Walz accusations of 'stolen valor' prompt battle between House veterans,politics
https://www.foxnews.com/politics/farmers-ranchers-landowners-take-aim-biden-admin-latest-crackdown.print,"Farmers, ranchers, landowners take aim at Biden admin for latest crackdown",politics
https://www.foxnews.com/media/dems-data-extremely-bullish-trump-winning-harris-may-lose-six-swing-states-analyst.print,"Dems with data are 'extremely bullish' on Trump winning, Harris may lose six swing states: analyst",media
https://www.foxnews.com/politics/local-residents-explode-biden-officials-plan-release-grizzly-bears-near-communities,Local residents explode at Biden officials over plan to release grizzly bears near their communities,politics
https://www.foxnews.com/politics/kamala-harris-courts-disillusioned-arab-americans-over-jewish-groups.print,"Kamala Harris courts disillusioned Arab Americans over Jewish groups, records show",politics
https://www.foxnews.com/politics/cattlemen-roast-vegan-nyc-mayor-cracking-down-food-part-climate-agenda,Cattlemen roast vegan NYC mayor for cracking down on food as part of climate agenda,politics
https://www.foxnews.com/health/healthy-living-habits-eating-dinner-earlier-may-help-weight.print,Healthy living habits include eating dinner earlier — it may also help keep weight down,health
https://www.foxnews.com/entertainment/cher-hit-victorias-secret-runway-after-casting-controversy,Cher to hit Victoria's Secret runway after casting controversy,entertainment
https://www.foxnews.com/entertainment/denise-richards-felt-guilty-splitting-up-family-divorce-charlie-sheen,Denise Richards 'felt guilty' for splitting up her family after divorce from Charlie Sheen,entertainment
https://www.foxnews.com/politics/trump-outperforming-2020-support-among-hispanics-who-prefer-him-immigration-poll-shows.print,"Trump outperforming 2020 support among Hispanics, who prefer him on immigration, poll shows",politics
https://www.foxnews.com/us/trump-assassination-attempt-butler-pennsylvania-town-manager-defends-police-amid-response-misconception,"Trump assassination attempt: Butler, Pennsylvania town manager defends police amid response 'misconception'",us
https://www.foxnews.com/lifestyle/combat-veteran-wife-ptsd-strength.print,Combat veteran and his wife help others fight PTSD — and find healing and hope,lifestyle
https://www.foxnews.com/politics/trump-gets-big-post-debate-boost-new-poll-after-bidens-botched-performance,Trump gets big post-debate boost in new polls after Biden's botched performance,politics
https://www.foxnews.com/politics/latino-voters-may-make-break-presidential-election-swing-states,Latino voters may make or break the presidential election in swing states like Nevada,politics
https://www.foxnews.com/world/52-confirmed-dead-20-missing-flash-floods-devastate-indonesias-sumatra-island,"52 confirmed dead, 20 missing after flash floods devastate Indonesia’s Sumatra Island",world
https://www.foxnews.com/entertainment/arnold-schwarzenegger-gruesome-injury-total-recall.print,Arnold Schwarzenegger remembers gruesome injury while filming 'Total Recall',entertainment
https://www.foxnews.com/politics/deadliest-storms-since-katrina-georgia-republican-demands-emergency-session-congress.print,GOP lawmaker in hurricane-ravaged Georgia demands emergency session of Congress,politics
https://www.foxnews.com/politics/biden-admin-coordinated-liberal-dark-money-behemoth-transforming-food-system-emails-show,"Biden admin coordinated with liberal dark money behemoth on 'transforming food system,' emails show",politics
https://www.foxnews.com/politics/judge-orders-more-jack-smith-trump-investigation-docs-made-public-ahead-election,Judge orders more Jack Smith Trump investigation docs to be made public ahead of election,politics
https://www.foxnews.com/politics/bidens-charlottesville-moment-potus-torched-telling-dnc-anti-israel-mob-outside-has-point,Biden’s Charlottesville moment? POTUS torched for telling DNC anti-Israel mob outside they ‘have a point’,politics
https://www.foxnews.com/politics/lgbt-advocate-claims-house-hearing-detransitioning-not-real-thing,LGBT advocate claims in House hearing ‘detransitioning’ is not ‘a real thing’,politics
https://www.foxnews.com/world/keir-starmer-become-new-british-prime-minister-after-big-labour-party-win,Keir Starmer elected new UK prime minister after big Labour Party win,world
https://www.foxnews.com/world/russia-fired-80-cruise-missile-ukraine-retaliation-kerch-bridge-explosion-officials,Russia fired more than 80 cruise missiles into Ukraine in 'retaliation' of Kerch Bridge explosion: officials,world
https://www.foxnews.com/opinion/one-year-after-10-7-attacks-democrat-run-states-have-let-antisemitism-fester.print,One year after 10/7 attacks and Democrat-run states have let antisemitism fester,opinion
https://www.foxnews.com/media/cnn-host-surprised-harris-2019-policy-positions-like-decriminalizing-drugs-funding-migrant-sex-changes.print,"CNN host surprised by Harris’ 2019 policy positions like decriminalizing drugs, funding migrant sex changes",media
https://www.foxnews.com/politics/pro-palestinian-protesters-taunt-harris-rallygoers-veep-supporter-hits-back-what-about-hamas.print,Pro-Palestinian protesters taunt Harris rallygoers as veep supporter hits back: What ‘About Hamas?’,politics
https://www.foxnews.com/media/popstar-olivia-rodrigo-visits-white-house-promotes-covid-19-youth-vaccination-at-press-briefing.print,"Popstar Olivia Rodrigo visits White House, promotes COVID-19 youth vaccination at press briefing",media
https://www.foxnews.com/entertainment/ozzy-osbournes-fourth-spinal-surgery-final-regardless-outcome-cant-anymore,Ozzy Osbourne's fourth spinal surgery will be his 'final' one 'regardless' of outcome: 'I can't do it anymore',entertainment
https://www.foxnews.com/politics/trump-vance-hitting-campaign-trail-all-week-counter-program-democrats-convention,2024 showdown: Harris appears to call Trump a 'coward' in campaign trail appearance,politics
https://www.foxnews.com/world/how-did-hezbollah-pager-explosions-happen-things-know,How did the Hezbollah pager explosions happen? 5 things to know,world
https://www.foxnews.com/sports/minnesota-falls-no-12-michigan-go-under-500-gov-tim-walz-attendance,Minnesota falls to No. 12 Michigan to go under .500 with Gov Tim Walz in attendance,sports
https://www.foxnews.com/entertainment/high-school-musical-joshua-bassett-absolutely-false-sex-assault-accusation,'High School Musical' star Joshua Bassett says he is 'sick' over 'absolutely false' sex assault accusation,entertainment
https://www.foxnews.com/lifestyle/ny-teacher-us-coast-guard-member-lost-eye-wont-allow-freak-accident-define-life,"NY teacher, US Coast Guard member who lost an eye won't allow 'freak accident' to define his life",lifestyle
https://www.foxnews.com/us/what-scott-petersons-recent-court-win-means-his-years-long-quest-freedom.print,What Scott Peterson's recent court win could mean for his yearslong quest for freedom,us
https://www.foxnews.com/politics/harris-holds-big-advantage-among-early-voters-trump-election-day-voters-poll,"Harris holds big advantage among early voters, Trump with Election Day voters: poll",politics
https://www.foxnews.com/media/time-magazine-owner-takes-kamala-harris-task-denying-interview-requests-we-believe-transparency,Time magazine owner takes Kamala Harris to task for denying interview requests: 'We believe in transparency',media
https://www.foxnews.com/live-news/kamala-harris-donald-trump-presidential-debate-september-10-2024,"Kamala Harris, Donald Trump debate prompts major endorsement, Fox News invitation for a 2nd face-off",live-news
https://www.foxnews.com/health/reducing-salt-intake-1-teaspoon-day-same-effect-blood-pressure-meds-study-finds,"Reducing salt intake by just 1 teaspoon a day has same effect as blood pressure meds, study finds",health
https://www.foxnews.com/politics/trump-blasts-harris-as-part-of-truth-social-flurry-on-what-she-didnt-mention-in-dnc-speech.print,Trump blasts Harris as part of Truth Social flurry on what she 'didn't mention' in DNC speech,politics
https://www.foxnews.com/tech/ios-18-maximize-your-privacy-turning-off-iphone-settings-now.print,iOS 18: Maximize your privacy by turning off these iPhone settings now,tech
https://www.foxnews.com/media/nbcs-kristen-welker-incorrectly-claims-harris-dignified-transfer-commemoration-13-service-members,NBC's Kristen Welker incorrectly claims Harris was at dignified transfer commemoration for 13 service members,media
https://www.foxnews.com/opinion/victim-pre-title-ix-discrimination-fighting-protect-girls-sports,"I was a victim of pre-Title IX discrimination, and I'm fighting to protect girls' sports",opinion
https://www.foxnews.com/media/media-rushes-declare-kamala-harris-border-czar-immigration-crisis-haunts-campaign,Axios hit with community note after claiming Harris was never 'border czar',media
https://www.foxnews.com/politics/biden-admin-backs-down-key-eco-regulations-supreme-court-ruling,Biden admin backs down on key eco regulations after Supreme Court ruling,politics
https://www.foxnews.com/media/biden-ripped-gun-control-speech-hours-after-hunters-firearm-conviction-we-live-clown-world,Biden ripped for gun control speech hours after Hunter's firearm conviction: 'We live in clown world',media
https://www.foxnews.com/politics/trump-harris-travel-new-york-city-shanksville-commemorate-9-11-attacks-just-hours-after-debate,"Trump, Harris shake hands in show of unity at Ground Zero for 9/11 commemoration",politics
https://www.foxnews.com/world/jews-under-siege-trudeaus-canada-soaring-antisemitism,Jews ‘under siege’ in Trudeau's Canada amid soaring antisemitism,world
https://www.foxnews.com/lifestyle/leave-white-house-what-should-america-do-ex-presidents,"After they leave the White House, what should America do with our ex-presidents?",lifestyle
https://www.foxnews.com/entertainment/eddie-van-halens-brother-wants-ai-complete-bands-unreleased-music,Eddie Van Halen's brother wants AI to complete the band's unreleased music,entertainment
https://www.foxnews.com/media/kamala-harris-avoids-questions-about-bidens-mental-decline-joe-biden-not-ballot.print,Kamala Harris avoids questions about Biden's mental decline: 'Joe Biden is not on the ballot',media
https://www.foxnews.com/entertainment/dolly-parton-removes-herself-rock-roll-hall-of-fame-nomination,"Dolly Parton removes herself from Rock & Roll Hall of Fame nomination, says she hasn't 'earned that right'",entertainment
https://www.foxnews.com/politics/biden-admin-hit-lawsuit-restricting-oil-gas-production-put-american-jobs-risk,"Biden admin hit with lawsuit for restricting oil, gas production: 'Put American jobs at risk'",politics
https://www.foxnews.com/media/rubio-russia-cuba-regime-lost-legitimacy,"Rubio: 'Russia is already' in Cuba, the Diaz-Canel regime 'lost its legitimacy to govern'",media
https://www.foxnews.com/opinion/civil-rights-movement-betrayed-progressive-ideology-bob-woodson.print,Bob Woodson: The Civil Rights Movement I was a part of has been betrayed by a twisted progressive ideology,opinion
https://www.foxnews.com/sports/dak-prescott-gets-engaged-help-from-7-month-old-daughter-daddy-has-question-you.print,Dak Prescott gets engaged with help from seven-month-old daughter: 'Daddy has a question for you',sports
https://www.foxnews.com/politics/nra-conservative-legal-group-sue-democrat-governor-7-day-waiting-period-buy-guns,NRA and conservative legal group sue Democrat governor over 7-day waiting period to buy guns,politics
https://www.foxnews.com/entertainment/production-companies-said-filming-georgia-states-abortion-law.print,Georgia abortion law: A look back at what Hollywood production companies have said about filming in the state,entertainment
https://www.foxnews.com/world/israels-national-emergency-medical-service-prepares-for-hezbollah-response-high-alert,Israel’s national emergency medical service prepares for Hezbollah response after IDF strike: 'High-alert',world
"https://www.foxnews.com/opinion/biden-inhumane-open-border-policies-devastate-americans-illegal-immigrants#&_intcmp=hp1bt1_2,hp1bt","Biden’s inhumane open-border policies devastate Americans, illegal immigrants",opinion
https://www.foxnews.com/politics/biden-says-he-kamala-harris-singing-from-same-song-sheet-she-tries-distancing-herself,Biden says he and Kamala Harris are 'singing from the same song sheet' — as she tries distancing herself,politics
https://www.foxnews.com/food-drink/chocolate-ice-cream-vanilla-ice-cream-better-heres-cold-hard-truth.print,Chocolate ice cream vs. vanilla ice cream: Which dessert is 'better' for you? Here's the cold hard truth,food-drink
https://www.foxnews.com/us/emptyshelvesjoe-trending-on-twitter-amid-bidens-supply-chain-crisis,#EmptyShelvesJoe trending on Twitter amid Biden’s supply chain crisis,us
https://www.foxnews.com/media/border-residents-speak-out-kamala-harris-record-border-security,Border residents speak out against Kamala Harris' record on security: 'Everything is literally open',media
https://www.foxnews.com/media/bidens-friendly-seth-meyers-sit-down-no-substitute-real-interviews-white-house-journalists-say,"Biden's friendly Seth Meyers sit-down no 'substitute' for real interviews, White House journalists say",media
https://www.foxnews.com/sports/billy-joels-madison-square-garden-postponed-nba-nhl-playoffs-arena,"Billy Joel Madison Square Garden show rescheduled during NBA, NHL playoffs at arena",sports
https://www.foxnews.com/sports/trump-calls-transgender-inclusion-womens-sports-policies-so-far-out,Trump calls transgender inclusion in women's sports policies 'so far out',sports
https://www.foxnews.com/lifestyle/jack-carr-bestselling-author-former-seal-announces-nonfiction-series-targeted-terror-events.print,"Jack Carr, bestselling author and former SEAL, announces nonfiction series, 'Targeted,' on terror events",lifestyle
https://www.foxnews.com/entertainment/lori-loughlin-prison-stint-why-hasnt-spoken-daughter-olivia-jade-expert,Inside Lori Loughlin’s prison stint and why she potentially hasn’t spoken with daughter Olivia Jade: expert,entertainment
https://www.foxnews.com/politics/heres-whats-in-senate-border-immigration-deal,5 key details in controversial Senate border deal,politics
https://www.foxnews.com/media/trump-crushing-harris-pennsylvania-bakerys-election-cookie-poll-people-upset.print,Trump crushing Harris in Pennsylvania bakery's election 'cookie poll': 'People are upset',media
https://www.foxnews.com/sports/womens-soccer-club-features-several-transgender-players-wins-league-title-finishes-undefeated,"Women's soccer club that features several transgender players wins league title, finishes undefeated",sports
https://www.foxnews.com/health/girl-who-cant-smile-rare-disorder-became-woman-greatest-gift,The girl who can’t smile: How a rare disorder became a young woman's ‘greatest gift’,health
https://www.foxnews.com/politics/early-voting-begins-illinois-north-dakota-florida-michigan,"Early voting begins in Illinois, North Dakota, Florida and Michigan",politics
https://www.foxnews.com/entertainment/taylor-swift-travis-kelces-romance-under-microscope-after-singer-skipped-last-two-games,"Taylor Swift, Travis Kelce’s romance under microscope after singer skipped last two games",entertainment
https://www.foxnews.com/politics/trump-says-kamala-harris-not-participate-fox-news-debate-sept-4,Trump says Kamala Harris will not participate in Fox News debate on Sept. 4,politics
https://www.foxnews.com/politics/mayorkas-moves-shield-hundreds-thousands-from-deportation-back-troubled-caribbean-nation,Mayorkas moves to shield hundreds of thousands from deportation back to troubled Caribbean nation,politics
https://www.foxnews.com/us/rachel-morin-murder-illegal-immigrant-from-el-salvador-charged-rape-killing-maryland-mom-5,"Rachel Morin murder: Illegal immigrant from El Salvador charged in rape, killing of Maryland mom of 5",us
https://www.foxnews.com/lifestyle/this-day-history-oct-17-1835-texas-rangers-formally-proposed-settlers-frontier,"On this day in history, October 17, 1835, Texas Rangers formally proposed among settlers patrolling frontier",lifestyle
https://www.foxnews.com/media/miami-mayor-blasts-far-left-silence-cuban-protests-crisis-exposes-fallacy-socialism.print,"Miami mayor blasts far-left silence on Cuban protests, says crisis exposes fallacy of socialism",media
https://www.foxnews.com/media/clinton-pollster-suggests-internal-friction-obama-biden-camps-trump-friendly-shock-poll.print,"Clinton pollster suggests 'internal friction' between Obama, Biden camps after Trump-friendly shock poll",media
https://www.foxnews.com/politics/pennsylvania-survey-finds-harris-leading-trump-narrowly-identifies-her-biggest-weakness-pollster-says,"Pennsylvania survey finds Harris leading Trump narrowly, identifies her 'biggest weakness,' pollster says",politics
https://www.foxnews.com/media/columbia-celebrates-alleged-terrorists-campus-memorial-journalists-killed-gaza-report,Columbia celebrates ‘alleged terrorists' with on-campus memorial to ‘journalists’ killed in Gaza: report,media
https://www.foxnews.com/lifestyle/this-day-history-april-2-2005-pope-john-paul-ii-dies-age-84,"On this day in history, April 2, 2005, Pope John Paul II dies at age 84",lifestyle
https://www.foxnews.com/politics/justices-claim-immunity-ruling-allows-presidents-poison-staffers-have-navy-seals-kill-political-rivals,"Justices claim immunity ruling allows presidents to poison staff, have Navy SEALs kill political rivals",politics
https://www.foxnews.com/entertainment/ellen-degeneres-reveals-3-recent-health-diagnoses,Ellen DeGeneres reveals 3 health diagnoses after 'excruciating pain': 'I could disintegrate in the shower',entertainment
https://www.foxnews.com/politics/republicans-block-dem-backed-ivf-bill-revived-chuck-schumer,Republicans block Dem-backed IVF bill revived by Chuck Schumer,politics
https://www.foxnews.com/us/nashville-christian-school-shooter-fired-152-shots-massacre-plot-months-making-police-say,"Nashville Christian school shooter fired 152 shots in massacre plot months in making, police say",us
https://www.foxnews.com/travel/travel-obsessed-woman-works-time-off-system-visiting-28-countries-budget,"Travel-obsessed woman 'works' the time-off system, visiting 28 countries on a budget",travel
https://www.foxnews.com/world/lebanon-explosions-dozens-wounded-after-pagers-detonate-state-media-report,"Lebanon explosions: Hezbollah apparently targeted as pagers detonate, several dead, thousands hurt",world
https://www.foxnews.com/media/ny-times-michael-phelps-book-deal,NY Times investigating own reporter after she didn't disclose Michael Phelps book deal: 'Significant lapse',media
https://www.foxnews.com/sports/olivia-moultrie-proud-journey-play-nwsl,Olivia Moultrie is proud of her journey to play in NWSL,sports
https://www.foxnews.com/politics/house-dems-sue-fec-accusing-gop-exploiting-campaign-loophole,House Dems sue FEC accusing GOP of exploiting campaign loophole,politics
https://www.foxnews.com/media/hillary-clinton-says-trump-poses-danger-our-country-world-after-assassination-attempt,Hillary Clinton says Trump poses 'danger to our country and the world' after assassination attempt,media
https://www.foxnews.com/sports/emma-weyant-olympic-medalist-lia-thomas-ncaa-championships,Emma Weyant: Second-place finisher in Lia Thomas' NCAA championship race won Olympic medal in 2021,sports
https://www.foxnews.com/politics/obama-speech-secure-border-without-tearing-kids-from-parents-omits-somber-dhs-report-missing-migrants,Obama speech to secure border without 'tearing' kids from parents omits somber DHS report on missing migrants,politics
https://www.foxnews.com/media/utah-governor-blasts-politicized-american-medical-association-pushing-gender-transition-minors,Utah governor blasts 'politicized' American Medical Association for pushing gender transition for minors,media
https://www.foxnews.com/travel/autumn-new-england-six-states-pack-big-color-major-history-small-area,"Autumn in New England: 6 states pack big color, major history, in small area",travel
https://www.foxnews.com/media/howard-stern-hits-back-critics-calling-him-woke-i-think-thats-compliment,"Howard Stern hits back at critics calling him 'woke,' says he takes it as a compliment",media
https://www.foxnews.com/lifestyle/woman-vandalizes-israeli-hostage-posters-front-captives-own-family-new-york-city,Woman vandalizes Israeli hostage posters right in front of captives' family members in New York City,lifestyle
https://www.foxnews.com/lifestyle/parents-two-american-dream-home-beauford-south-carolina-special,"Parents of two find their 'American Dream Home' in Beaufort, South Carolina: 'So special'",lifestyle
https://www.foxnews.com/lifestyle/this-day-history-september-18-1870-old-faithful-geyser-wyoming-discovered-named.print,"On this day in history, September 18, 1870, Old Faithful geyser in Wyoming is documented and named",lifestyle
https://www.foxnews.com/politics/trump-biden-face-tests-final-2024-presidential-primaries.print,"Trump, Biden face tests in final 2024 presidential primaries",politics
https://www.foxnews.com/entertainment/king-charles-queen-camilla-reportedly-pulled-from-royal-outing-due-security-scare,"King Charles, Queen Camilla reportedly pulled from royal outing due to security scare",entertainment
https://www.foxnews.com/media/ny-times-ap-washington-post-raise-eyebrows-glowing-coverage-terror-leader-hassan-nasrallah,"NY Times, AP, Washington Post raise eyebrows with glowing coverage of terror leader Hassan Nasrallah",media
https://www.foxnews.com/lifestyle/meet-american-created-kentucky-derby-meriwether-lewis-clark-jr-born-pioneers,"Meet the American who created the Kentucky Derby, Meriwether Lewis Clark Jr., born of pioneers",lifestyle
https://www.foxnews.com/politics/biden-admin-under-fire-burning-taxpayer-funds-un-climate-summit-trip,Biden admin under fire for burning taxpayer funds on UN climate summit trip,politics
https://www.foxnews.com/media/nearly-two-thirds-americans-believe-illegal-immigration-real-crisis-not-media-narrative-poll,"Nearly two-thirds of Americans believe illegal immigration is real crisis, not a media narrative: poll",media
https://www.foxnews.com/media/trump-spox-battles-cnn-host-over-harris-change-candidate-shes-white-house-right-now.print,Trump spox battles CNN host over Harris as the 'change' candidate: She's in White House 'right now',media
https://www.foxnews.com/lifestyle/marathon-every-state-navy-vet-former-nypd-cop-runs-us-help-nonprofit,A marathon in every state: Navy vet and former NYPD cop runs across US to help deserving nonprofit,lifestyle
https://www.foxnews.com/us/watch-florida-police-officers-lift-car-off-man-trapped-underneath.print,WATCH: Florida police officers lift car off man trapped underneath — 'somebody pull him out!',us
https://www.foxnews.com/politics/columbias-interim-president-apologizes-anti-israel-protesters-hurt-nypd-classes-kick-off,Columbia's interim president apologizes to protesters who occupied campus for 'hurt' caused by NYPD,politics
https://www.foxnews.com/media/ex-cnn-host-brian-stelter-doesnt-know-reliable-sources-canceled.print,Ex-CNN host Brian Stelter says he still doesn't know why 'Reliable Sources' was canceled,media
https://www.foxnews.com/lifestyle/world-war-ii-heroes-ages-100-98-fought-battle-bulge-grand-marshals-philly-parade,"World War II heroes, ages 100 and 98, fought in Battle of the Bulge, now are grand marshals of Philly parade",lifestyle
https://www.foxnews.com/world/israels-un-ambassador-slams-world-body-says-unrwa-taken-over-by-hamas-terrorists-gaza,"Israel's UN ambassador slams world body, says UNRWA taken over by Hamas terrorists in Gaza",world
https://www.foxnews.com/lifestyle/christian-nationalism-obsession-left-aims-marginalize-pro-life-christians-radio-host,'Christian nationalism' obsession by some on the left aims to marginalize pro-life Christians: Radio host,lifestyle
https://www.foxnews.com/politics/justice-alito-questions-whether-presidents-will-fear-bitter-political-opponent-throwing-jail,Justice Alito questions whether presidents will have to fear 'bitter political opponent' throwing them in jail,politics
https://www.foxnews.com/entertainment/lori-loughlin-released-prison-college-admissions-scandal.print,Lori Loughlin released from prison after serving 2 months behind bars for role in college admissions scandal,entertainment
https://www.foxnews.com/world/geologists-study-5600-year-old-submerged-bridge-new-details-life-emerge-from-mallorca-spain,"Geologists study 5,600-year-old submerged bridge; new details of life emerge from Mallorca, Spain",world
https://www.foxnews.com/entertainment/jelly-roll-embraces-role-country-music-revolution-overcoming-addiction-prison-time,Jelly Roll embraces role in country music revolution after overcoming addiction and prison time,entertainment
https://www.foxnews.com/travel/us-spots-where-you-can-mine-diamonds-gemstones.print,US spots where you can mine for diamonds and gemstones,travel
https://www.foxnews.com/lifestyle/educate-talk-to-children-about-september-11,How to talk to children about 9/11 and the tragic events that unfolded,lifestyle
https://www.foxnews.com/media/biden-tells-the-view-confident-could-have-beaten-trump-loser,Biden tells 'The View' he was 'confident' he could have beaten Trump: 'He's a loser',media
https://www.foxnews.com/media/biden-plans-trigger-trump-new-aggressive-election-strategy-report,Biden plans to 'trigger Trump' in new 'aggressive' election strategy: report,media
https://www.foxnews.com/politics/sen-john-fetterman-proclaims-unflinching-support-israel-will-not-waver.print,Sen. John Fetterman proclaims unflinching support for Israel: 'Will not waver',politics
https://www.foxnews.com/travel/cedar-point-theme-park-unveils-record-breaking-tilt-roller-coaster-2025.print,Cedar Point theme park unveils record-breaking 'tilt' roller coaster for 2025,travel
https://www.foxnews.com/politics/house-gop-leaders-call-schumers-israel-comments-inappropriate-demand-apology-impromptu-press-conference,"House GOP leaders call Schumer's Israel comments 'inappropriate,’ demand apology in impromptu press conference",politics
https://www.foxnews.com/politics/trump-harris-poll-dead-heat-nbc-news-survey-election-day-approaches,Trump and Harris poll in dead heat in NBC News survey as Election Day approaches,politics
https://www.foxnews.com/media/fox-nation-patriot-awards-moves-new-york-tickets-now-sale.print,Fox Nation Patriot Awards moves to New York with tickets now on sale,media
https://www.foxnews.com/politics/sen-bob-menendez-may-blame-wife-nadine-federal-corruption-trial-court-docs,Sen Bob Menendez may blame his wife Nadine during federal corruption trial: court docs,politics
https://www.foxnews.com/politics/fireworks-expected-final-pennsylvania-senate-debate-race-may-decide-chambers-majority,Fireworks expected in final Pennsylvania Senate debate in race that may decide chamber's majority,politics
https://www.foxnews.com/politics/vice-president-kamala-harris-names-minnesota-gov-tim-walz-her-running-mate,Vice President Kamala Harris names Minnesota Gov. Tim Walz as her running mate,politics
https://www.foxnews.com/health/new-jersey-twins-matching-heart-surgeries-marfan-syndrome-diagnosis-life,New Jersey twins receive matching heart surgeries after Marfan syndrome diagnosis: 'A better life',health
https://www.foxnews.com/media/fox-news-media-proposes-second-harris-trump-debate-moderated-martha-maccallum-bret-baier,"FOX News Media proposes second Harris-Trump debate moderated by Martha MacCallum, Bret Baier",media
https://www.foxnews.com/us/every-day-memorial-day-dover-air-force-base,Every day is Memorial Day at Dover Air Force Base,us
https://www.foxnews.com/us/delphi-murders-cvs-employee-accused-killing-2-girls-own-worst-enemy-expert-says,"Delphi murders: Man charged with killing 2 girls is 'his own worst enemy,' expert says",us
https://www.foxnews.com/media/cnn-anchor-invokes-nazi-germany-blasts-trumps-antisemitic-incredibly-dangerous-remarks-jewish-dems.print,"CNN anchor invokes Nazi Germany, blasts Trump's 'antisemitic and incredibly dangerous' remarks on Jewish Dems",media
https://www.foxnews.com/lifestyle/caregiving-spouse-good-times-bad-military-man-incredible-story,Caregiving for a spouse during good times and bad: One military man's incredible story,lifestyle
https://www.foxnews.com/media/cnn-chris-cuomo-accused-sexually-harassing-female-producer-abc-news,CNN's Chris Cuomo accused of sexually harassing female producer while at ABC News,media
https://www.foxnews.com/media/liberals-rage-over-cnns-disgusting-trump-town-hall-insanity-pulled-f-ing-air,Liberals rage over CNN's 'disgusting' Trump town hall: 'This insanity should be pulled off the f---ing air',media
https://www.foxnews.com/entertainment/sharon-stone-hanging-out-rapper-rmr-report,"Sharon Stone, 63, 'hanging out' with rapper RMR, 25: report",entertainment
https://www.foxnews.com/media/kamala-harris-dodges-colberts-question-what-major-changes-shed-bring-versus-biden-presidency.print,Kamala Harris dodges Colbert's question on what 'major changes' she'd bring versus Biden presidency,media
https://www.foxnews.com/politics/walz-silent-support-eliminating-electoral-college-after-harris-camp-says-doesnt-back-ban.print,Walz silent on support for eliminating Electoral College after Harris camp says it doesn't back ban,politics
https://www.foxnews.com/politics/dem-sen-bob-casey-slammed-by-gop-for-shifting-immigration-stances-complicit-in-the-crisis.print,Dem Sen. Bob Casey slammed by GOP for shifting immigration stances: 'Complicit in the crisis',politics
https://www.foxnews.com/politics/biden-admin-hit-lawsuit-eco-actions-industry-says-cost-million-jobs,Biden admin hit with lawsuit over eco actions that industry says could cost million jobs,politics
https://www.foxnews.com/us/last-words-hero-firefighter-who-died-trump-rally-shooting-revealed,Last words of 'hero' firefighter who died at Trump rally shooting revealed,us
https://www.foxnews.com/us/federal-prosecutors-charge-ryan-routh-attempted-assassination-trump,Federal prosecutors formally charge suspect Ryan Routh with attempted assassination of Trump,us
https://www.foxnews.com/politics/days-until-voting-starts-election-season-kicks-off-sooner,Early voting means 'election season' has already begun,politics
https://www.foxnews.com/politics/newsoms-progressive-activism-debate-skills-among-vulnerabilities-potential-national-campaign-expert,"Newsom's progressive activism, debate skills among vulnerabilities in potential national campaign: expert",politics
https://www.foxnews.com/media/cnn-reliable-sources-brian-stelter-smallest-audience-2019,CNN’s ‘Reliable Sources’ with Brian Stelter draws smallest audience since 2019,media
https://www.foxnews.com/politics/trumps-first-campaign-event-since-second-assassination-attempt-town-hall-key-battleground,Trump's first campaign event since second assassination attempt to be town hall in key battleground,politics
https://www.foxnews.com/world/cuban-power-plant-failure-leaves-millions-dark-island-wide-outage.print,Cuban power plant failure leaves millions in the dark in island-wide outage,world
https://www.foxnews.com/health/experimental-lupus-therapy-lifechanging-patients-autoimmune-disease-study-finds,"Experimental lupus therapy could be ‘life-changing’ for patients with autoimmune disease, study finds",health
https://www.foxnews.com/media/randi-weingarten-angrily-claims-pompeo-hurting-kids-attacks,Randi Weingarten angrily claims Pompeo 'hurting kids' with attacks on her,media
https://www.foxnews.com/politics/buttigieg-message-about-restricting-civilian-drones-near-hurricane-helene-damage-prompts-outcry-clarification,"Buttigieg's message on restricting civilian drones near Hurricane Helene damage prompts outcry, clarification",politics
https://www.foxnews.com/media/one-battleground-state-voters-reveal-presidential-candidate-prefer-economy,'There's only one': Battleground state voters reveal which presidential candidate they prefer on the economy,media
https://www.foxnews.com/opinion/im-farmer-know-kamala-harris-would-disaster-american-agriculture,I’m a farmer – and know Kamala Harris would be a disaster for American agriculture,opinion
https://www.foxnews.com/sports/riley-gaines-gets-emotional-reading-remarks-lawmakers-says-have-chance-send-message-women,"Riley Gaines gets emotional reading remarks to lawmakers, says they have chance to send message to women",sports
https://www.foxnews.com/politics/trump-says-biden-is-not-fit-serve-who-going-running-country-next-5-months,Trump says Biden 'is not fit to serve': 'Who is going to be running the country for the next 5 months?',politics
https://www.foxnews.com/entertainment/foo-fighters-drummer-taylor-hawkins-dead-at-50,Foo Fighters drummer Taylor Hawkins dead at 50,entertainment
https://www.foxnews.com/entertainment/eddie-van-halens-son-wolfgang-hits-back-david-lee-roth-singer-trashes-him-wild-rant,Eddie Van Halen's son Wolfgang hits back at David Lee Roth after singer trashes him in wild rant,entertainment
https://www.foxnews.com/us/cdc-urges-proper-cooking-wild-game-family-sickened-bear-meat-parasite,CDC urges proper cooking of wild game after family sickened by bear meat parasite,us
https://www.foxnews.com/politics/cardinal-dolan-upset-harris-skipping-al-smith-dinner.print,Cardinal Dolan 'upset' that Harris skipping Al Smith Dinner,politics
https://www.foxnews.com/health/er-visit-times-heres-how-long-patients-spend-emergency-rooms-state,ER visit times: Here’s how long patients spend in emergency rooms in each state,health
https://www.foxnews.com/entertainment/sydney-sweeneys-move-la-catalyst-parents-bankruptcy-divorce,"Sydney Sweeney’s move to LA 'was a catalyst' for parents' bankruptcy, divorce",entertainment
https://www.foxnews.com/us/rachel-morin-murder-maryland-lawmaker-confronts-mayorkas-over-failure-involving-illegal-immigrant-suspect,Rachel Morin murder: Maryland lawmaker confronts Mayorkas over 'failure' involving illegal immigrant suspect,us
https://www.foxnews.com/lifestyle/seattle-protesters-kirk-cameron-growing-real-pain,Seattle protesters tell patriotic Kirk Cameron he's 'growing to be a real pain',lifestyle
https://www.foxnews.com/media/trump-unleashes-harris-talking-immigration-china-exclusive-life-liberty-levin-interview.print,"Trump unleashes on Harris, talking immigration, China in exclusive 'Life, Liberty & Levin' interview",media
https://www.foxnews.com/media/trump-vows-end-all-sanctuary-cities-restore-normalcy-faulkner-focus-town-hall-female-voters,"Trump vows to 'end all sanctuary cities,' restore 'normalcy' at 'Faulkner Focus' town hall with female voters",media
https://www.foxnews.com/entertainment/liam-paynes-death-has-one-direction-creator-simon-cowell-feeling-empty,Liam Payne’s death has One Direction creator Simon Cowell feeling ‘empty’,entertainment
https://www.foxnews.com/politics/mccarthy-says-trump-showing-real-leadership-world-after-assassination-attempt,McCarthy says Trump showing 'real leadership' to the world after assassination attempt,politics
https://www.foxnews.com/us/prosecutor-sues-los-angeles-da-retaliation-after-he-punished-misgendering-child-predator,Prosecutor sues Los Angeles DA for retaliation after he was punished for 'misgendering' child predator,us
https://www.foxnews.com/politics/nashville-school-shooting-should-investigated-hate-crime-hawley-says.print,"Nashville school shooting should be investigated as hate crime, Hawley says",politics
https://www.foxnews.com/politics/judge-blocks-ny-ag-letitia-james-silence-pregnancy-centers-promote-abortion-pill-reversal.print,Judge blocks NY AG Letitia James from trying to silence pregnancy centers that promote abortion pill reversal,politics
https://www.foxnews.com/us/nashville-school-shooting-audrey-hale-police-bodycams-released.print,Nashville school shooting: Audrey Hale police bodycams released,us
https://www.foxnews.com/official-polls/fox-news-poll-87-consider-situation-southern-border-problem,Fox News Poll: 87% consider situation at southern border a problem,official-polls
https://www.foxnews.com/travel/top-us-states-most-likely-strike-gold.print,Top US states where you're most likely to strike gold,travel
https://www.foxnews.com/politics/biden-anti-growth-policies-slash-medicare-social-security-tax-revenue-400-900-billion-report,"Biden 'anti-growth' policies will slash Medicare, Social Security tax revenue by $400-$900 billion: report",politics
https://www.foxnews.com/media/barbara-walters-journalistic-pioneer-dead-93,"Barbara Walters, journalistic pioneer, dead at 93",media
https://www.foxnews.com/media/hurricane-helene-fox-weather-meteorologist-rescues-woman-from-car-live-shot-floodwaters-rise,Hurricane Helene: FOX Weather meteorologist rescues woman from car during live shot as floodwaters rise,media
https://www.foxnews.com/tech/worth-saving-money-let-car-insurance-company-track-your-every-move.print,Is it worth saving money to let a car insurance company track your every move?,tech
https://www.foxnews.com/lifestyle/americans-killed-wwi-nyc-ale-house.print,American soldiers killed in WWI remembered forever in NYC ale house,lifestyle
https://www.foxnews.com/health/americans-need-more-sleep-less-stress-experts-say-gallup-poll-reveals-troubling-findings,"Americans need more sleep, less stress, experts say, as Gallup poll reveals troubling findings",health
https://www.foxnews.com/politics/trump-risks-losing-some-pro-life-voters-unless-he-changes-his-tune-abortion-activist-warns,"Trump risks losing some pro-life voters unless he changes 'his tune' on abortion, activist warns",politics
https://www.foxnews.com/politics/trump-musk-interview-5-biggest-takeaways-from-2024-presidential-election-us-border-crisis,Trump-Musk interview: 5 biggest takeaways from the 2024 presidential election to the US border crisis,politics
https://www.foxnews.com/food-drink/wine-drinkers-dinosaurs-thank-60m-year-old-grape-fossils-found-scientists,Wine drinkers may have dinosaurs to thank after 60M-year-old grape fossil seeds are found by scientists,food-drink
https://www.foxnews.com/lifestyle/ketchup-vs-mustard-which-better-experts-chime-in-debate,Ketchup vs. mustard: Which is 'better' for you? Experts chime in on the debate,lifestyle
https://www.foxnews.com/politics/trump-rejecting-advice-tries-mockery-insults-ai-against-kamala-working,"Trump, rejecting advice, tries mockery, insults, AI against Kamala, but is it working?",politics
https://www.foxnews.com/entertainment/josh-hartnett-left-hollywood-struggling-borderline-unhealthy-attention-from-fans.print,Josh Hartnett left Hollywood after struggling with 'borderline unhealthy' attention from fans,entertainment
https://www.foxnews.com/politics/here-all-restrictions-bidens-team-demanded-their-trump-debate-offer,Here are all the restrictions Biden's team demanded in their Trump debate offer,politics
https://www.foxnews.com/politics/pennsylvania-republicans-illegal-immigrant-remittance-fee-property-tax-relief,Pennsylvania Republicans seek to levy illegal immigrants' remittances to fund property tax relief,politics
https://www.foxnews.com/media/parents-rights-groups-newest-addition-southern-poverty-law-centers-hate-extremism-report,Parents' rights groups are the newest addition to Southern Poverty Law Center's 'Hate and Extremism' report,media
https://www.foxnews.com/politics/who-yahya-sinwar-israeli-prisoner-militant-hamas-leader.print,Who was Yahya Sinwar? The Israeli prisoner turned terrorist Hamas leader killed by IDF troops,politics
https://www.foxnews.com/politics/biden-sign-executive-order-aiming-reduce-gun-violence-eliminate-controversial-gun-conversion-devices,"Biden to sign executive order aiming to reduce gun violence, eliminate controversial gun conversion devices",politics
https://www.foxnews.com/us/prosecutors-delphi-murders-case-call-pagan-cult-ritual-narrative-colorful-dramatic-unprofessional,"Prosecutors in Delphi murders case call pagan cult ritual narrative 'colorful, dramatic' and 'unprofessional'",us
https://www.foxnews.com/entertainment/tom-hanks-movies-watch-self-isolation,Best Tom Hanks movies to watch during self-isolation,entertainment
https://www.foxnews.com/lifestyle/jack-carr-logan-memorial-day-guard-graves-sacred-vigilance,Jack Carr's take on John A. Logan's Memorial Day order: 'Guard their graves with sacred vigilance',lifestyle
https://www.foxnews.com/opinion/biden-clearly-poor-health-deserve-honest-transparent-report,Biden is clearly in poor health. We deserve an honest and transparent report,opinion
https://www.foxnews.com/us/us-supreme-court-upholds-controversial-anti-camping-laws-used-against-homeless-people-oregon-city,US Supreme Court upholds controversial anti-camping laws used against homeless people in Oregon city,us
https://www.foxnews.com/us/routh-stalked-mar-a-lago-trump-golf-course-weeks-may-have-planned-getaway-documents-show.print,"Routh stalked Mar-a-Lago, Trump golf course for weeks, may have planned getaway, documents show",us
https://www.foxnews.com/lifestyle/100-wwii-veteran-first-pitch-long-island-ducks-ballpark,100-year-old WWII veteran throws first pitch at Long Island Ducks ballpark,lifestyle
https://www.foxnews.com/health/fitness-class-too-loud-know-protecting-hearing-health,Fitness class too loud? What to know about protecting your hearing health,health
https://www.foxnews.com/lifestyle/international-destinations-visit-summer-ultimate-vacation,International destinations you can travel to this summer for the ultimate vacation,lifestyle
https://www.foxnews.com/entertainment/whoopi-goldberg-view-barbara-walters-saved-career-after-2004-george-bush-controversy,"Whoopi Goldberg says 'The View,' Barbara Walters saved her career after 2004 George Bush controversy",entertainment
https://www.foxnews.com/entertainment/ticketmaster-apologizes-taylor-swift-fans-sales-disaster,"Ticketmaster apologizes to Taylor Swift, fans over sales disaster",entertainment
https://www.foxnews.com/food-drink/chef-andrew-zimmern-hunts-cooks-wild-animals-creates-recipes-anybody-watching-show.print,"Chef Andrew Zimmern hunts, cooks wild animals, creates recipes 'for anybody' watching his show",food-drink
https://www.foxnews.com/politics/gop-senate-hopeful-rips-dem-opponent-not-holding-biden-harris-accountable-key-issue,'Has done nothing': GOP Senate hopeful rips Dem opponent for not holding Biden-Harris accountable on key issue,politics
https://www.foxnews.com/politics/who-ryan-wesley-routh-alleged-gunman-trump-golf-club,Who is Ryan Wesley Routh: Alleged gunman at Trump golf club,politics
https://www.foxnews.com/entertainment/harry-styles-full-x-factor-uk-audition-video-reveals-details-about-singers-first-performance,Harry Styles' full 'X Factor UK' audition video reveals details about the singer's first performance,entertainment
https://www.foxnews.com/world/video-captures-water-tank-falling-woman-but-she-miraculously-escapes-injury.print,Video captures water tank falling on woman — but she miraculously escapes injury,world
https://www.foxnews.com/politics/judge-blocks-texas-ag-requiring-info-transgender-kids-receiving-gender-transition-treatment,Judge blocks Texas AG from requiring info on transgender kids receiving gender transition treatment,politics
https://www.foxnews.com/media/fox-corporation-launches-donation-drive-american-red-cross-hurricane-helene-relief-efforts,"FOX Corporation launches donation drive for American Red Cross Hurricanes Helene, Milton relief efforts",media
https://www.foxnews.com/lifestyle/memorial-day-numbers-facts-american-holiday,Memorial Day: Important facts about the solemn American holiday,lifestyle
https://www.foxnews.com/media/abc-debate-moderators-spark-fury-aggressive-fact-checking-trump-easy-treatment-harris,"ABC debate moderators spark fury for aggressive fact-checking of Trump, easy treatment of Harris",media
https://www.foxnews.com/politics/obama-calls-out-brothers-apprehensive-vote-harris-youre-thinking-sitting-out.print,Obama calls out ‘brothers’ apprehensive to vote for Harris: ‘You’re thinking of sitting out?’,politics
https://www.foxnews.com/food-drink/dolly-parton-sister-share-sweet-potato-casserole-recipe-perfect-fall,Dolly Parton and her sister share their 'Sweet Potato Casserole' recipe: 'Perfect for the fall',food-drink
https://www.foxnews.com/media/democratic-national-convention-features-cnn-msnbc-figures-plum-speaking-roles,"Democratic National Convention features CNN, MSNBC figures in plum speaking roles",media
https://www.foxnews.com/world/land-american-israel-defiant-barbaric-hamas-declares-never-leaving,"'This isn’t about land': American in Israel defiant against ‘barbaric’ Hamas, declares she’s ‘never leaving’",world
https://www.foxnews.com/media/msnbc-host-defends-harris-avoiding-policy-questions-shes-not-running-perfect,MSNBC host defends Harris avoiding policy questions: She's 'not running for perfect',media
https://www.foxnews.com/politics/vulnerable-democratic-senator-laken-riley-immigration-bill-re-election,Vulnerable Democratic senator backs Laken Riley immigration bill ahead of tough re-election in red state,politics
https://www.foxnews.com/travel/top-thrill-2-roller-coaster-cedar-point-closes-indefinitely-days-after-opening,'Top Thrill 2' roller coaster at Cedar Point closes indefinitely just days after long-awaited opening,travel
https://www.foxnews.com/us/illegal-immigrants-arrested-wealthy-florida-county-sexual-crimes-against-child.print,Illegal immigrants arrested in wealthy Florida county for sexual crimes against a child,us
https://www.foxnews.com/lifestyle/flag-day-spectacle-american-communities,Flag Day is a patriotic spectacle in these all-American communities,lifestyle
https://www.foxnews.com/us/witness-saw-trump-assassination-suspect-flee-bushes-took-photo-getaway-car,"Witness saw Trump assassination suspect flee bushes, took photo of getaway car",us
https://www.foxnews.com/media/ohio-residents-small-town-erupt-over-havoc-caused-massive-influx-20000-haitians,"Ohio residents in small town erupt over havoc caused by massive influx of 20,000 of Haitians",media
https://www.foxnews.com/health/two-women-heart-disease-had-fight-diagnosis-they-advocated-health,Two women with heart disease had to fight for a diagnosis. Here’s how they advocated for their health,health
https://www.foxnews.com/media/trump-campaign-official-bashes-cnn-cutting-mid-interview-censored-me,Trump official says CNN can't handle criticism after host shut down her interview: 'Censored me',media
https://www.foxnews.com/us/florida-human-trafficking-sting-nabs-157-people-including-25-illegal-immigrants,"Florida human trafficking sting nabs 157 people, including 25 illegal immigrants",us
https://www.foxnews.com/politics/trump-trial-stemming-from-jack-smiths-probe-delayed-past-election-day.print,Trump trial stemming from Jack Smith's probe delayed past Election Day,politics
https://www.foxnews.com/media/donny-deutsch-dems-losing-on-economy-so-scare-voters-against-racist-gop,"Donny Deutsch: Democrats losing on economy, so we need to 'scare' voters against ‘racist’ GOP",media
https://www.foxnews.com/politics/harris-takes-aim-trump-she-vows-to-president-all-americans,Harris takes aim at Trump as she vows 'to be a president for all Americans',politics
https://www.foxnews.com/health/four-texas-residents-connected-two-kidney-donations-different-cities-timed,Four Texas residents forever connected by two kidney donations in different cities: 'Superbly timed',health
https://www.foxnews.com/media/cbs-tarred-feathered-admitting-existence-hunter-bidens-laptop-two-years-after-new-york-post-report,CBS tarred and feathered for admitting existence of Hunter Biden’s laptop two years after New York Post report,media
https://www.foxnews.com/lifestyle/pennsylvania-mother-son-both-born-rare-genetic-disease-closer-this,Pennsylvania mother and son both born with rare genetic disease: 'Closer because of this',lifestyle
https://www.foxnews.com/world/israel-says-top-hamas-rafah-brigade-dismantled-philadelphi-corridor-2000-terrorists-killed,"Israel says top Hamas Rafah brigade ‘dismantled’ on Philadelphi Corridor, 2,000 terrorists killed",world
https://www.foxnews.com/us/idaho-move-resurrect-firing-squad-makes-sense-quickest-surest-death-penalty-option-expert-says,"Idaho's move to resurrect firing squad 'makes sense' as 'quickest, surest' death penalty option, expert says",us
https://www.foxnews.com/sports/trump-would-do-better-job-protecting-womens-sports-golfer-lauren-miller-says,"Trump would do better job protecting women's sports, golfer Lauren Miller says",sports
https://www.foxnews.com/media/kamala-harris-interview-black-journalists-lacked-specifics-cnn-host-abby-phillip,Kamala Harris' interview with Black journalists 'lacked specifics': CNN host Abby Phillip,media
https://www.foxnews.com/sports/cowboys-demarcus-lawrence-says-he-burned-through-his-entire-rookie-salary-his-3rd-season,Cowboys' DeMarcus Lawrence says he burned through his entire rookie salary by his 3rd season,sports
https://www.foxnews.com/media/columbia-university-professor-describes-hamas-terrorist-attacks-indigenous-palestinian-resistance,Columbia University professor describes Hamas terrorist attacks as 'indigenous Palestinian resistance',media
https://www.foxnews.com/politics/trends-good-swing-county-gop-chair-calls-little-pennsylvania-itll-be-repeat-16.print,Trends are good in the swing county GOP chair calls ‘Little Pennsylvania’: It’ll ‘be a repeat of ‘16’,politics
https://www.foxnews.com/media/washington-post-kamala-harris-small-c-conservative,Washington Post columnist panned for calling Kamala Harris a 'small-c conservative',media
https://www.foxnews.com/media/joe-rogan-warns-kamala-harris-win-because-people-giving-bulls-never-before,Joe Rogan warns Kamala Harris will win because people are 'giving into the bulls---' like never before,media
https://www.foxnews.com/politics/ryan-rouths-poor-mans-surveillance-enough-scout-out-spot-target-trump-expert.print,Ryan Routh's 'poor man's surveillance' enough to scout out spot to target Trump: expert,politics
https://www.foxnews.com/sports/olympic-medalist-slams-transgender-track-athlete-competing-womens-event-simply-cheating,Olympic medalist slams transgender track athlete for competing in women's event: 'Simply cheating',sports
https://www.foxnews.com/sports/nfl-great-believes-panic-jets-organization-played-role-robert-salehs-firing,NFL great believes panic in Jets’ organization played a role in Robert Saleh’s firing,sports
https://www.foxnews.com/world/kings-speech-opens-parliament-new-uk-labour-government-plans-national-renewal,"Parliament for new UK Labour government opens with King's Speech, plans for 'national renewal'",world
https://www.foxnews.com/politics/dem-lawmakers-voting-records-biden-harris-spotlight-ahead-tight-races,Dem lawmakers' voting records with Biden-Harris in spotlight ahead of tight races,politics
https://www.foxnews.com/lifestyle/best-homemade-thanksgiving-turkey-gravy-whole-family-love-try-recipe,'Best homemade' Thanksgiving turkey gravy: Try the recipe,lifestyle
https://www.foxnews.com/opinion/beware-kamalas-fair-share-lie-taxes.print,Beware Kamala's 'fair share' lie on taxes,opinion
https://www.foxnews.com/media/biden-says-hes-more-physically-viable-than-time-reporters-interviewing-him-i-can-take-you-too.print,Biden says he's more physically viable than TIME reporters interviewing him: ‘I can take you too’,media
https://www.foxnews.com/politics/hospital-delayed-emergency-abortion-bears-blame-georgia-womans-death-familys-lawyer-claims,"Hospital that delayed emergency abortion bears blame for Georgia woman’s death, family’s lawyer claims",politics
https://www.foxnews.com/media/new-cnn-boss-christ-licht-determined-tamp-down-spectacle-evaluates-who-should-stick-around.print,New CNN boss Chris Licht ‘determined to tamp down spectacle’ as he evaluates who should stick around: insider,media
https://www.foxnews.com/world/vietnam-war-formally-ends-this-day-in-history,Vietnam War formally ends: This Day in History,world
https://www.foxnews.com/sports/tom-brady-has-not-talked-trump-years,Tom Brady reveals he has not talked to Trump in 'a lot of years',sports
https://foxnews.com/politics/harris-claims-trump-abortion-platform-makes-no-exception-moments-after-trump-says-opposite-absolute-lie,"Harris claims Trump abortion platform makes ‘no exception,’ moments after Trump says the opposite",politics
https://www.foxnews.com/us/watch-body-camera-footage-migrant-allegedly-responsible-murder-rape-maryland-mom-rachel-morin,"WATCH: Body camera footage of migrant accused in murder, rape of Maryland mom Rachel Morin",us
https://www.foxnews.com/politics/dnc-paints-harris-law-order-standard-bearer-past-comments-militarization-police-resurface.print,DNC paints Harris as ‘law and order’ standard-bearer as past comments on ‘militarization of police’ resurface,politics
https://www.foxnews.com/entertainment/taylor-swift-travis-kelce-turn-heads-blake-lively-ryan-reynolds-romantic-double-date-dinner.print,"Taylor Swift, Travis Kelce turn heads with Blake Lively, Ryan Reynolds at romantic double date dinner",entertainment
https://www.foxnews.com/entertainment/arnold-schwarzenegger-expands-current-relationship-status-ex-wife-maria-shriver,Arnold Schwarzenegger expands on his current relationship status with ex-wife Maria Shriver,entertainment
https://www.foxnews.com/entertainment/sydney-sweeney-says-paparazzi-yelled-her-family-force-her-out-home-bikini,Sydney Sweeney says paparazzi yelled at her family to force her out of home in a bikini,entertainment
https://www.foxnews.com/politics/chip-roy-says-voters-dont-give-two-flying-s-s-about-government-shutdown-fight,Chip Roy says voters 'don't give 2 flying s---s' about government shutdown fight,politics
https://www.foxnews.com/us/video-resurfaces-showing-fema-prioritizing-equity-over-helping-greatest-number-people-disaster-relief,Video resurfaces showing FEMA prioritizing equity over helping greatest number of people in disaster relief,us
https://www.foxnews.com/sports/ncaa-faces-lawsuit-transgender-policies-fight-very-essence-womens-sports.print,NCAA faces lawsuit over transgender policies: 'Fight for the very essence of women's sports',sports
https://www.foxnews.com/lifestyle/this-day-history-may-12-1965-rolling-stones-record-satisfaction-keith-richards-dreamed-riff,"On this day in history, May 12, 1965, Rolling Stones record 'Satisfaction' after Keith Richards dreamed a riff",lifestyle
https://www.foxnews.com/politics/elite-university-journalism-professor-exposed-for-monthslong-campaign-justifying-hamas,Elite university journalism professor exposed for monthslong campaign justifying Hamas,politics
https://foxnews.com/politics/taylor-swift-endorses-kamala-harris-president-after-debate-ive-made-my-choice,Taylor Swift endorses Kamala Harris for president after debate: ‘I’ve made my choice’,politics
https://www.foxnews.com/world/odds-of-israel-hezbollah-war-inevitable-experts-fear-totally-pessimistic,"Odds of Israel-Hezbollah war 'inevitable,' experts fear: 'Totally pessimistic'",world
https://www.foxnews.com/politics/trump-set-host-rally-bidens-home-state-hush-money-trial,Trump set to host rally in Biden's home state ahead of hush money trial,politics
https://www.foxnews.com/politics/early-voting-begins-nebraska-washington-dc,"Early voting begins in Nebraska and Washington, DC",politics
https://www.foxnews.com/media/voters-give-harris-debate-win-praise-trump-policy-she-got-under-his-skin,"Voters give Harris the debate win, but praise Trump on policy: She got under his skin",media
https://www.foxnews.com/us/ice-confirms-aurora-colorado-gang-members-united-states-illegally-released-biden-admin.print,"ICE confirms Aurora, Colorado gang members are in the United States illegally, released by Biden admin",us
https://www.foxnews.com/politics/biden-replacement-illinois-gov-pritzker-keeping-options-open-some-democrats-look-new-blood,Biden replacement? Illinois Gov. Pritzker keeping options open as some Democrats look for new blood,politics
https://www.foxnews.com/world/kerch-bridge-connecting-crimea-russia-fire-after-possible-fuel-tank-explosion-ukraine-media,"Explosion rocks Kerch Bridge connecting Russia and Crimea, 3 dead: officials",world
https://www.foxnews.com/politics/father-american-israeli-hostage-pleads-deal-with-satan-before-biden-harris-enter-situation-room,"Father of Israeli-American hostage pleads for deal 'with Satan' before Biden, Harris enter Situation Room",politics
https://www.foxnews.com/lifestyle/deployed-soldier-pleads-rescue-puppy-found-overseas.print,Deployed soldier pleads for rescue of puppy found overseas: 'Part of my soul',lifestyle
https://foxnews.com/politics/trump-harris-trade-barbs-crime-during-first-presidential-debate-through-roof,"Trump, Harris trade barbs on crime during first presidential debate: 'Through the roof'",politics
https://www.foxnews.com/media/bill-maher-makes-bold-2024-prediction-after-trump-harris-debate,Bill Maher makes this bold 2024 prediction after Trump-Harris debate,media
https://www.foxnews.com/tech/get-apps-off-your-phone,Get these apps off your phone,tech
https://www.foxnews.com/media/x-melts-down-trump-musks-interview-space-immediately-crashes,X melts down after Trump-Musk's interview 'Space' immediately crashes,media
https://www.foxnews.com/politics/environmentalists-blocking-forest-management-methods-saving-sequoias-yosemite-wildfire,Environmentalists are blocking forest management methods saving iconic sequoias amid Yosemite wildfire,politics
https://www.foxnews.com/media/keith-olbermann-calls-cnn-fire-a-hole-van-jones-criticizing-biden,Keith Olbermann calls on CNN to 'fire this a--hole' Van Jones for criticizing Biden,media
https://www.foxnews.com/politics/swiss-billionaire-backed-environmental-groups-spent-big-targeting-millions-biden-voters,Swiss billionaire-backed environmental groups spent big targeting millions of Biden voters,politics
https://www.foxnews.com/politics/2024-showdown-trump-campaign-rejoices-harris-leans-in-key-issue-haunting-vice-presidency.print,2024 Showdown: Trump campaign rejoices after Harris leans in on key issue haunting her vice presidency,politics
https://www.foxnews.com/world/biden-warned-meddling-israeli-politics-intel-report-says-netanyahus-leadership-jeopardy,Biden warned about 'meddling' in Israeli politics after intel report says Netanyahu's leadership 'in jeopardy',world
https://www.foxnews.com/entertainment/simon-cowell-injury-americas-got-talent-judges-react,'America's Got Talent' judges speak out about Simon Cowell's injury: 'We miss our boss',entertainment
https://www.foxnews.com/politics/georgia-doctors-speak-out-challenge-misinformation-states-abortion-law-death-amber-thurman.print,"Georgia doctors speak out to challenge misinformation on state's abortion law, death of Amber Thurman",politics
https://www.foxnews.com/lifestyle/amid-tornado-wedding-couple-forced-first-dance-basement-chaos-ensued,"Amid tornado, wedding couple forced to have first dance in basement: 'Chaos ensued'",lifestyle
https://www.foxnews.com/us/venezuelan-gang-tren-de-aragua-take-over-texas-hotel-county-officials-work-shut-down-business,"Venezuelan gang Tren de Aragua take over Texas hotel, county officials work to shut down business",us
https://www.foxnews.com/politics/top-five-moments-secret-service-directors-hours-long-grilling-after-trump-assassination-attempt,Top five moments from Secret Service director's hours-long grilling after Trump assassination attempt,politics
https://www.foxnews.com/media/he-has-way-connecting-our-people-southside-chicago-native-says-about-trump-gaining-support,'He has a way of connecting with our people': Southside Chicago resident believes Trump is gaining support,media
https://www.foxnews.com/us/atlanta-cop-city-protesters-clash-police-construction-training-center.print,Atlanta 'Cop City' protesters clash with police over construction of training center,us
https://www.foxnews.com/media/trump-says-there-no-third-debate-claiming-victory-against-harris-tuesdays-showdown,"Trump says 'there will be no third debate,' claiming victory against Harris in Tuesday's showdown",media
https://www.foxnews.com/entertainment/craig-morgan-reflects-faith-family-country-music-stardom-loss-memoir-god-family-country,"Craig Morgan reflects on faith, family, country music stardom and loss in his memoir 'God, Family, Country'",entertainment
https://www.foxnews.com/politics/republican-convention-gets-underway-two-days-after-trump-survived-assassination-attempt,Republican convention gets underway two days after Trump survived an assassination attempt,politics
https://www.foxnews.com/food-drink/sandwich-new-england-most-unusual-treat-fascinating-story-5-cool-facts,"Sandwich from New England, a most unusual treat, has fascinating story, plus 5 fun facts",food-drink
https://www.foxnews.com/politics/texas-appeals-court-blocks-state-investigating-parents-providing-children-transgender-treatment,Texas appeals court blocks state from investigating parents providing children with transgender treatment,politics
https://www.foxnews.com/politics/gop-call-schumer-dems-take-up-border-bills-tout-immigration-vigilance.print,"GOP sens call on Schumer, Dems to take up border bills as they tout immigration vigilance",politics
https://www.foxnews.com/us/gold-star-families-gwot-memorial-national-mall,"Gold Star families want National Mall memorial for service members killed in war on terror, decry delays",us
https://www.foxnews.com/auto/jeep-saluting-u-s-military-veterans-cash-back-deal,"Jeep saluting US military and veterans with $1,000 cash-back deal",auto
https://www.foxnews.com/opinion/boy-beat-track-sexually-harassed-biden-thinks-problem.print,A boy beat me in track and sexually harassed me. Biden thinks I’m the problem,opinion
https://www.foxnews.com/media/former-secret-service-agent-questions-why-trump-rushed-stage-amid-threat-concerns,Former Secret Service agent questions why Trump was allowed on stage amid threat concerns: 'Why not delay?',media
https://www.foxnews.com/lifestyle/patriot-remembered-military-mom-memorializes-son-died-national-guard-helicopter-crash-book,Patriot remembered: Military mom memorializes son who died in National Guard helicopter crash with new book,lifestyle
https://www.foxnews.com/entertainment/beatles-paul-mccartney-john-lennon-the-lyrics-book,Beatles star Paul McCartney reflects on feud with John Lennon following band's split: 'It hurt',entertainment
https://www.foxnews.com/media/rep-clyburn-declares-support-kamala-harris-dem-nominee-biden-has-bow-out-i-support-her,Rep. Clyburn declares support for Kamala Harris as Dem nominee if Biden has to bow out: ‘I will support her',media
https://www.foxnews.com/entertainment/rumer-willis-shares-small-update-dad-bruce-she-announces-shes-single-momming-it,Rumer Willis shares small update on dad Bruce as she announces she's 'single momming it',entertainment
https://www.foxnews.com/politics/pelosi-beams-about-warm-relationship-bush-family-amid-biden-turmoil,Pelosi gushes about warm relationship with Bush family amid Biden turmoil,politics
https://www.foxnews.com/politics/fox-news-power-rankings-trump-leads-dissatisfied-electorate,Fox News Power Rankings: Trump leads a dissatisfied electorate,politics
https://www.foxnews.com/media/cbs-reporter-finds-only-3-harris-supporter-3-nevada-restaurants-people-really-excited-about-trump#&_intcmp=fnhpriver_13,CBS reporter finds only 3 Harris supporters in 3 Nevada restaurants: 'People are really excited about Trump',media
https://www.foxnews.com/politics/lead-counsel-hits-new-dem-effort-delegitimize-supreme-court-amid-senators-report-kavanaugh-probe.print,Lead counsel hits new Dem effort to 'delegitimize' Supreme Court amid senator's report on Kavanaugh probe,politics
https://www.foxnews.com/media/cnn-not-waiting-make-more-changes-network-insider-not-going-wait-deals,"CNN not waiting to make more changes at network, insider says: 'They’re not going to wait out deals'",media
https://www.foxnews.com/sports/chargers-jim-harbaugh-abruptly-leaves-game-mystery-illness-returns-minutes-later,"Chargers' Jim Harbaugh abruptly leaves game with mystery illness, returns minutes later",sports
https://www.foxnews.com/politics/biden-has-been-secretly-meeting-with-donors-ease-concerns-including-his-age-energy,"Biden has been secretly meeting with donors to ease concerns, including his age and energy: report",politics
https://www.foxnews.com/politics/rachel-morins-mom-sounds-alarm-illegal-immigration-daughters-murder,'Our people are dying': Rachel Morin's mom sounds alarm about illegal immigration after daughter's murder,politics
https://www.foxnews.com/media/trump-thrilled-harris-tapping-very-liberal-tim-walz-running-mate-shocking-pick,Trump 'thrilled' with Harris tapping 'very liberal' Tim Walz as running mate: 'Shocking pick',media
https://www.foxnews.com/media/sharpton-warns-biden-team-too-cocky-about-beating-trump-tell-their-confidence-misplaced.print,Sharpton warns Biden team it's too cocky about beating Trump: 'I tell them their confidence is misplaced',media
https://www.foxnews.com/health/father-created-drug-save-his-son-from-rare-disease-now-other-families-desperate-get.print,"Father created a drug to save his son from a rare disease, now other families are desperate to get it",health
https://www.foxnews.com/world/kim-jong-un-brings-daughter-tour-north-korea-first-public-appearance-weeks,Kim Jong Un brings daughter on tour of North Korea in his first public appearance in weeks,world
https://www.foxnews.com/politics/harris-heads-southern-border-looking-flip-script-immigration-criticisms,Harris heads to southern border looking to flip script on immigration criticisms,politics
https://www.foxnews.com/media/charlamagne-tha-god-praises-trump-ad-harris-supporting-funding-migrant-inmate-sex-changes-that-nuts.print,"Charlamagne Tha God praises Trump ad on Harris supporting funding migrant, inmate sex changes: 'That was nuts'",media
https://www.foxnews.com/us/trump-launches-gofundme-help-hurricane-helene-victims-raises-more-1m,"Trump launches GoFundMe to help Hurricane Helene victims, raises more than $1M",us
https://www.foxnews.com/lifestyle/memorial-day-lee-greenwood-remembers-americas-heroes-never-take-freedom-granted,"On Memorial Day, Lee Greenwood remembers America's heroes: 'Never take freedom for granted'",lifestyle
https://www.foxnews.com/politics/house-republicans-political-fallout-government-shutdown.print,House Republicans privately worry about political fallout of government shutdown,politics
https://www.foxnews.com/politics/fox-news-power-rankings-all-eyes-could-omaha-november,Fox News Power Rankings: All eyes could be on Omaha this November,politics
https://www.foxnews.com/politics/freedom-caucus-draws-battle-lines-government-shutdown-fight,Freedom Caucus draws first battle lines in election year government shutdown fight,politics
https://www.foxnews.com/politics/ms-13-gang-member-suspected-murder-allowed-attend-maryland-high-school,MS-13 gang member suspected of murder allowed to attend Maryland high school,politics
https://www.foxnews.com/media/david-axelrod-cautions-against-overconfidence-kamala-harris-its-electoral-college-fight,David Axelrod cautions against overconfidence in Kamala Harris: 'It's an Electoral College fight',media
https://www.foxnews.com/media/jon-stewart-calls-out-bernie-sanders-bill-clinton-democrats-hypocrisy-dnc.print,"Jon Stewart calls out Bernie Sanders, Bill Clinton and Democrats for hypocrisy at DNC",media
https://www.foxnews.com/media/iowa-farmer-blasts-biden-inflation-warns-monthly-grocery-bills-increase-1000,"Iowa farmer blasts Biden inflation, warns monthly grocery bills will increase $1,000",media
https://www.foxnews.com/lifestyle/rare-us-coin-130-years-ago-worth-millions-expert-confirms-9-could-out-there,"Rare US coin from 130 years ago worth millions, expert confirms only 9 could be out there",lifestyle
https://www.foxnews.com/politics/overwhelming-majority-black-swing-state-voters-back-harris-across-all-age-groups-poll,"Majority of Black swing-state voters back Harris, as Trump makes inroads with Black men: poll",politics
https://www.foxnews.com/politics/aclu-lgbt-groups-sue-missouri-ag-gender-transition-emergency-rule,"ACLU, LGBT groups sue Missouri AG over gender transition emergency rule",politics
https://www.foxnews.com/politics/same-poll-taken-one-month-apart-shows-which-presidential-candidate-has-momentum-key-states,Same poll taken one month apart shows which presidential candidate has momentum in key states,politics
https://www.foxnews.com/sports/guardians-closer-emmanuel-clase-shows-off-accolades-right-after-blowing-save-yankees-alcs.print,Guardians closer Emmanuel Clase shows off accolades right after blowing save to Yankees in ALCS,sports
https://www.foxnews.com/media/cnn-chris-licht-replaces-jeff-zucker-president,"CNN taps new president, current executive producer of 'The Late Show' to replace Jeff Zucker",media
https://www.foxnews.com/entertainment/one-direction-devastated-by-liam-paynes-death-say-will-miss-him-terribly,"One Direction members 'devastated by' Liam Payne’s death, say they 'will miss him terribly'",entertainment
https://www.foxnews.com/world/putin-says-he-backs-harris-over-trump-adds-hes-ready-talks-ukraine,"Putin says he backs Harris over Trump, adds he's ready for talks with Ukraine",world
https://www.foxnews.com/lifestyle/this-day-history-may-13-1981-pope-john-paul-ii-survives-assassination-attempt,"On this day in history, May 13, 1981, Pope John Paul II survives assassination attempt",lifestyle
https://www.foxnews.com/politics/scott-says-us-must-stand-shoulder-shoulder-israel-hamas-terror-attack,Scott says US must stand ‘shoulder-to-shoulder’ with Israel after Hamas terror attack: ‘Never back down’,politics
https://www.foxnews.com/politics/new-report-warns-bloodthirsty-venezuelan-gangs-footprint-remain-us-for-decades,New report warns bloodthirsty Venezuelan gang's footprint will remain in US ‘for decades',politics
https://www.foxnews.com/media/bernie-sanders-says-harris-abandoning-far-left-policies-in-order-win-election,Bernie Sanders says Harris dropping far-left policies 'in order to win the election',media
https://www.foxnews.com/politics/swing-state-voters-tell-nyt-ditching-biden-trump-2024,Swing state voters tell NYT why they're ditching Biden for Trump in 2024,politics
https://www.foxnews.com/us/tennessee-shooting-nashville-police-release-security-camera-footage-covenant-school-attack-killed-6,Tennessee shooting: Nashville police release security camera footage of Covenant school attack that killed 6,us
https://www.foxnews.com/politics/florida-gov-desantis-says-state-conduct-investigation-second-trump-assassination-attempt,Florida Gov. DeSantis says state will conduct investigation into second Trump assassination attempt,politics
https://www.foxnews.com/entertainment/morgan-wallen-donates-hurricane-helene-relief-says-family-safe-amid-devastating-floods,"Morgan Wallen donates to Hurricane Helene relief, says family is 'safe' amid devastating floods",entertainment
https://www.foxnews.com/media/5-over-top-dnc-media-moments-coining-term-kamala-harris-democrats-comparing-obama-jesus,"5 over-the-top DNC media moments, from coining the term 'Kamala Harris Democrats' to comparing Obama and Jesus",media
https://www.foxnews.com/politics/harris-off-putting-manner-put-zelenskyy-defensive-ahead-russian-invasion-new-book-reveals,"Harris' off-putting manner put Zelenskyy on defensive ahead of Russian invasion, new book reveals",politics
https://www.foxnews.com/media/kamala-harris-asserts-her-presidency-will-not-continuation-bidens,Kamala Harris asserts her presidency 'will not be a continuation' of Biden's,media
https://www.foxnews.com/politics/biden-warns-nationwide-abortion-ban-republicans-take-majority-congress-choice-clear.print,Biden warns of nationwide abortion ban if Republicans take majority of Congress: 'The choice is clear',politics
https://www.foxnews.com/media/michael-moore-warns-kamala-harris-not-go-centrist,Michael Moore warns Kamala Harris to not go ‘centrist’,media
https://www.foxnews.com/media/msnbcs-stephanie-ruhle-fawns-over-harris-says-non-answers-okay-arent-clear-direct-issues,"MSNBC's Stephanie Ruhle fawns over Harris, says non-answers are 'okay': These aren't 'clear and direct issues'",media
https://www.foxnews.com/media/laura-ingraham-walz-has-helped-tank-law-enforcement-his-state-his-way-tanking-education,LAURA INGRAHAM: Walz has helped tank law enforcement in his state and is on his way to tanking education,media
https://www.foxnews.com/politics/supreme-court-rules-favor-jan-6-capitol-riot-participant-challenged-obstruction-conviction.print,Supreme Court rules in favor of Jan. 6 Capitol riot participant who challenged obstruction conviction,politics
https://www.foxnews.com/media/fox-news-digital-thumps-cnn-ny-times-other-major-news-brands-key-metrics-during-second-quarter,"Fox News Digital thumps CNN, NY Times, other major news brands in key metrics during second quarter",media
https://www.foxnews.com/health/are-noise-canceling-headphones-hazardous-health-audiology-experts-warnings,Are noise-canceling headphones hazardous to your health? Audiology experts share warnings,health
https://www.foxnews.com/politics/beyonce-gave-scotus-justice-ketanji-brown-jackson-concert-tickets-valued-nearly-4000-filing,"Beyoncé gave SCOTUS Justice Ketanji Brown Jackson concert tickets valued at nearly $4,000: report",politics
https://www.foxnews.com/politics/supreme-court-hears-cases-on-prolonged-detention-of-illegal-immigrants,Supreme Court hears cases on prolonged detention of illegal immigrants,politics
https://www.foxnews.com/us/texas-mom-luxury-real-estate-agent-missing-after-party-exclusive-private-club-husband-arrested,"Texas mom, luxury real estate agent missing after party at exclusive private club, husband arrested",us
https://www.foxnews.com/media/kamala-harris-receives-worst-vice-presidential-rating-nbc-news-polls-history.print,Kamala Harris receives worst vice presidential rating in NBC News poll's history,media
https://www.foxnews.com/travel/airport-tray-aesthetic-goes-viral-some-travelers-halt-security-checkpoints-photo-ops,'Airport tray aesthetic' goes viral as some travelers halt security checkpoints for photo ops,travel
https://www.foxnews.com/politics/new-poll-shows-trump-holds-lead-remarkably-resilient-support-poll,New poll shows Trump holds lead with ‘remarkably resilient’ support,politics
https://www.foxnews.com/us/alert-st-louis-hotel-staff-helps-save-kidnapped-florida-women-from-captors-report,Alert St. Louis hotel staff helps save kidnapped Florida women from captors: report,us
https://www.foxnews.com/politics/biden-admins-proposed-menthol-cigarette-ban-could-become-liability-2024,Biden admin's proposed menthol cigarette ban could become liability in 2024: 'Unintended consequences',politics
https://www.foxnews.com/politics/first-fox-top-outside-group-backing-senate-republicans,First on Fox: Top outside group backing Senate Republicans showcases fundraising haul,politics
https://www.foxnews.com/media/trump-has-taken-81-questions-press-conferences-interviews-compared-harris-14-since-walz-joined-ticket,"Trump has taken 81 questions at press conferences, interviews compared to Harris' 14 since Walz joined ticket",media
https://www.foxnews.com/politics/new-jersey-democrat-proposes-bill-create-travel-advisories-inform-pregnant-women-state-abortion-laws.print,New Jersey Democrat proposes bill to create travel advisories to inform pregnant women of state abortion laws,politics
https://www.foxnews.com/entertainment/former-one-direction-band-member-niall-horan-announces-new-solo-music-festivals-2023,Former One Direction band member Niall Horan announces new solo music and festivals in 2023,entertainment
https://www.foxnews.com/lifestyle/picky-eater-family-try-color-dishware-study,"Picky eater in your family? Try using a different color of dishware, study suggests",lifestyle
https://www.foxnews.com/media/nearly-two-dozen-north-carolina-teachers-missing-aftermath-hurricane-helene-devastating,North Carolina community 'hunting' for missing teachers in 'devastating' aftermath of Hurricane Helene,media
https://www.foxnews.com/media/university-virginias-student-newspaper-calls-removing-thomas-jeffersons-name-from-campus.print,University of Virginia's student newspaper calls to removing Thomas Jefferson's name from campus,media
https://www.foxnews.com/sports/vandals-deface-tour-bus-womens-advocacy-group-anti-woman-messages,Vandals deface tour bus for women's advocacy group with 'anti-woman messages',sports
https://www.foxnews.com/us/3-workers-remain-hospitalized-collapse-closed-bridge-rural-mississippi-killed-co-workers,3 workers remain hospitalized after collapse of closed bridge in rural Mississippi killed co-workers,us
https://www.foxnews.com/opinion/oct-7-anniversary-we-remember-betrayal-silence.print,"On Oct. 7 anniversary, we remember this betrayal of silence",opinion
https://www.foxnews.com/us/michigan-state-sets-aside-unconditional-love-fund-only-lgbtqia2s-students-are-eligible,"Michigan State sets aside 'Unconditional Love Fund,' but only 'LGBTQIA2S+' students are eligible",us
https://www.foxnews.com/media/webpage-rated-kamala-harris-most-liberal-senator-2019-suddenly-disappears,Webpage that rated Kamala Harris the 'most liberal' senator in 2019 suddenly disappears,media
https://www.foxnews.com/politics/biden-trump-struggle-lock-up-base-voters-ahead-first-debate,"'Warning signs flashing': Biden, Trump struggle to lock up base voters ahead of first debate",politics
https://www.foxnews.com/us/anti-israel-demonstrations-continue-near-dnc-3rd-night-crowds-gather-larger-numbers,Anti-Israel demonstrations continue near DNC for 3rd night as crowds gather in larger numbers,us
https://www.foxnews.com/food-drink/food-college-gets-high-tech-boost-first-robotic-kitchen-university-setting,Food at college gets high-tech boost with first robotic kitchen in university setting,food-drink
https://www.foxnews.com/media/the-washington-post-elon-musk-war-twitter-takeover,The Washington Post wages war on Elon Musk as he takes over Twitter,media
https://www.foxnews.com/politics/kamala-era-dnc-launches-taylor-swift-themed-campaign-pitch-young-voters,'Kamala Era': DNC launches Taylor Swift-themed campaign in pitch to young voters,politics
https://www.foxnews.com/lifestyle/secrets-staying-ageless-florida-seniors-reveal-how-hit-home-run-health,Secrets of staying ageless: Four Florida seniors reveal how to hit a home run for good health,lifestyle
https://www.foxnews.com/world/putin-no-rivals-presidency-election-spokesman-claims.print,"Putin has 'no rivals' for presidency ahead of election, spokesman claims",world
https://www.foxnews.com/entertainment/liam-paynes-one-direction-bandmate-shares-heartbreaking-final-moments-together-argentina,Liam Payne’s One Direction bandmate shares ‘heartbreaking’ final moments together in Argentina,entertainment
https://www.foxnews.com/media/bill-maher-roasts-woke-presentism-magic-moral-time-machine-you-always-win,Bill Maher roasts woke 'presentism': 'A magic moral time machine' where you always win,media
https://www.foxnews.com/politics/trump-opposes-floridas-amendment-4-which-offers-unfettered-abortion-access-its-radical,"Trump opposes Florida's Amendment 4, which offers unfettered abortion access: 'It's radical'",politics
https://www.foxnews.com/politics/itll-upend-community-pa-town-roiled-talk-migrant-housing-civil-war-era-orphanage-building.print,'It'll upend the community': PA town roiled by talk of migrant housing in Civil War-era orphanage building,politics
https://www.foxnews.com/official-polls/fox-news-poll-harris-trump-locked-tight-race-battleground-pennsylvania,"Fox News Poll: Harris, Trump locked in tight race in battleground Pennsylvania",official-polls
https://www.foxnews.com/politics/who-is-tim-walz-meet-harris-running-mate-called-republicans-weird-people,Who is Tim Walz? Meet the Harris running mate who called Republicans 'weird people',politics
https://www.foxnews.com/health/aging-speeds-massively-two-points-lifetime-stanford-study-finds-abrupt-changes.print,"Aging speeds up 'massively' at two points in one's lifetime, Stanford study finds: ‘Abrupt changes’",health
https://www.foxnews.com/politics/trump-sounds-alarm-illegal-immigrant-murderers-bad-genes-in-country.print,Trump sounds alarm on illegal immigrant murderers: 'A lot of bad genes in our country',politics
https://www.foxnews.com/travel/national-museum-marine-corps-unveils-new-exhibits-honoring-soldiers-made-ultimate-sacrifice,"National Museum of the Marine Corps unveils new exhibits, honoring those 'who made the ultimate sacrifice'",travel
https://www.foxnews.com/media/wsj-editorial-board-harris-doing-first-interview-crutch-tim-walz-insult-american-voters,WSJ editorial board says Harris is doing first interview with 'crutch' Tim Walz: ‘Insult to American voters',media
https://www.foxnews.com/tech/fix-autocorrect-driving-you-ducking-crazy,Fix autocorrect if it’s driving you ducking crazy,tech
https://www.foxnews.com/politics/what-paying-your-fair-share-mean-jury-still-out-members-congress.print,What does paying your 'fair share' mean? The jury is still out for members of Congress.,politics
https://www.foxnews.com/media/abc-presidential-debate-moderators-david-muir-linsey-davis-fact-check-trump-5-times-0-harris.print,"ABC Presidential Debate: Moderators David Muir and Linsey Davis fact-check Trump 5 times, 0 for Harris",media
https://www.foxnews.com/politics/migrant-controversy-hits-heartland-alabama-council-meeting-boils-over-state-officials-slam-feds-mess,"Migrant controversy hits heartland as Alabama council meeting boils over, state officials slam feds' 'mess'",politics
https://www.foxnews.com/politics/harris-trump-camps-launch-dueling-ad-blitzes-define-vp-voters,"Harris, Trump camps launch dueling ad blitzes to define VP for voters",politics
https://www.foxnews.com/us/laken-riley-murder-suspect-jose-ibarra-pleads-not-guilty,"Laken Riley murder suspect Jose Ibarra pleads not guilty, mother sobs in court",us
https://www.foxnews.com/politics/zuckerberg-expressing-regrets-admits-bowing-biden-administration-pressure-remove-content,"Zuckerberg, expressing regrets, admits bowing to Biden administration pressure to remove content",politics
https://www.foxnews.com/politics/trump-previews-closing-arguments-sham-trial-very-dangerous-day-america,Trump previews closing arguments in 'sham trial': 'Very dangerous day for America',politics
https://foxnews.com/politics/jimmy-carters-family-reveals-how-president-felt-about-biden-quitting-which-dnc-speaker-stole-show,"Jimmy Carter’s family reveals how president felt about Biden quitting, which DNC speaker stole the show",politics
https://www.foxnews.com/media/gutfeld-draws-largest-audience-program-history-trump-appearance.print,'Gutfeld!' draws largest audience in program history with Trump appearance,media
https://www.foxnews.com/politics/how-key-white-house-could-lie-suburban-georgia-county-the-epicenter,'The epicenter': How 'key' to White House could lie in suburban Georgia county,politics
https://www.foxnews.com/politics/biden-cancels-overseas-trip-milton-bears-down-florida-desantis-tells-vp-its-not-about-you-kamala,Biden cancels overseas trip as Milton bears down on Florida; DeSantis tells VP 'it's not about you Kamala',politics
https://www.foxnews.com/politics/political-storm-trump-lies-biden-urges-former-president-get-life-man,"Political storm: On Trump 'onslaught of lies,' Biden urges former president to 'get a life man'",politics
https://www.foxnews.com/sports/womens-pro-soccer-league-systemic-abuse-exual-misconduct-investigation-reveals,"Women's pro soccer league had systemic abuse and sexual misconduct, investigation reveals",sports
https://www.foxnews.com/media/mcconnell-title-42-schumer-special-report-illegal-immigrants,McConnell: Schumer afraid a Title 42 amendment to COVID spending would've passed with Democratic votes,media
https://www.foxnews.com/faith-values/biden-doesnt-understand-catholic-faith-bishop-not-angry-him-hes-just-stupid,"Biden 'doesn't understand the Catholic faith,' bishop says: 'I'm not angry at him, he's just stupid'",faith-values
https://www.foxnews.com/lifestyle/sleep-better-bed-viral-finds,Sleep through the night with these 5 viral bedroom finds,lifestyle
https://www.foxnews.com/live-news/rnc-republican-national-convention-2024-july-18-2024,"Donald Trump officially accepts GOP nomination for POTUS, recounts assassination attempt",live-news
https://www.foxnews.com/us/secret-service-director-kimberly-cheatle-reacts-independent-review-trump-assassination-plot,Secret Service Director Kimberly Cheatle reacts to independent review of Trump assassination plot,us
https://www.foxnews.com/politics/white-house-warns-ultra-maga-policies-abortion-ban-gop-takes-majority-congress,"White House warns of 'ultra-MAGA' policies, abortion ban if GOP takes majority in Congress",politics
https://www.foxnews.com/media/msnbc-guest-claims-latinos-want-white-while-discussing-shift-towards-gop,MSNBC guest claims Latinos 'want to be White' while discussing their shift toward GOP,media
https://www.foxnews.com/media/cookie-monster-hides-sen-bob-caseys-reply-x-dem-sought-campaign-donation-sesame-street-muppet.print,Cookie Monster hides Sen. Bob Casey's reply on X after Dem sought campaign donation: 'Can you chip in?',media
https://www.foxnews.com/us/florida-residents-wouldnt-evacuate-from-milton-heres-how-theyre-doing,These Florida residents wouldn't evacuate from Milton - here's how they're doing,us
https://www.foxnews.com/politics/sen-joe-manchin-calls-biden-step-aside-pass-torch-a-new-generation,"Sen. Joe Manchin calls on Biden to step aside, pass torch to 'a new generation'",politics
https://www.foxnews.com/entertainment/bruce-willis-daughter-gives-update-on-his-health-shares-famous-parents-advice-about-working-in-hollywood.print,"Bruce Willis' daughter gives update on his health, shares famous parents' advice about working in Hollywood",entertainment
https://www.foxnews.com/politics/new-york-ag-case-against-nra-leader-faces-trial-court-again-rejects-gun-groups-claim-political-probe,New York AG case against NRA leader faces trial after court again rejects gun group's claim of political probe,politics
https://www.foxnews.com/us/nj-police-eye-absent-parents-young-mobs-upend-family-friendly-vacation-hot-spots.print,NJ police eye absent parents after young mobs upend family-friendly vacation hot spots,us
https://www.foxnews.com/politics/gorsuch-blasts-sotomayors-dissent-in-christian-web-designer-ruling-reimagines-facts-from-top-to-bottom.print,Gorsuch blasts Sotomayor's dissent in Christian web designer ruling: 'Reimagines' facts from 'top to bottom',politics
https://www.foxnews.com/us/texas-uvalde-shooting-report-reveals-multiple-systemic-failiures,Texas officials: Uvalde shooting report reveals 'multiple systemic failures',us
https://www.foxnews.com/world/idf-uncovers-massive-smuggling-tunnel-vehicles-gaza-egypt-border,IDF uncovers massive smuggling tunnel for vehicles on Gaza-Egypt border,world
https://www.foxnews.com/politics/beyond-insane-economists-slam-biden-harris-proposal-tax-unrealized-investment-returns,'Beyond Insane': Economists slam Biden-Harris proposal to tax unrealized investment returns,politics
https://www.foxnews.com/politics/secretary-state-blinken-arrives-israel-show-solidarity-following-hamas-terrorist-attacks,Secretary of State Blinken arrives in Israel in show of solidarity following Hamas terrorist attacks,politics
https://www.foxnews.com/official-polls/fox-news-poll-harris-closes-gap-trump-sun-belt-states.print,Fox News Poll: Harris closes gap with Trump in Sun Belt states,official-polls
https://www.foxnews.com/entertainment/eric-clapton-covid-vaccine-positive-postpones-cancels-concerts.print,"Eric Clapton positive for COVID-19, postpones concerts",entertainment
https://www.foxnews.com/entertainment/sydney-sweeney-backlash-moms-maga-like-birthday-party-decor-wildfire,Sydney Sweeney says the backlash from her mom's MAGA-like birthday party décor was 'wildfire',entertainment
https://www.foxnews.com/entertainment/simon-cowell-details-years-long-mental-health-battle,Simon Cowell details yearslong mental health battle: 'We're not all made of steel',entertainment
https://www.foxnews.com/health/mens-energy-vitality-plummets-6-reasons-boost-back,Men’s energy and vitality plummets for 6 reasons. Boost it back up this way,health
https://www.foxnews.com/politics/biden-pledges-7-3b-clean-energy-spending-national-debt-35t,Biden pledges $7.3B in 'clean energy' spending with national debt at $35T,politics
https://www.foxnews.com/us/search-missing-texas-mom-suzanne-simpson-leads-san-antonio-landfill,Search for missing Texas mom Suzanne Simpson leads to San Antonio landfill,us
https://www.foxnews.com/politics/harris-trump-deadlocked-pennsylvania-former-president-trails-blue-wall-states-poll.print,Harris and Trump deadlocked in Pennsylvania as former president trails in other 'blue wall' states: poll,politics
https://www.foxnews.com/politics/sen-ron-johnson-releases-preliminary-findings-probe-trump-assassination-attempt,Sen. Ron Johnson releases preliminary findings of probe into Trump assassination attempt,politics
https://www.foxnews.com/sports/riley-gaines-ncaa-lawsuit-time-we-fight-back,Riley Gaines on NCAA lawsuit: 'It is time that we fight back',sports
https://www.foxnews.com/travel/reservations-election-week-getaway-sells-out-seconds-unplugged-travel-spot-offers-steal-deal,Reservations for election week getaway sell out in seconds as 'unplugged' travel spot offers steal of a deal,travel
https://www.foxnews.com/us/trial-delphi-indiana-murder-suspect-moved-may,"Trial for Delphi, Indiana murder suspect moved up to May",us
https://www.foxnews.com/politics/pennsylvania-leaders-talk-very-exciting-ground-game-gop-seeks-undo-dem-gains-a-massive-shift,Pennsylvania leaders in both parties talk ground game as GOP seeks to undo Dem gains: 'Massive shift',politics
https://www.foxnews.com/politics/political-realignment-pennsylvania-despite-recent-dem-wins-gop-gaining-momentum-analysts-say.print,"A political realignment in PA: Despite recent Dem wins, the GOP is gaining momentum, analysts say",politics
https://www.foxnews.com/us/trump-shooting-site-gives-birds-eye-view-disorganized-rally-scene-witnesses-say,"Trump shooting site gives bird's-eye view of 'disorganized' rally scene, witnesses say",us
https://www.foxnews.com/lifestyle/july-4-remember-blessing-living-most-free-prosperous-society-earth,"On July 4, 'remember the blessing of living in the most free and prosperous society' on Earth",lifestyle
https://www.foxnews.com/politics/armed-services-republicans-push-back-accusation-zelenskyys-pa-visit-political,"Armed Services Republicans, White House push back against claims that Zelenskyy's PA visit was 'political'",politics
https://www.foxnews.com/media/cnn-data-expert-says-harris-momentum-has-stalled-while-trump-more-popular-than-past-elections,CNN data expert says Harris' momentum has 'stalled' while Trump is more popular than in past elections,media
https://www.foxnews.com/food-drink/food-bags-bought-whole-foods-discount-go-tiktok-viral-hit-miss,Mystery food bags bought at Whole Foods on deep discount go TikTok viral: 'Hit or miss',food-drink
https://www.foxnews.com/lifestyle/meet-american-founded-grand-ole-opry-remarkable-visionary-george-d-hay.print,Meet the American who founded the Grand Ole Opry: 'Remarkable visionary' George D. Hay,lifestyle
https://www.foxnews.com/lifestyle/florida-beach-living-carefree-answer-caregiving-couple.print,Florida beach living is the carefree answer for one caregiving couple,lifestyle
https://www.foxnews.com/politics/five-controversies-surrounding-vice-presidential-nominee-tim-walz-from-dui-covid-fraud,"Five controversies surrounding vice presidential nominee Tim Walz, from DUI to COVID fraud",politics
https://www.foxnews.com/politics/rfk-no-business-testifying-congress-government-censorship-democrats,"RFK Jr has ‘no business’ testifying in Congress on government censorship, Democrats say",politics
https://www.foxnews.com/politics/kamala-harris-supported-defund-police-2020-radio-interview-before-biden-campaign-said-otherwise,"Kamala Harris supported ‘Defund the police’ in 2020 radio interview, before Biden campaign said otherwise",politics
https://www.foxnews.com/lifestyle/kids-video-gaming-health-experts-fret-fuel-using-win,"Kids may like video gaming, but health experts fret about the 'fuel' they may be using to 'win'",lifestyle
https://www.foxnews.com/tech/security-data-checks-you-should-do-once-year,3 security and data checks you should do once a year,tech
https://www.foxnews.com/lifestyle/this-day-history-sept-21-1780-benedict-arnold-betrays-cause-american-independence.print,"On this day in history, September 21, 1780, Benedict Arnold betrays cause of American independence",lifestyle
https://www.foxnews.com/sports/nelly-korda-suffers-unbelievable-meltdown-us-womens-open-early-septuple-bogey,Nelly Korda suffers unbelievable meltdown at US Women's Open with early septuple-bogey,sports
https://www.foxnews.com/media/third-parties-like-cockroaches-kitchen-former-clinton-adviser-says-foul-it-up-biden,"Third parties are like 'cockroaches in the kitchen,' former Clinton adviser says: 'Foul it up' for Biden",media
https://www.foxnews.com/world/four-american-hostages-remain-hamas-captivity-year-after-oct-7-massacre.print,Four American hostages remain in Hamas captivity a year after Oct. 7 massacre,world
https://www.foxnews.com/media/harris-word-salad-answer-israel-alliance-confounds-social-media-users-someone-please-interpret,Harris' 'word salad' answer on Israel alliance confounds social media users: 'Someone please interpret',media
https://www.foxnews.com/politics/vance-walz-spar-on-immigration-during-vp-debate-been-to-the-border-more-than-our-border-czar.print,"Vance, Walz spar on immigration during VP debate: Been to the border 'more than our border czar'",politics
https://www.foxnews.com/media/brian-stelter-remains-defiant-final-reliable-sources-doubles-down,Brian Stelter remains defiant as final 'Reliable Sources' doubles down on what critics say got it canceled,media
https://www.foxnews.com/food-drink/5-egg-myths-dispelled-expert-tips-egg-lover,"5 egg myths dispelled by an expert, plus tips for every egg lover",food-drink
https://www.foxnews.com/us/delphi-murders-trial-suspect-richard-allen-attorneys-make-stunning-revelation-about-hair-crime-scene,Delphi murders trial: Suspect Richard Allen's attorneys make stunning revelation about hair at crime scene,us
https://www.foxnews.com/us/trump-assassination-attempt-fraternal-order-police-blasts-secret-service-failure,Trump assassination attempt: Fraternal Order of Police blasts Secret Service 'failure',us
https://www.foxnews.com/politics/rick-scott-leads-effort-up-secret-service-protections-after-2nd-assassination-attempt-trump.print,Rick Scott leads effort to up Secret Service protections after 2nd assassination attempt on Trump,politics
https://www.foxnews.com/food-drink/candy-tours-america-5-destinations-sweet-family-memories,Candy tours of America: 5 delectable destinations for sweet family memories,food-drink
https://www.foxnews.com/media/biden-mistakenly-touts-2020-agenda-seth-meyers-interview,Biden mistakenly touts his '2020 agenda' during Seth Meyers interview,media
https://www.foxnews.com/lifestyle/far-left-hatred-jews-today-echoes-socialism-antisemitism-hitler-1930s,Far-left hatred of Jews today echoes the socialism and antisemitism of Hitler in the 1930s,lifestyle
https://www.foxnews.com/us/family-lost-11-hurricane-helene-mudslides-says-community-sacrificed-life-limb-save-each-other,Family that lost 11 in Hurricane Helene mudslides says community sacrificed 'life and limb' to save each other,us
https://www.foxnews.com/politics/sources-close-biden-furious-growing-calls-get-exit-race-report,Sources close to Biden 'furious' about growing calls to get him to exit race: report,politics
https://www.foxnews.com/politics/christian-baker-sued-refusing-gender-transition-cake-says-supreme-court-ruling-puts-law-his-side,Christian baker sued for refusing gender-transition cake says Supreme Court ruling puts law on his side,politics
https://www.foxnews.com/us/third-strike-trans-rape-suspect-prompts-rebellion-against-ca-law-after-attack-womens-prison,3rd-strike 'trans' rape suspect prompts rebellion against CA law after attack in women's prison,us
https://www.foxnews.com/world/idf-says-suspicious-aerial-targets-crossed-from-lebanon-before-israeli-forces-knocked-them-down.print,IDF says 'suspicious aerial targets' crossed from Lebanon before Israeli forces knocked them down,world
https://www.foxnews.com/media/dems-mocked-low-t-soy-boys-after-cnn-anchor-says-dnc-appeals-opposite-testosterone-laden-men,Dems mocked as ‘low-T soy boys’ after CNN anchor says DNC appeals to opposite of 'testosterone-laden men',media
https://www.foxnews.com/politics/harris-slammed-pledging-millions-lebanon-north-carolina-suffers.print,Harris slammed for pledging millions to Lebanon as North Carolina suffers,politics
https://www.foxnews.com/health/ask-doc-prevent-high-cholesterol,Ask a doctor: 'How can I prevent high cholesterol?',health
https://www.foxnews.com/media/medias-sudden-rejection-kamala-harris-border-czar-label.print,The media's sudden rejection of Kamala Harris' 'border czar' label,media
https://www.foxnews.com/world/antisemitic-incidents-across-europe-canada-record-levels-5-months-hamas-massacre-israelis.print,"Antisemitic incidents across Europe, Canada hit record levels 5 months after Hamas massacre of Israelis",world
https://www.foxnews.com/politics/texas-supreme-court-rejects-challenge-state-abortion-bans-medical-exceptions,Texas Supreme Court rejects challenge to state abortion ban's medical exceptions,politics
https://www.foxnews.com/sports/bears-dick-butkus-takes-shot-packers-aaron-rodgers-after-verified-twitter,Bears legend Dick Butkus takes shot at Packers' Aaron Rodgers after getting verified on Twitter,sports
https://www.foxnews.com/media/confident-whoopi-goldberg-introduces-kamala-harris-the-view-next-president-united-states.print,Confident Whoopi Goldberg introduces Kamala Harris on 'The View' as the 'next president of the United States',media
https://www.foxnews.com/entertainment/sydney-sweeney-internet-trolls-family-nude-scenes-disgusting,Sydney Sweeney rips internet trolls for tagging family in screenshotted nude scenes: ‘Disgusting’,entertainment
https://www.foxnews.com/politics/new-poll-which-voter-group-fueling-trump-narrow-edge-over-harris-battleground.print,New poll reveals which voter group are fueling Trump to a narrow edge over Harris in battleground,politics
https://www.foxnews.com/us/idaho-prosecutors-reject-student-murders-suspects-longshot-bid-have-death-penalty-taken-off-table,Idaho prosecutors reject student murders suspect's longshot bid to have death penalty taken off table,us
https://www.foxnews.com/politics/pat-sajak-staying-board-chair-conservative-hillsdale-college,Pat Sajak staying on as board chair of conservative Hillsdale College,politics
https://www.foxnews.com/sports/va-tech-swimmer-ncaa-transgender-participation,VA Tech swimmer rips NCAA transgender participation policy: 'Feels like the final spot was taken from me',sports
https://www.foxnews.com/lifestyle/america-50-landmarks-national-story,America the beautiful: 50 must-see landmarks that tell our national story,lifestyle
https://www.foxnews.com/lifestyle/blind-michigan-judge-drives-race-car-inspires-follow-dreams,"Blind Michigan judge drives race car — and inspires others to follow their dreams, too",lifestyle
https://www.foxnews.com/politics/colorado-to-become-the-first-state-to-build-separate-inmate-units-for-transgender-women,Colorado could become the first state to build separate prison units for transgender felons,politics
https://www.foxnews.com/us/hurricane-helene-flooding-nc-stirs-yellow-jacket-swarms-prompting-distribution-benadryl-epipens.print,"Hurricane Helene flooding in NC stirs yellow jacket swarms, prompting distribution of Benadryl and EpiPens",us
https://www.foxnews.com/media/egypt-warned-israel-attack-house-foreign-affairs-chairman-claims.print,"Egypt warned Israel of attack, House Foreign Affairs chairman claims",media
https://www.foxnews.com/media/cnn-data-guru-says-harris-struggling-among-voters-color-sun-belt-really-interesting.print,CNN data guru says Harris is 'struggling among voters of color' in the Sun Belt: 'Really interesting',media
https://www.foxnews.com/lifestyle/christmas-trees-part-allure-vermont-family-nyc-december,Christmas trees are just one part of the allure that a Vermont family brings to NYC each December,lifestyle
https://www.foxnews.com/us/dem-rep-nadler-pictured-head-down-eyes-closed-during-testimony-mothers-migrant-crime-victims.print,"Dem Rep. Nadler pictured with head down, eyes closed during testimony from mothers of migrant crime victims",us
https://www.foxnews.com/lifestyle/american-invented-electric-guitar-rock-roll.print,Meet the American who invented the electric guitar and inspired rock 'n' roll,lifestyle
https://www.foxnews.com/politics/trump-stage-mar-a-lago-press-conference-stark-contrast-harris-she-avoids-media,Trump stages Mar-a-Lago press conference in 'stark contrast' with Harris as she avoids media,politics
https://www.foxnews.com/politics/americans-favor-trump-immigration-support-mass-deportation-illegal-immigrants-poll-finds,"Americans favor Trump on immigration, support mass deportation of illegal immigrants, poll finds",politics
https://www.foxnews.com/politics/harris-calls-eliminating-filibuster-pass-roe-abortion-bill-federal-law,Harris calls for eliminating filibuster to pass 'Roe' abortion bill into federal law,politics
https://www.foxnews.com/sports/bidens-title-ix-rule-adds-discrimination-against-women-through-backdoor-opinion,Opinion: Biden’s Title IX rule adds discrimination against women through the backdoor,sports
https://www.foxnews.com/media/flashback-see-how-kamala-harris-answered-when-she-confronted-2020-the-most-liberal-senator,FLASHBACK: See how Kamala Harris answered when she was confronted in 2020 as 'the most liberal senator',media
https://www.foxnews.com/food-drink/1-rum-cocktail-applebees-highlights-halloween-themed-drink-deals,$1 rum cocktail at Applebee's highlights Halloween-themed drink deals,food-drink
https://www.foxnews.com/travel/travelers-tiktok-making-grocery-stores-hottest-vacation-destination.print,Travelers on TikTok are making grocery stores the hottest vacation 'destination',travel
https://www.foxnews.com/entertainment/elvis-top-gun-maverick-tie-no-1-box-office-spot,'Elvis' takes No. 1 after tie with 'Top Gun: Maverick',entertainment
https://www.foxnews.com/lifestyle/this-day-history-march-1-1872-majestic-yellowstone-becomes-americas-first-national-park,"On this day in history, March 1, 1872, majestic Yellowstone becomes America's first national park",lifestyle
https://www.foxnews.com/sports/pat-mahomes-sr-pleads-guilty-dwi-3rd-more-charge,Pat Mahomes Sr pleads guilty to DWI 3rd time or more charge,sports
https://www.foxnews.com/opinion/web-designer-victory-supreme-court-free-speech-win-all,Web designer's victory at Supreme Court is free speech win for all,opinion
https://www.foxnews.com/media/kari-lake-shreds-vp-harris-despicable-southern-border-visit-make-mainstream-media-happy,Kari Lake shreds VP Harris' 'despicable' southern border visit: Just to make the 'mainstream media happy',media
https://www.foxnews.com/us/nyc-migrants-consume-drugs-alcohol-public-crime-wave-plagues-tourist-hot-spot.print,"NYC migrants consume drugs, alcohol in public as 'crime wave' plagues tourist hot spot",us
https://www.foxnews.com/politics/republican-john-duarte-wins-house-race-in-californias-13th-congressional-district,Republican John Duarte wins House race in California's 13th Congressional District,politics
https://www.foxnews.com/politics/ny-v-trump-jury-verdict-former-presidents-historic-criminal-trial,Trump guilty on all counts in New York criminal trial,politics
https://www.foxnews.com/politics/local-officials-face-off-against-georgias-elections-board-over-rule-could-shake-up-november,Local officials face off against Georgia's elections board over rule that could shake up November,politics
https://www.foxnews.com/media/maher-rips-rappers-profanity-laced-tired-against-usa-sure-big-hit-queers-gaza-crowd,Maher rips rapper's profanity-laced tirade against USA: ‘Sure it was a big hit with the Queers for Gaza crowd',media
https://www.foxnews.com/entertainment/tina-turner-kygo-whats-love-got-to-do-with-it-remix,Tina Turner teams up with Kygo for 'What's Love Got to Do With It' remix,entertainment
https://www.foxnews.com/politics/mudslinging-candidates-heated-house-race-face-voters-big-primary-day,Mudslinging candidates in heated House race face voters on big primary day,politics
https://www.foxnews.com/health/blood-tests-alzheimers-doctors-office,Blood tests for Alzheimer's may be coming to your doctor's office: What to know,health
https://www.foxnews.com/politics/not-minnesota-nice-gop-congressman-playing-tim-walz-debate-prep-jd-vance-argues-hes-empty-suit,Not Minnesota nice: GOP congressman playing Tim Walz in debate prep with JD Vance argues he's an 'empty suit',politics
https://www.foxnews.com/lifestyle/meet-american-gave-nation-thanksgiving-origin-story.print,Meet the American who gave the nation our Thanksgiving origin story: Pilgrim Edward Winslow,lifestyle
https://www.foxnews.com/media/tensions-allegedly-rise-between-biden-white-house-harris-campaign-too-much-feelings,Tensions allegedly rise between Biden White House and Harris campaign: 'Too much in their feelings',media
https://www.foxnews.com/politics/tales-from-trail-verdict-trial-over-trump.print,Tales from The Trail: Trump 'unleashed' with criminal trial over,politics
https://www.foxnews.com/politics/nra-leaders-knock-back-liberal-pols-working-exaggerate-our-death-havent-lost-beat,NRA leaders knock back liberal pols 'who want to exaggerate our death': 'We haven't lost a beat',politics
https://www.foxnews.com/sports/sjsu-womens-volleyball-player-praises-nevada-team-raising-concerns-about-playing-vs-trans-opponent,SJSU women's volleyball player praises Nevada team for raising concerns about playing vs trans opponent,sports
https://www.foxnews.com/politics/kamala-harris-offers-vague-day-1-oval-office-plan-cnn-interview-a-number-things,Kamala Harris offers vague 'Day 1' Oval Office plan in CNN interview: 'A number of things',politics
https://www.foxnews.com/media/democrats-worry-harris-cautious-media-approach-tight-2024-race-voters-deserve-better,Democrats worry about Harris' cautious media approach in tight 2024 race: 'Voters deserve better',media
https://www.foxnews.com/politics/fox-news-power-rankings-front-runner-contenders-2024-gop-primary-field,Fox News Power Rankings: The frontrunner and contenders in the 2024 GOP primary field,politics
https://www.foxnews.com/lifestyle/weird-ways-burn-calories-health-experts-reveal-go-habits-dont-include-sweat-sessions-gym,Weird ways to burn calories: Health experts reveal habits that don't include sweat sessions at the gym,lifestyle
https://www.foxnews.com/politics/biden-visit-north-carolina-days-after-helenes-path-destruction-leaves-many-devastated.print,Biden to visit North Carolina days after Helene's path of destruction leaves many devastated,politics
https://www.foxnews.com/media/trump-mocks-bidens-beach-naps-somebody-convinced-him-he-looks-great-bathing-suit.print,Trump mocks Biden's beach naps: 'somebody convinced him he looks great in a bathing suit',media
https://www.foxnews.com/politics/florida-oklahoma-instruct-schools-ignore-biden-title-ix-changes,"Florida, Oklahoma instruct schools to ignore Biden's Title IX changes, pending legal challenges",politics
https://www.foxnews.com/politics/trump-assassination-attempt-suspect-laughs-smiles-during-first-court-appearance-florida,"Trump assassination attempt suspect laughs, smiles during first court appearance in Florida",politics
https://www.foxnews.com/media/harris-campaign-danger-zone-americans-worry-countrys-direction,"Harris campaign is in 'danger zone' as Americans worry about country's direction, says CNN data guru",media
https://www.foxnews.com/media/bill-maher-hypes-taylor-swifts-endorsement-kamala-harris-she-has-saved-democracy,Bill Maher hypes Taylor Swift's endorsement of Kamala Harris: She has 'saved democracy',media
https://www.foxnews.com/politics/kamala-harris-border-crisis-timeline.print,Kamala Harris and the southern border crisis: A timeline,politics
https://www.foxnews.com/media/biden-shredded-issuing-first-veto-presidency-protect-esg-liar,Biden shredded after issuing first veto of his presidency to protect ESG: 'Such a liar',media
https://www.foxnews.com/us/timeline-donald-trumps-failed-2nd-assassination-attempt-suspect-ryan-routh-developed-rage-radicalism,"Timeline of 2nd failed assassination attempt on Donald Trump; suspect Ryan Routh developed rage, radicalism",us
https://www.foxnews.com/media/justice-ketanji-brown-jackson-reveals-she-supports-enforceable-code-ethics-supreme-court.print,Justice Ketanji Brown Jackson says she would support an 'enforceable code' of ethics for the Supreme Court,media
https://www.foxnews.com/media/researchers-argue-rapid-onset-gender-dysphoria-does-exist-despite-narrative-against-it,"Researchers argue 'rapid onset gender dysphoria' does exist, despite narrative against it",media
https://www.foxnews.com/lifestyle/high-school-students-strong-shot-success-career-technical-education-win-win,High school students have a strong shot at success with career technical education: 'A win-win',lifestyle
https://www.foxnews.com/media/cnn-changes-chris-cuomo-brian-stelter-wild-year-scandal-plauged-network,"CNN changes: From Chris Cuomo to Brian Stelter, it’s been a wild year for scandal-plagued network",media
https://www.foxnews.com/media/michigan-democrats-community-leaders-sound-alarm-bells-after-thousands-voters-protest-biden-swing-state,"Michigan Democrats, community leaders sound alarm bells after thousands of voters protest Biden in swing state",media
https://www.foxnews.com/world/britons-cast-votes-heavily-anticipated-uk-parliamentary-election,Britons cast their votes in heavily-anticipated UK parliamentary election,world
https://www.foxnews.com/us/coast-guard-helps-rescue-hawaii-17-year-old-who-spent-nearly-12-hours-treading-water-clinging-kayak.print,Coast Guard helps rescue Hawaii 17-year-old who spent 'nearly 12 hours treading water and clinging to kayak',us
https://www.foxnews.com/health/tips-adults-age-65-live-well-age-gerontologists,"11 tips for adults age 65 and over to ‘live well’ over time, according to gerontologists",health
https://www.foxnews.com/media/cnns-christiane-amanpour-calls-out-boss-chris-licht-offers-stunning-rebuke-trump-town-hall,"CNN's Christiane Amanpour calls out boss Chris Licht, offers stunning rebuke of Trump town hall",media
https://www.foxnews.com/us/north-carolina-sheriff-hunting-christmas-day-killer-knows-him-personally-warns-he-has-nothing-lose,"North Carolina sheriff hunting 'Christmas Day Killer' knows him personally, warns he has 'nothing to lose'",us
https://www.foxnews.com/lifestyle/army-veteran-ability-walk-robotic-exoskeleton-paralysis,Army veteran regains ability to walk with robotic exoskeleton after paralysis: ‘Beyond words’,lifestyle
https://www.foxnews.com/politics/kamala-harris-presidential-campaign-raises-nearly-50-million-since-biden-endorsement,Kamala Harris' presidential campaign raises nearly $50 million since Biden endorsement,politics
https://www.foxnews.com/politics/gaza-war-israeli-hostage-deal-hope-fades,"As Gaza war drags past 1 year mark, hope fades for a deal to bring hostages home soon",politics
https://www.foxnews.com/media/rogan-says-dems-terrified-criticizing-biden-empower-trump-so-theyre-just-lying-everyone,Rogan says Dems are terrified criticizing Biden will 'empower' Trump so they're 'just lying to everyone',media
https://www.foxnews.com/politics/biden-iraq-afghanistan-about-40-times-administration-says-its-half-of-that,"Biden repeats false claim about trips to Iraq and Afghanistan, this time to graduating midshipmen",politics
https://www.foxnews.com/media/barbara-walters-would-expect-kamala-harris-do-interviews-author-says.print,"Barbara Walters would expect Kamala Harris to do interviews, author says: 'Part of the job of being president'",media
https://www.foxnews.com/media/usa-today-under-fire-for-allowing-stacey-abrams-to-retroactively-edit-op-ed-to-downplay-boycott-support,USA Today under fire for allowing Stacey Abrams to retroactively edit op-ed to downplay boycott support,media
https://www.foxnews.com/politics/white-house-says-trumps-tariffs-destroy-manufacturing-exacerbate-inflation,"White House says Trump’s tariffs will destroy manufacturing, exacerbate inflation",politics
https://www.foxnews.com/entertainment/jimi-hendrix-27-club-philip-norman-book,"Why Jimi Hendrix’s death at 27 is still shrouded in mystery, book reveals: ‘It was an avoidable accident’",entertainment
https://www.foxnews.com/sports/riley-gaines-rips-georgia-tech-president-remarks-lawmakers-why-didnt-you-protect-me,Riley Gaines rips Georgia Tech president in remarks to lawmakers: 'Why didn’t you protect me?',sports
https://www.foxnews.com/politics/trump-team-calls-out-walz-weird-flex-veiled-vance-reference-dnc,Trump team calls out Walz for ‘weird flex’ after veiled Vance reference at DNC,politics
https://www.foxnews.com/us/trump-assassination-attempt-why-florida-prosecutor-says-insanity-defense-wont-stick-suspect,Trump assassination attempt: Why Florida prosecutor says ‘insanity’ defense won’t stick for suspect,us
https://www.foxnews.com/politics/conservative-super-pac-unleashes-7-figure-push-early-voting-key-senate-race,'Thrilled to endorse': Conservative super PAC unleashes 7-figure push for early voting in key Senate race,politics
https://www.foxnews.com/politics/republicans-probe-ccp-tied-nonprofit-funneling-money-us-eco-groups,Republicans probe CCP-tied nonprofit funneling money to US eco groups,politics
https://www.foxnews.com/us/los-angeles-county-da-releases-menendez-brothers-letter-cited-new-evidence-sparked-review-case,Los Angeles County DA releases Menendez brothers letter cited as 'new evidence' that sparked review of case,us
https://www.foxnews.com/world/south-korean-intelligence-says-north-sent-troops-aid-russias-war-ukraine,South Korean intelligence says North has sent troops to aid Russia’s war in Ukraine,world
https://www.foxnews.com/travel/airline-passenger-goes-viral-recording-neighbors-midflight-photo-attempts.print,Airline passenger goes viral for recording neighbor's midflight photo attempts,travel
https://www.foxnews.com/media/msnbcs-nicolle-wallace-gushes-biden-rare-live-interview-avoids-growing-hunter-scandal,"MSNBC's Nicolle Wallace gushes over Biden in rare live interview, avoids growing Hunter scandal",media
https://www.foxnews.com/politics/fox-news-power-rankings-issues-tracker-trump-leads-two-top-issues-harris-gaining-ground.print,"Fox News Power Rankings Issues Tracker: Trump leads on two top issues, but Harris is gaining ground",politics
https://www.foxnews.com/media/politico-says-harris-running-dream-economy-voters-arent-noticing,Politico says Harris is running on a 'dream economy' but voters aren't noticing,media
https://www.foxnews.com/world/yazidi-woman-held-captive-10-years-gaza-freed-israel-us-operation,"Yazidi woman held hostage for 10 years in Gaza rescued in Israel, US operation",world
https://www.foxnews.com/entertainment/ashley-tisdale-vanessa-hudgens-dance-high-school-musical,"Ashley Tisdale, Vanessa Hudgens dance to 'High School Musical' song during self-quarantine",entertainment
https://www.foxnews.com/us/nashville-shooter-audrey-hale-transgender-woman-opened-fire-covenant-school.print,Nashville school shooter Audrey Hale: Who is 28-year-old transgender former student who opened fire at school,us
https://www.foxnews.com/politics/new-trump-website-reveals-how-much-money-harris-presidency-could-cost-taxpayers.print,New Trump website reveals how much money a Harris presidency could cost taxpayers,politics
https://www.foxnews.com/politics/fox-news-power-rankings-voters-appetite-ticket-splitting-decide-senate,Fox News Power Rankings: Voters’ appetite for ticket-splitting will decide the Senate,politics
https://www.foxnews.com/health/ohio-mother-hopes-cure-save-son-rare-fatal-disease-gut-wrenching,"Ohio mother hopes for a cure to save her son, 8, from rare, fatal disease: ‘Gut-wrenching’",health
https://www.foxnews.com/lifestyle/florida-family-stuns-statistical-improbability-all-four-daughters-crowned-valedictorian,Florida family stuns with statistical improbability as all four daughters are crowned valedictorian,lifestyle
https://www.foxnews.com/world/israels-ground-invasion-lebanon-imminent-cabinet-approves-next-phase-war.print,Israel's ground invasion into Lebanon imminent as cabinet approves next phase of the war,world
https://www.foxnews.com/food-drink/10-restaurants-best-best-us-says-tripadvisor,"These 10 restaurants are considered the 'best of the best' in the US, says Tripadvisor",food-drink
https://www.foxnews.com/lifestyle/this-day-history-october-16-1978-pope-john-paul-ii-poland-elected-catholic-church.print,"On this day in history, October 16, 1978, Pope John Paul II of Poland is elected head of Catholic Church",lifestyle
https://www.foxnews.com/politics/i-much-better-off-voters-back-trump-top-battleground-county,'I was much better off': These voters back Trump in top battleground county,politics
https://www.foxnews.com/politics/victim-brutal-2008-illegal-migrant-attack-speaks-out-about-harris-record-prosecutor,Victim of brutal 2008 illegal migrant attack speaks out about Harris’ record as prosecutor,politics
https://www.foxnews.com/travel/car-tire-rolex-more-most-bizarre-items-left-hotel-rooms,"From a car tire to a Rolex and more, the most bizarre items left in hotel rooms",travel
https://www.foxnews.com/politics/trump-vp-contenders-torch-guilty-verdict,Trump VP contenders torch 'guaranteed' guilty verdict: 'Complete travesty',politics
https://www.foxnews.com/world/kim-jong-un-xi-jinping-declare-2024-year-dprk-china-friendship,"Kim Jong Un, Xi Jinping declare 2024 'year of DPRK-China friendship'",world
https://www.foxnews.com/politics/trump-calling-harris-comrade-top-democrat-surrogates-argue-that-boat-doesnt-float,"On Trump calling Harris 'comrade,' top Democrat surrogates argue 'that boat doesn’t float'",politics
https://www.foxnews.com/politics/bidens-border-crisis-wreaking-havoc-k-12-schools-says-top-gop-lawmaker,"Biden's border crisis is 'wreaking havoc' on K-12 schools, says top GOP lawmaker",politics
https://www.foxnews.com/politics/trump-fact-checks-harris-charlottesville-riot-accusation-debunked,Trump fact checks Harris on Charlottesville riot accusation: 'Debunked',politics
https://www.foxnews.com/health/alzheimers-dementia-diagnoses-vary-zip-code-study-finds,"Alzheimer’s and other dementia diagnoses can vary by zip code, new study finds",health
https://www.foxnews.com/politics/conservative-group-unleashes-six-figure-ad-campaign-targeting-bidens-menthol-cigarette-ban,Conservative group unleashes 6-figure ad campaign targeting Biden's menthol cigarette ban,politics
https://www.foxnews.com/media/liberal-theory-trying-dismiss-supreme-court-win-christian-graphic-designer-shot-down-legal-experts,Liberal theory trying to dismiss Supreme Court win for Christian graphic designer shot down by legal experts,media
https://www.foxnews.com/entertainment/sharon-stone-basic-instinct-director-nudity-scene.print,'Basic Instinct' director denies Sharon Stone's claim that she was tricked into showing nudity in film,entertainment
https://www.foxnews.com/politics/zelenskyy-downplays-comment-trump-doesnt-know-how-end-russias-war-ukraine,Zelenskyy downplays comment that Trump doesn't know how to end Russia's war with Ukraine,politics
https://www.foxnews.com/politics/queen-congress-elizabeth-ii-addressed-capitol-hill-lawmakers-1991,The queen and Congress: Elizabeth II addressed Capitol Hill lawmakers in 1991,politics
https://www.foxnews.com/politics/total-bulls-trump-campaign-rips-preposterous-harris-pro-border-wall-narrative-after-media-report.print,'Total bulls---': Trump campaign rips 'preposterous' Harris pro-border wall narrative after media report,politics
https://www.foxnews.com/us/baltimore-key-bridge-collapse-cargo-ship-caused-disaster-2-power-failures-before-departure.print,Baltimore Key Bridge collapse: Cargo ship that caused disaster had 2 power failures before departure,us
https://www.foxnews.com/entertainment/elton-john-bids-farewell-philadelphia-freedom-performance,Elton John bids farewell to Philly with 'Philadelphia Freedom' performance,entertainment
https://www.foxnews.com/politics/gun-groups-slam-biden-admin-new-atf-rule-weaponizing-every-tool,Gun groups slam Biden admin over new ATF rule: 'Weaponizing every tool',politics
https://www.foxnews.com/media/thomas-jefferson-statues-removal-from-new-york-city-hall-a-disgrace-douglas-murray,Thomas Jefferson statue's removal from New York City Hall a 'disgrace': Douglas Murray,media
https://www.foxnews.com/media/jd-vance-addresses-past-criticism-trump-after-hes-chosen-vp-bought-medias-lies-distortions,JD Vance addresses past criticism of Trump after he's chosen as VP: 'Bought into media's lies and distortions',media
https://www.foxnews.com/politics/rfk-jr-remains-thorn-bidens-side-2024-polls-show-kennedy-holding-sizable-chunk-dem-voters,RFK Jr. remains thorn in Biden's side as 2024 polls show Kennedy holding onto sizable chunk of Dem voters,politics
https://www.foxnews.com/politics/un-ambassador-criticizes-israeli-military-calls-fundamental-changes,"UN ambassador criticizes Israeli military, calls for 'fundamental changes'",politics
https://www.foxnews.com/media/biden-reveals-meaning-come-to-jesus-expression-hot-mic-moment-following-sotu,Biden reveals meaning of 'come to Jesus' expression from hot mic moment following the SOTU,media
https://www.foxnews.com/politics/trump-camp-thanks-wh-confirming-theres-no-daylight-between-harris-biden-kamala-created-mess,"Trump camp thanks WH for confirming there's 'no daylight' between Harris, Biden: 'Kamala created this mess'",politics
https://www.foxnews.com/lifestyle/this-day-history-dec-16-1773-boston-tea-party-protest-escalates-american-rebellion,"On this day in history, December 16, 1773, brazen Boston Tea Party protest escalates American rebellion",lifestyle
https://www.foxnews.com/media/brian-stelter-retrospective-cnns-ousted-media-reporter.print,Brian Stelter: A retrospective of CNN's ousted media reporter,media
https://www.foxnews.com/us/rachel-morin-murder-eerily-similar-high-profile-cases-female-joggers-killed-strangers,Rachel Morin murder eerily similar to high-profile cases of female joggers killed by strangers,us
https://www.foxnews.com/lifestyle/charlie-daniels-proud-nonprofit-marks-10-years-helping-america-veterans,Charlie Daniels ‘would be proud’ as nonprofit marks 10 years of helping America’s veterans,lifestyle
https://www.foxnews.com/lifestyle/ronald-reagan-putter-pearl-harbor-auction-fox-nation-selling-history.print,"Ronald Reagan's putter, Pearl Harbor wings to go up for auction on Fox Nation's 'Selling History'",lifestyle
https://www.foxnews.com/us/illegal-immigrant-indicted-rachel-morin-murder-crucial-step-family-lawyer,Illegal immigrant indicted for Rachel Morin's murder in 'crucial step': family's lawyer,us
https://www.foxnews.com/us/tren-de-aragua-gang-member-illegal-venezuelan-migrant-arrested-houston,"Tren de Aragua gang member, illegal Venezuelan migrant, arrested in Houston",us
https://www.foxnews.com/health/should-drink-coffee-first-thing-morning-wait-experts-caffeine-guidance,"Should you drink coffee first thing in the morning, or wait a while? Experts reveal caffeine guidance",health
https://www.foxnews.com/world/russia-ukraine-war-donbas-fight-zelenskyy,"Russia-Ukraine war: Deadly fight in Donbas 'one of the most brutal battles... for Europe,' Zelenskyy says",world
https://www.foxnews.com/media/woman-planet-fitness-photographing-trans-member-vows-keep-fighting-long-haul,Woman banned by Planet Fitness for photographing trans member vows to keep fighting: 'Here for the long haul',media
https://www.foxnews.com/politics/political-handicapper-shifts-montana-senate-leans-republican-tester-falls-behind,Political handicapper shifts Montana Senate to ‘leans Republican’ as Tester falls behind,politics
https://www.foxnews.com/media/jewish-college-students-scared-class-blame-universities-silence-antisemitism,"Jewish college students say they're scared to go to class, blame universities for silence on antisemitism",media
https://www.foxnews.com/media/superintendent-fired-crt-banned-moms-liberty-candidates-revamp-south-carolina-school-district,"Superintendent fired, CRT banned after Moms for Liberty candidates revamp South Carolina school district",media
https://www.foxnews.com/politics/biden-admin-faces-bipartisan-opposition-actions-allowing-potentially-diseased-beef-imports.print,Biden admin faces bipartisan backlash for allowing beef imports from Paraguay: ‘Cutting corners’,politics
https://www.foxnews.com/media/trump-campaign-denies-ever-agreed-60-minutes-interview-after-cbs-news-claimed-he-backed-out,Trump campaign denies it ever agreed to '60 Minutes' interview after CBS News claimed he backed out,media
https://www.foxnews.com/world/israel-strikes-hezbollah-targets-inside-lebanon-idf-warns-residents-stay-near-bomb-shelters,Israel strikes Hezbollah targets inside Lebanon; IDF warns residents to stay near bomb shelters,world
https://www.foxnews.com/politics/former-republican-us-senator-endorses-kamala-harris-says-election-stark-choice,"Former Republican US senator endorses Kamala Harris, says election offers 'stark choice'",politics
https://www.foxnews.com/politics/harris-unveils-agenda-help-black-men-get-ahead-polls-suggest-trump-making-gains.print,Harris unveils agenda to help Black men 'get ahead' as polls show Trump gains,politics
https://www.foxnews.com/us/rachel-morin-mom-calls-out-biden-harris-ignoring-them-after-migrant-murder,Rachel Morin's mom calls out Biden-Harris for ignoring them after migrant murder,us
https://www.foxnews.com/us/killer-mom-susan-smith-disciplined-behind-bars-weeks-before-parole-hearing,Killer mom Susan Smith disciplined behind bars weeks before parole hearing,us
https://www.foxnews.com/entertainment/simon-cowell-reveals-why-turned-down-opportunity-own-talk-show,Simon Cowell reveals why he turned down an opportunity to have his own talk show,entertainment
https://www.foxnews.com/us/supreme-court-appears-ready-reel-administrative-state-landmark-challenge-east-coast-fishermen,Supreme Court appears ready to reel in administrative state in landmark challenge from East Coast fishermen,us
https://www.foxnews.com/politics/republicans-raise-alarm-biden-admin-prepares-plan-protect-wolves-nationwide.print,Republicans raise alarm as Biden admin prepares plan to protect wolves nationwide,politics
https://www.foxnews.com/media/the-view-co-host-lead-anti-trump-event-pennsylvania.print,'The View' co-host to lead anti-Trump event in Pennsylvania,media
https://www.foxnews.com/politics/braggs-office-faces-bar-complaint-over-alleged-discriminatory-diversity-hiring-practices,Bragg's office faces bar complaint alleging discrimination in 'diversity' hiring practices,politics
https://www.foxnews.com/entertainment/americas-got-talent-judge-simon-cowell-makes-show-history-shocking-move,'America's Got Talent' judge Simon Cowell makes show history with shocking move,entertainment
https://www.foxnews.com/media/cnns-king-charles-ratings-disaster-struggling-network-losing-20-viewers-since-debut,"CNN's 'King Charles' another ratings disaster for struggling network, losing 20% of viewers since its debut",media
https://www.foxnews.com/media/philadelphia-crime-surge-democrat-scanlon-carjacked,Philadelphia attorney says crime 'out of control' after Dem lawmaker is carjacked at gunpoint,media
https://www.foxnews.com/lifestyle/yum-yuck-delicious-things-can-do-salty-anchovies,Yum or yuck? 3 delicious recipes you can make with salty anchovies,lifestyle
https://www.foxnews.com/us/venezuelan-gangs-alleged-takeover-aurora-colorado-apartments-began-2023-report.print,"Venezuelan gang’s alleged takeover of Aurora, Colorado apartments began in 2023: report",us
https://www.foxnews.com/us/who-was-thomas-matthew-crooks-donald-trumps-attempted-assassin,Who was Thomas Matthew Crooks? What we know about Trump’s attempted assassin,us
https://www.foxnews.com/politics/pro-lifers-blast-trump-betrayal-shifting-abortion-stance-answer-florida-amendment-4.print,"Pro-lifers blast Trump 'betrayal' with shifting abortion stance, answer on Florida Amendment 4",politics
https://www.foxnews.com/lifestyle/gold-star-spouses-support-military-families,"On Gold Star Spouses Day, a time to remember, support military families",lifestyle
https://www.foxnews.com/entertainment/agt-judge-simon-cowell-has-rare-public-outing-son-fiancee-after-revealing-10-year-old-saved-him.print,'AGT' judge Simon Cowell has rare public outing with son and fiancée after revealing 10-year-old 'saved' him,entertainment
https://www.foxnews.com/us/florida-homeowners-fear-soaring-insurance-cost-hurricanes,Florida homeowners fear soaring insurance cost after hurricanes,us
https://www.foxnews.com/politics/softened-abortion-language-trump-approved-gop-platform-irks-some-social-conservatives,Softened abortion language in Trump-approved GOP platform irks some social conservatives,politics
https://www.foxnews.com/politics/north-korean-troops-now-fighting-russia-ukraine-seoul-says,"North Korean troops now fighting for Russia in Ukraine, Seoul says",politics
https://www.foxnews.com/media/al-sharpton-calls-border-crisis-invasion-wants-gop-senators-pressured-allowing-continue,"Al Sharpton calls border crisis an 'invasion,' wants GOP senators pressured for 'allowing this to continue'",media
https://www.foxnews.com/sports/title-ix-anniversary-debate-transgender-athletes,Title IX's 50th anniversary: Debate over transgender athletes rages,sports
https://www.foxnews.com/politics/democratic-lawmakers-hot-mic-mocking-parental-rights-garbage-stupid,"Democratic lawmakers caught on hot mic mocking parental rights as 'garbage,' 'stupid'",politics
https://www.foxnews.com/media/bowman-takes-swipe-hillary-clinton-after-she-backs-his-opponent-wouldnt-call-major-endorsement,Bowman takes a swipe at Hillary Clinton after she backs his opponent: 'Wouldn't call that a major endorsement',media
https://www.foxnews.com/politics/republican-democrat-team-up-tackle-student-loan-debt-biden-harris-forgiveness-bids-derail,"Florida Republican, Democrat team up to tackle student loan debt as Biden-Harris forgiveness bids derail",politics
https://www.foxnews.com/media/propaganda-hispanic-republicans-blast-media-attacks-race-ideology.print,"'Propaganda': Hispanic Republicans blast media attacks on their race, ideology",media
https://www.foxnews.com/politics/michelle-obama-wore-3k-pantsuit-dnc-while-touting-her-parents-were-suspicious-wealthy,Michelle Obama wore nearly $3K pantsuit to DNC while touting her parents were 'suspicious' of the wealthy,politics
https://www.foxnews.com/world/sen-cotton-says-biden-harris-likely-prolonged-gaza-war-let-aid-go-terrorists-betrayed-taxpayers.print,"Sen Cotton says Biden-Harris likely prolonged Gaza war, let aid go to terrorists: 'Betrayed' taxpayers",world
https://www.foxnews.com/politics/trump-accepts-biden-offer-debate-him-june-september.print,Trump accepts Biden offer to debate him in June and September,politics
https://www.foxnews.com/entertainment/katy-perry-exits-american-idol,Katy Perry exits ‘American Idol’: ‘This is my last season’,entertainment
https://www.foxnews.com/politics/harris-supporters-sound-off-her-border-blueprint-her-policies-make-difference,Harris supporters sound off on her border blueprint: ‘Her policies will make a difference',politics
https://www.foxnews.com/us/florida-sheriff-describes-demeanor-during-arrest-suspect-2nd-trump-assassination-attempt?dicbo=v2-HVDcbv6,Florida sheriff who nabbed alleged would-be Trump assassin describes his suspicious behavior,us
https://www.foxnews.com/opinion/parents-kidnapped-hamas-they-footnote-gaza-war-they-essence,"My parents were kidnapped by Hamas. They are not a footnote to Gaza war, they are its essence",opinion
https://www.foxnews.com/official-polls/fox-news-poll-abortion-economy-border-security-top-deal-breakers.print,"Fox News Poll: Abortion, economy, and border security are top deal-breakers in 2024 elections",official-polls
https://www.foxnews.com/politics/federal-judge-blocks-biden-admin-move-give-legal-status-illegal-immigrant-spouses-us-citizens.print,Federal judge blocks Biden admin move to give legal status to illegal immigrant spouses of US citizens,politics
https://www.foxnews.com/us/trump-assassination-suspect-wrote-chilling-letter-months-before-golf-course-plot-i-failed-you.print,Trump assassination suspect wrote chilling letter months before golf course plot,us
https://www.foxnews.com/media/cnns-long-struggling-am-lineup-gets-another-reboot,CNN’s long-struggling AM lineup gets another reboot as network fails to maintain signature morning show,media
https://www.foxnews.com/politics/trump-edges-biden-again-new-2024-poll-builds-support-younger-voters,"Trump edges Biden again in new 2024 poll, builds support with younger voters",politics
https://www.foxnews.com/world/schumers-anti-netanyahu-speech-strengthens-bibi-israels-war-defeat-hamas,Schumer’s anti-Netanyahu speech strengthens Bibi in Israel's war to defeat Hamas,world
https://www.foxnews.com/lifestyle/ahead-holidays-build-charcuterie-boards-festive,"Ahead of the holidays, here's how to build charcuterie boards that are 'super festive'",lifestyle
https://www.foxnews.com/politics/voter-frustration-crime-liberal-das-mounting-california-while-harris-mum-controversial-prop-47,"Voter frustration with crime, liberal DAs mounting in California while Harris mum on controversial Prop 47",politics
https://www.foxnews.com/media/harris-mocked-taking-less-than-2-minutes-questions-after-18-days-this-best-kamala-could-do.print,Harris mocked for taking less than 2 minutes of questions after 18 days: 'This is the best Kamala could do?',media
https://www.foxnews.com/politics/top-five-clashes-harris-trump-presidential-debate-im-talking-now,Top five clashes of the Harris-Trump presidential debate: 'I'm talking now',politics
https://www.foxnews.com/sports/transgender-backlash-prompts-pro-womens-soccer-team-apologize-too-many-balls-branding-announcement.print,Transgender backlash prompts pro women's soccer team to apologize for 'too many balls' branding announcement,sports
https://www.foxnews.com/entertainment/denise-richards-says-losing-out-lead-role-90s-cult-classic-blessing.print,Denise Richards says losing out on lead role of ‘90s cult classic was a ‘blessing’,entertainment
https://www.foxnews.com/politics/over-200-former-bush-mccain-and-romney-staffers-endorse-harris-the-alternative-is-simply-untenable,"Over 200 former Bush, McCain, Romney staffers endorse Harris: 'The alternative ... is simply untenable'",politics
https://www.foxnews.com/sports/taylor-swift-arrives-chiefs-ravens-week-1-opener,Taylor Swift arrives for Chiefs-Ravens Week 1 opener,sports
https://www.foxnews.com/world/us-israeli-citizen-kidnapped-oct-7-confirmed-dead-idf-says,"US-Israeli citizen who was kidnapped on Oct. 7 confirmed dead, IDF says",world
https://www.foxnews.com/politics/trump-leads-biden-among-hispanics-registered-voters-overall-poll,"Trump leads Biden among Hispanics, registered voters overall: poll",politics
https://www.foxnews.com/world/how-uluburun-shipwreck-discovered-accidentally-sponge-diver.print,How the Uluburun shipwreck was discovered accidentally by a sponge diver,world
https://www.foxnews.com/lifestyle/5-little-known-facts-thanksgiving-turkey-registered-dieticians,5 Thanksgiving turkey facts from registered dietitians,lifestyle
https://www.foxnews.com/media/biden-privately-rivalry-obama-former-presidents-staff-predicted-biden-would-suck-as-president,"Biden privately in 'rivalry' with Obama, former president's staff predicted Biden 'would suck as president'",media
https://www.foxnews.com/media/rapper-50-cent-says-maybe-trump-answer-seeing-nyc-give-pre-paid-credit-cards-migrants,Rapper 50 Cent says ‘maybe Trump is the answer’ after seeing NYC give prepaid credit cards to migrants,media
https://www.foxnews.com/politics/supreme-court-trump-special-counsel-jan-6,Supreme Court agrees to review whether Trump immune from prosecution in federal election interference case,politics
https://www.foxnews.com/us/texas-human-trafficking-crash-leaves-two-migrants-dead-dozen-others-injured.print,"Texas human trafficking crash leaves two migrants dead, a dozen others injured",us
https://www.foxnews.com/lifestyle/diet-coke-obsessed-mom-kentucky-reveals-viral-collection-joy-it-brings-me,Diet Coke-obsessed mom from Kentucky reveals her viral collection and 'the joy it brings me',lifestyle
https://www.foxnews.com/politics/biden-ends-bid-second-term-white-house-he-drops-out-his-2024-rematch-trump,Biden ends bid for second term in White House as he drops out of his 2024 rematch with Trump,politics
https://www.foxnews.com/us/9-11-museums-memorials,Memorials honoring 9/11 victims across the United States where you can pay your respects to the fallen,us
https://www.foxnews.com/sports/former-lpga-tour-golfer-amy-olson-calls-trans-players-q-school-participation-unfair,Former LPGA Tour golfer Amy Olson calls trans player's Q School participation 'unfair',sports
https://www.foxnews.com/world/israel-strikes-hezbollah-headquarters-beirut-idf-says,Israel targets Hezbollah leader Nasrallah in strike on Beirut headquarters,world
https://www.foxnews.com/lifestyle/hawaii-hidden-treasures-historic-war-monuments-oahu,Hawaii’s hidden treasures include these historic war monuments in Oahu,lifestyle
https://www.foxnews.com/politics/vp-kamala-harris-could-name-one-5-democrats-her-running-mate,VP Kamala Harris could name one of these 5 Democrats as her running mate,politics
https://www.foxnews.com/entertainment/mossimo-giannulli-prison-5-month-sentence-college-admissions-scandal,Mossimo Giannulli reports to prison to begin 5-month sentence in the college admissions scandal,entertainment
https://www.foxnews.com/lifestyle/day-history-1775-us-postal-system-established-ben-franklin,"On this day in history in 1775, US postal system established under Ben Franklin",lifestyle
https://www.foxnews.com/health/smart-mask-could-detect-asthma-copd-medical-conditions-researchers-say,"‘Smart mask’ could detect asthma, COPD and other medical conditions, researchers say",health
https://www.foxnews.com/world/us-taxpayer-funded-un-agencys-long-history-enabling-hamas-exposed,US taxpayer-funded UN agency's long history of enabling Hamas exposed,world
https://www.foxnews.com/politics/biden-makes-surprise-appearance-white-house-briefing-says-he-may-ask-more-helene-response-money.print,"Biden makes surprise appearance at White House briefing, says he may ask for more Helene response money",politics
https://www.foxnews.com/sports/travis-kelce-passionately-defends-guardians-fandom-after-teams-thrilling-win.print,Travis Kelce passionately defends Guardians fandom after team's thrilling win,sports
https://www.foxnews.com/media/the-view-returns-glowing-endorsement-kamala-harris-flawless-campaign.print,'The View' returns with glowing endorsement of Kamala Harris' 'flawless' campaign,media
https://www.foxnews.com/media/msnbcs-stephanie-ruhle-calls-out-harris-dodging-how-shed-raise-taxes-she-doesnt-answer-question,MSNBC's Stephanie Ruhle calls out Harris for dodging how she'd raise taxes: 'She doesn't answer the question',media
https://www.foxnews.com/us/jewish-americans-could-show-significant-change-in-voting-support-republican-candidates-2024-experts,"Jewish Americans could show 'significant change' in voting, support Republican candidates in 2024: experts",us
https://www.foxnews.com/politics/rubio-contests-claim-us-embargo-destabilizing-cuba-blockade-government,"Rubio contests claim that US embargo is destabilizing Cuba, says only 'blockade' is its government",politics
https://www.foxnews.com/us/georgia-school-shooter-fbi-radar-2023-possible-threat-online-remarks,Georgia school shooting suspect on FBI radar since 2023 as possible threat after online remarks,us
https://www.foxnews.com/lifestyle/mother-teresas-last-message-written-day-she-died-reveals-deep-faith-christ,"Mother Teresa's last message, written on day she died, reveals deep faith in Christ",lifestyle
https://www.foxnews.com/travel/new-titanic-exhibit-boston-feature-250-artifacts-recovered-from-wreck.print,Titanic exhibit in Boston to feature 250 artifacts recovered from wreck,travel
https://www.foxnews.com/media/colorado-community-threatens-fine-seize-buses-drop-off-illegal-immigrants-freeloading,"Colorado community threatens to fine, seize buses that drop off illegal immigrants: 'No more freeloading'",media
https://www.foxnews.com/politics/arizonas-kari-lake-tears-kamala-harris-border-only-walz-she-supports-her-vp-pick,Arizona's Kari Lake tears into Kamala Harris on the border: 'The only Walz she supports is her VP pick',politics
https://www.foxnews.com/health/tony-bennett-battle-alzheimers-what-know-dementia-death,Tony Bennett’s battle with Alzheimer’s: What to know about dementia and death,health
https://www.foxnews.com/tech/robot-cook-burger-less-60-seconds,This robot can cook a burger in less than 60 seconds,tech
https://www.foxnews.com/politics/colorado-supreme-court-dismisses-lawsuit-against-christian-baker-who-refused-bake-trans-cake,Colorado Supreme Court dismisses lawsuit against Christian baker who refused to bake trans cake,politics
https://www.foxnews.com/politics/trump-announces-ohio-senator-j-d-vance-his-2024-running-mate,Trump announces Ohio Sen JD Vance as his 2024 running mate,politics
https://www.foxnews.com/lifestyle/wisconsin-father-son-thank-military-heroes,Wisconsin father-son duo thank America’s military heroes from the ‘bottom of our heart’,lifestyle
https://www.foxnews.com/politics/whats-next-kamala-harris-now-shes-locked-up-democratic-presidential-nomination,What's next for Kamala Harris now that she's seemingly locked up the Democratic presidential nomination,politics
https://www.foxnews.com/sports/virginia-head-coach-tony-bennett-suddenly-retiring-just-weeks-before-season-starts,"Virginia head coach Tony Bennett suddenly retiring, just weeks before season starts",sports
https://www.foxnews.com/politics/anti-israel-protesters-interrupt-jewish-students-testifying-congress-college-antisemitism,Anti-Israel protesters interrupt Jewish students testifying before Congress on college antisemitism,politics
https://www.foxnews.com/media/biden-should-step-aside-resign-undecided-voters-tells-abc,"Biden should step aside and resign, undecided voters tells ABC",media
https://www.foxnews.com/us/after-video-armed-venezuelan-gang-shared-local-official-goes-viral-colorado-city-takes-action.print,"After video of armed Venezuelan gang shared by local official goes viral, Colorado city takes action",us
https://www.foxnews.com/lifestyle/new-york-city-man-lived-constitution-year-here-7-things-he-learned.print,New York City man 'lived' the Constitution for a year. Here are 7 things he learned,lifestyle
https://www.foxnews.com/politics/tim-walz-courts-firefighters-at-intl-association-of-fire-fighters-convention-well-have-your-back,Tim Walz attempts to court firefighters during speech at Boston convention: 'We'll have your back',politics
https://www.foxnews.com/politics/early-voting-begins-california-texas-5-other-states,"Early voting begins in California, Texas, 5 other states",politics
https://www.foxnews.com/sports/auburn-cheeleader-knocks-down-oklahoma-player-running-onto-field-while-performing-stunts.print,Auburn cheerleader knocks down Oklahoma player running onto field while performing stunts,sports
https://www.foxnews.com/politics/biden-harris-border-crisis-victims-illegal-immigrant-crime-testify-house-hearing.print,Biden-Harris border crisis: Mother of Jocelyn Nungaray gives emotional testimony during migrant crime hearing,politics
https://www.foxnews.com/media/usc-student-recounts-disappointment-graduation-commencement-canceled-anti-israel-protests,USC student recounts disappointment after graduation commencement was canceled due to anti-Israel protests,media
https://www.foxnews.com/politics/harris-claimed-biden-completely-fit-continue-office-despite-many-documented-encounters-past-year,"Harris claims Biden fit to continue in office, despite more than 80 documented encounters in past year",politics
https://www.foxnews.com/tech/elon-musk-moving-spacex-headquarters-texas-frustration-california-laws,Elon Musk says he’s moving SpaceX headquarters to Texas amid frustration with California laws,tech
https://www.foxnews.com/media/man-fined-standing-silently-outside-uk-abortion-clinic-officers-couldnt-tell-him-crime,"Man fined for standing silently outside UK abortion clinic, officers couldn't tell him his crime",media
https://www.foxnews.com/world/hezbollah-rocket-attack-israel-hits-haifa-first-time,Hezbollah rocket attack on Israel hits Haifa for first time,world
https://www.foxnews.com/world/israel-struck-long-range-missile-from-yemen-40-projectiles-from-lebanon-early-morning-attacks,"Israel struck by long-range missile from Yemen, 40 projectiles from Lebanon in early morning attacks",world
https://www.foxnews.com/politics/republicans-skeptical-doj-block-russian-election-interference,Republicans 'skeptical' of DOJ move to block Russian election interference,politics
https://www.foxnews.com/politics/republican-buttigieg-playing-politics-comments-turbulence-climate-change,Critics accuse Buttigieg of 'playing politics' after comments linking turbulence to climate change,politics
https://www.foxnews.com/politics/female-athlete-injured-transgender-player-slams-dem-lawmakers-who-dismissed-dangers.print,Female athlete injured by transgender player slams Dem lawmakers who dismissed dangers,politics
https://www.foxnews.com/world/hezbollah-watches-gaza-war-sparks-fear-additional-fronts-israel-defend,Hezbollah watches on as Gaza war sparks fear of additional fronts for Israel to defend,world
https://www.foxnews.com/politics/biden-admin-rigged-internal-analysis-softening-blow-power-plant-regulations-report,"Biden administration rigged internal analysis, softening blow of power plant regulations: report",politics
https://www.foxnews.com/politics/4th-gen-farmer-blasts-biden-admin-for-sending-billions-to-ukraine-as-u-s-farmers-suffer-facing-extinction,4th gen farmer blasts Biden admin for sending billions to Ukraine as US farmers suffer: 'Facing extinction',politics
https://www.foxnews.com/politics/kamala-harris-said-she-owns-glock-despite-history-backing-handgun-bans,"Kamala Harris claims she's got a gun, but Second Amendment supporters say good luck getting yours",politics
https://www.foxnews.com/politics/biden-supreme-court-leak-womans-right-choose-fundamental,"Biden on Supreme Court leak: Roe should not be overturned, 'A woman's right to choose is fundamental'",politics
https://www.foxnews.com/lifestyle/healthy-breakfast-smoothie-kickstart-better-eating-new-year,Healthy breakfast smoothie could help kickstart better eating habits in the New Year,lifestyle
https://www.foxnews.com/lifestyle/spring-cleaning-forgotten-spaces-tips-tidying-home,"10 spots you can't forget when you're spring cleaning, from an expert",lifestyle
https://www.foxnews.com/politics/illegal-unconstitutional-void-georgia-judge-strikes-down-new-election-rules-after-legal-fights.print,"'Illegal, unconstitutional and void': Georgia judge strikes down new election rules after legal fights",politics
https://www.foxnews.com/world/hamas-admits-painful-distressing-losses-after-israeli-video-shows-terrorist-sinwar-moments-before-his-death,"Hamas admits 'painful, distressing' losses after Israeli video shows terrorist Sinwar moments before his death",world
https://www.foxnews.com/us/georgia-school-shooting-teen-suspects-moms-criminal-record-part-emerging-picture-troubled-home-life,Georgia school shooting: Teen suspect's mom's criminal record part of emerging picture of troubled home life,us
https://www.foxnews.com/media/bidens-disaster-debate-performance-sparks-media-meltdown-calls-withdraw-2024-race,"Biden's 'disaster' debate performance sparks media meltdown, calls for him to withdraw from 2024 race",media
https://www.foxnews.com/politics/what-donald-trump-told-us-weekend-about-his-search-running-mate,Donald Trump has picked his running mate and they will be at Thursday's debate,politics
https://www.foxnews.com/politics/rent-too-damn-high-rosen-panned-biden-aligned-votes-high-housing-costs,"'Rent is too damn high': Rosen panned for Biden-aligned votes, high housing costs",politics
https://www.foxnews.com/lifestyle/this-day-history-oct-10-1845-us-naval-academy-founded-planned-mutiny-shocks,"On this day in history, October 10, 1845, US Naval Academy founded after planned mutiny shocks nation",lifestyle
https://www.foxnews.com/us/gotaway-illegal-tren-de-aragua-gang-member-accused-suburban-hotel-murder,'Gotaway' illegal and Tren de Aragua gang member accused in suburban hotel murder,us
https://www.foxnews.com/politics/working-class-come-home-harris-rallygoers-postindustrial-pennsylvania-say.print,"Working class will come home to Harris, rallygoers in postindustrial Pennsylvanians say",politics
https://www.foxnews.com/media/nate-silver-reveals-one-battleground-state-could-spell-trouble-kamala-harris,Nate Silver reveals the one battleground state that could spell trouble for Kamala Harris,media
https://www.foxnews.com/media/stephen-colbert-apologizes-kate-middleton-jokes-before-revealed-cancer-diagnosis-wishes-recovery.print,"Stephen Colbert apologizes for Kate Middleton jokes before she revealed cancer diagnosis, wishes her recovery",media
https://www.foxnews.com/lifestyle/maple-butter-offers-sweet-secret-taste-springtime-north-america,Maple butter offers a sweet and secret taste of springtime in North America,lifestyle
https://www.foxnews.com/media/trump-discusses-using-military-expel-illegal-immigrants-second-term-arent-civilians.print,Trump discusses using military to expel illegal immigrants in second term: 'These aren't civilians',media
https://www.foxnews.com/politics/walzs-handling-blm-riots-strict-covid-rules-under-microscope-after-harris-vp-pick,"Walz's handling of BLM riots, strict COVID rules under microscope after Harris VP pick",politics
https://www.foxnews.com/politics/biden-admin-bucks-climate-activists-holds-enormous-trump-era-oil-gas-lease-sale,"Biden admin bucks climate activists, holds enormous Trump-era oil and gas lease sale",politics
https://www.foxnews.com/media/levin-blm-endorsement-cuban-dictatorship,"Levin blasts BLM's endorsement of Cuban dictatorship, media's history of ‘friendliness’ to autocrats",media
https://www.foxnews.com/media/social-media-disturbed-gov-noems-story-shooting-her-14-month-old-dog-not-normal,Social media disturbed by Gov. Noem's story about shooting her 14-month-old dog: ‘Not normal',media
https://www.foxnews.com/politics/biden-admin-unveils-latest-crackdown-oil-gas-industry-un-climate-conference,Biden admin unveils latest crackdown on oil and gas industry at UN climate conference,politics
https://www.foxnews.com/politics/harris-support-evs-could-tank-campaign-critical-swing-state-expert-says,"Harris support for EVs could tank campaign in critical swing state, expert says",politics
https://www.foxnews.com/health/taking-10k-steps-associated-reduction-risk-cancer-cardiovascular-disease-deaths-study.print,"Taking 10K steps may be associated with reduction in risk of cancer, cardiovascular disease deaths: study",health
https://www.foxnews.com/lifestyle/this-day-history-dec-14-1977-saturday-night-fever-debuts-disco-era,"On this day in history, December 14, 1977, 'Saturday Night Fever' debuts, capturing disco era in America",lifestyle
https://www.foxnews.com/media/more-parents-claim-colorado-school-district-forced-children-overnight-rooms-students-opposite-sex.print,More parents claim Colorado school district forced children into overnight rooms with students of opposite sex,media
https://www.foxnews.com/politics/north-carolina-gop-goes-offense-pushing-ambitious-agenda-new-supermajority-state-house,"North Carolina GOP goes on offense, pushing ambitious agenda with new supermajority in state House",politics
https://www.foxnews.com/media/members-kamala-harris-campaign-frustrated-recent-biden-media-appearances-cnn-reporter.print,"Kamala Harris campaign frustrated by recent Biden media appearances, says CNN reporter",media
https://www.foxnews.com/entertainment/inside-lori-loughlin-prison-college-admissions-scandal,"Lori Loughlin’s prison offers Pilates, spin class and more as she serves time in college admissions scandal",entertainment
https://www.foxnews.com/entertainment/simon-cowell-pulls-out-judging-duties-x-factor-israel-appearance,Simon Cowell pulls out of judging duties in upcoming ‘X Factor Israel’ appearance,entertainment
https://www.foxnews.com/us/colorado-video-shows-tren-de-aragua-gang-beating-apartment-complex-worker-extortion-bid-company-says,"Colorado video shows Tren de Aragua gang beating apartment complex worker in extortion bid, company says",us
https://www.foxnews.com/politics/flashback-da-harris-plan-prosecute-drug-dealers-starting-third-offense-shot-down-police,Flashback: DA Harris' plan to prosecute drug dealers starting on their 3rd offense shot down by police,politics
https://www.foxnews.com/politics/biden-defiantly-charges-ahead-election-run-despite-speculation-he-would-drop-weekend,Biden defiantly charges ahead with election run despite speculation he would drop out this weekend,politics
https://www.foxnews.com/media/msnbc-cnn-left-blown-away-chills-after-harris-first-campaign-speech-jumping-out-my-seat,"MSNBC, CNN left 'blown away,' with 'chills' after Harris' first campaign speech: 'Jumping out of my seat'",media
https://www.foxnews.com/politics/abuse-power-house-gop-opens-probe-ukrainian-presidents-trip-battleground-pennsylvania,'Abuse of power': House GOP opens probe into Ukrainian president's trip to battleground Pennsylvania,politics
https://www.foxnews.com/politics/haitian-refugees-dont-understand-laws-lawmaker-says-amid-fatal-wreck-cultural-clashes,"Haitian refugees ‘don’t understand the laws,’ former lawmaker says amid fatal wreck, cultural clashes",politics
https://www.foxnews.com/politics/progressive-dem-slams-squad-members-reprehensible-repulsive-response-hamas-attack-israel,Progressive Dem slams 'reprehensible and repulsive' response to Hamas attack on Israel after 'Squad' remarks,politics
https://www.foxnews.com/media/trump-says-howard-stern-great-went-woke-ratings-down-tubes,Trump says Howard Stern was great until he ‘went woke’ and ratings have 'gone down the tubes',media
https://www.foxnews.com/lifestyle/meet-american-invented-buffalo-wing-disrupted-chicken-industry,"Meet the American who invented Buffalo wings, disrupted entire chicken industry",lifestyle
https://www.foxnews.com/media/colorado-district-created-methodical-system-deceive-parents-in-school-social-transitions,Colorado district equity docs reveal methodical system to deceive parents on in-school social transitions,media
https://www.foxnews.com/media/wapo-reporter-suggests-white-house-censor-misinformation-trump-musk-interview-press-briefing,WaPo reporter suggests White House censor 'misinformation' from Trump-Musk interview at press briefing,media
https://www.foxnews.com/media/msnbc-contributor-crisis-latinos-democratic-party,MSNBC contributor complains of 'crisis' as Latinos move away from Democrats,media
https://www.foxnews.com/sports/giants-rookie-phenom-malik-nabers-travis-scott-concert-backlash-got-own-life.print,Giants rookie phenom Malik Nabers on Travis Scott concert backlash: 'I still got my own life',sports
https://www.foxnews.com/politics/trump-urges-biden-follow-debate-promise-ready,Trump urges Biden to follow through with debate promise: 'I'm ready to go anywhere',politics
https://www.foxnews.com/health/ask-doc-why-ears-ringing-should-see-doctor,"Ask a doctor: ‘Why are my ears ringing, and should I see a physician?’",health
https://www.foxnews.com/media/biden-says-harris-handled-everything-from-foreign-policy-domestic-policy-under-his-administration.print,Biden says Harris handled 'everything from foreign policy to domestic policy' under his administration,media
https://www.foxnews.com/media/national-black-farmers-president-issues-dire-warning-biden-admin-heading-food-shortage,National Black Farmers president issues dire warning to Biden admin: 'We're heading for a food shortage',media
https://www.foxnews.com/entertainment/taylor-swift-screams-eras-tour-concert-security-guard-stop-harassing-fan,Taylor Swift screams during Eras Tour concert for security guard to stop harassing fan,entertainment
https://www.foxnews.com/lifestyle/meet-american-made-us-flip-hamburgers-louis-lassen-danish-immigrant-street-wagon-cook.print,"Meet the American who made us flip for hamburgers, Louis Lassen, Danish immigrant street-wagon cook",lifestyle
https://www.foxnews.com/politics/walz-appointee-chang-wangs-chinese-political-ties-highlight-potential-veeps-natsec-weakness-lawmaker-says,"Walz appointee with apparent CCP ties could expose potential veep's national security weakness, lawmaker says",politics
https://www.foxnews.com/lifestyle/meet-american-invented-video-games-ralph-baer-german-jew-fled-nazis-served-us-army-wwii,"Meet the American who invented video games, Ralph Baer, a German Jew who fled Nazis, served US Army in WWII",lifestyle
https://www.foxnews.com/lifestyle/farmers-brutalized-costs-through-roof-last-days-bidens-america,Farmers 'brutalized' as costs 'go through the roof' in last days of Biden's America,lifestyle
https://www.foxnews.com/us/pennsylvania-state-police-identify-victims-shot-during-attempted-assassination-former-president-trump,Pennsylvania State Police identify victims shot during attempted assassination of former President Trump,us
https://www.foxnews.com/us/american-space-legend-buzz-aldrin-marries-63-year-old-girlfriend-93rd-birthday,American space legend Buzz Aldrin marries 63-year-old girlfriend on his 93rd birthday,us
https://www.foxnews.com/politics/secret-service-told-locals-would-take-care-of-building-crooks-shot-trump-from,Secret Service told locals they would ‘take care of’ building used by Thomas Crooks to shoot Trump,politics
https://www.foxnews.com/health/hurricane-helene-flooding-mold-home-could-cause-severe-health-risks-experts-say.print,Hurricane flooding: 3 health warnings about mold growing in your home,health
https://www.foxnews.com/entertainment/olivia-jade-giannulli-publicly-shamed-lori-loughlin-mossimo-giannulli-scandal,"Olivia Jade Giannulli recalls being 'publicly shamed' for Lori Loughlin, Mossimo Giannulli's scandal",entertainment
https://www.foxnews.com/opinion/female-athlete-do-not-consent-playing-alongside-men-collegiate-sports,"As a female athlete, I do not consent to playing alongside men in collegiate sports",opinion
https://www.foxnews.com/media/trump-says-abc-debate-moderators-favored-kamala-harris-three-one,Trump says ABC debate moderators favored Kamala Harris: 'It was three to one',media
https://www.foxnews.com/health/home-hospital-care-brings-phenomenal-benefits-patients-providers-study,"Home hospital care brings ‘phenomenal’ benefits to patients and providers, study finds",health
https://www.foxnews.com/entertainment/rumer-willis-pregnant-expecting-baby-with-boyfriend-derek-richard-thomas,"Rumer Willis is pregnant, expecting baby with boyfriend Derek Richard Thomas",entertainment
https://www.foxnews.com/us/georgia-high-school-shooting-biden-decries-more-senseless-gun-violence,Georgia high school shooting: Biden decries 'more senseless gun violence',us
https://www.foxnews.com/media/vance-praised-absolute-fire-takedown-harris-walz-tag-team-riot-enablers-make-america-burn-again,Vance praised for 'absolute FIRE' takedown of Harris-Walz 'tag team' riot enablers: 'Make America Burn Again',media
https://www.foxnews.com/sports/nitro-circus-own-travis-pastrana-discusses-growth-motocross-sports-awesome-see.print,Nitro Circus' own Travis Pastrana discusses growth of motocross sports: 'Awesome to see',sports
https://www.foxnews.com/politics/harris-now-backing-away-several-far-left-stances-she-once-promoted,Harris now backing away from several far-left stances she once promoted,politics
https://www.foxnews.com/entertainment/bruce-willis-daughter-tallulah-update-painful-dementia-battle.print,Bruce Willis' daughter Tallulah gives update on his 'painful' dementia battle,entertainment
https://www.foxnews.com/health/alzheimers-breakthrough-researchers-identify-gene-delays-disease-high-risk-family,"In Alzheimer’s breakthrough, researchers identify ‘protective gene’ that delays disease in high-risk family",health
https://www.foxnews.com/politics/do-potential-biden-replacements-have-what-takes-beat-trump,Do these potential Biden replacements have what it takes to beat Trump?,politics
https://www.foxnews.com/media/mark-levin-we-were-freer-before-american-revolution,Mark Levin: We were freer before the American Revolution than we are today,media
https://www.foxnews.com/lifestyle/what-huggy-wuggy-toy-popping-sale-streets-nyc.print,"What is 'Huggy Wuggy,' the 'sinister'-looking toy popping up for sale on streets of NYC?",lifestyle
https://www.foxnews.com/world/israel-bans-un-secretary-general-over-anti-israel-actions-doesnt-deserve-set-foot-israeli-soil,Israel bans UN secretary-general over anti-Israel actions: 'Doesn't deserve to set foot on Israeli soil',world
https://www.foxnews.com/media/trumps-promise-eliminate-taxes-tips-marks-first-time-gop-has-focused-minority-neighborhoods,Trump’s promise to ‘eliminate taxes on tips’ marks ‘first time’ GOP has focused on minority neighborhoods,media
https://www.foxnews.com/media/washington-post-corrections-steele-dossier,Washington Post has corrected over a dozen articles related to Steele dossier coverage,media
https://www.foxnews.com/media/rapper-50-cent-says-black-men-identifying-trump-over-biden,Rapper 50 Cent says Black men are 'identifying with Trump' over Biden,media
https://www.foxnews.com/media/harris-says-wealthy-americans-corporations-will-pay-higher-taxes-to-fund-economic-plan,"Harris says wealthy Americans, corporations will pay higher taxes to fund economic plan",media
https://www.foxnews.com/health/when-parent-must-care-parent-how-avoid-caregiving-burnout-according-experts,"When a parent must care for a parent: How to avoid caregiving burnout, according to experts",health
https://www.foxnews.com/opinion/unnoticed-election-could-determine-future,The unnoticed election that could determine the future,opinion
https://www.foxnews.com/politics/supreme-court-overturn-roe-draft-leaked-draft-opinion-report,"Supreme Court set to overturn Roe v. Wade, leaked draft opinion shows: report",politics
https://www.foxnews.com/lifestyle/this-day-history-august-24-british-troops-ransack-torch-white-house-capitol,"On this day in history, August 24, 1814, British troops ransacked, torched White House and Capitol",lifestyle
https://www.foxnews.com/us/fbi-interviews-classmate-trump-shooter-thomas-matthew-crooks-over-dislike-politicians,FBI interviews classmate of Trump shooter Thomas Matthew Crooks over dislike for politicians,us
https://www.foxnews.com/media/mike-pence-2024-bid-test-gop-changed-trump-others-walking-away-us-leadership,"Mike Pence: 2024 bid will 'test' whether GOP changed, Trump and others 'walking away from US leadership'",media
https://www.foxnews.com/politics/trump-chats-musk-overarching-interview-harris-continues-snubbing-media,"Trump chats with Musk in lengthy, overarching interview as Harris continues snubbing media",politics
https://www.foxnews.com/politics/supreme-court-signals-interest-taking-major-climate-change-while-liberal-activists-panic,Supreme Court signals interest in hearing a major climate change case that could be a 'nightmare' for liberals,politics
https://www.foxnews.com/media/trump-declares-border-war-zone-dings-newsom-terrible-job-migrant-epicenter-shifts,"Trump declares border a 'war zone,' dings Newsom for doing 'terrible job' as migrant epicenter shifts",media
https://www.foxnews.com/sports/guardians-use-long-ball-pull-off-miraculous-walk-off-win-after-squandering-late-lead,Guardians use long ball to pull off miraculous walk-off win after squandering late lead,sports
https://www.foxnews.com/sports/espn-personalities-slam-bidens-title-ix-proposal-uproar-transgender-athletes-womens-sports,ESPN personalities slam Biden's Title IX proposal amid uproar over transgender athletes in women's sports,sports
https://www.foxnews.com/politics/trump-takes-detour-ultra-blue-california-spotlight-harris-home-turfs-failed-policies-paradise-lost,Trump takes detour to ultra-blue California to spotlight Harris' home turf's failed policies: 'Paradise lost',politics
https://www.foxnews.com/media/trump-calls-cbs-lose-its-broadcasting-license-amid-60-minutes-controversy-unprecedented-scandal,Trump calls for CBS to lose its broadcasting license amid '60 Minutes' controversy: 'UNPRECEDENTED SCANDAL!',media
https://www.foxnews.com/lifestyle/arizona-students-raise-nearly-10k-heart-surgery-teachers-wife-made-me-cry,Arizona students raise nearly $10K for heart surgery for teacher's wife: 'Made me cry',lifestyle
https://www.foxnews.com/lifestyle/new-jersey-restaurant-breaks-guinness-world-record-largest-tequila-mezcal-library,"New Jersey restaurant breaks Guinness World Record for largest tequila, mezcal library",lifestyle
https://www.foxnews.com/politics/state-of-race-six-key-senate-seats-republicans-look-flip-2024,State of the Race: Six key Senate seats Republicans look to flip in 2024,politics
https://www.foxnews.com/media/former-obama-fundraiser-calls-trumps-fine-so-wrong-attempt-inflict-pain-before-ny-loses-appeal.print,"Former Obama fundraiser calls Trump's fine 'so wrong,' attempt to inflict 'pain' before NY loses in appeal",media
https://www.foxnews.com/politics/arizona-speech-vance-next-president-americans-first-slams-fema-money-migrants,"In Arizona speech, Vance says next president must put Americans first, slams FEMA money for migrants",politics
https://www.foxnews.com/health/researchers-sources-four-brain-disorders-new-treatments,"Researchers find sources of four brain disorders, which could lead to new treatments",health
https://www.foxnews.com/media/whoopi-goldberg-cancel-culture-pepe-le-pew,Whoopi Goldberg rips cancel culture targeting Pepé Le Pew: 'I don't know why you've got to erase everything',media
https://www.foxnews.com/entertainment/vanessa-hudgens-thirsty-thursday-pics-second-week,Vanessa Hudgens continues #ThirstyThursday tradition with sultry snaps,entertainment
https://www.foxnews.com/politics/house-democrats-pro-act-right-to-work-california-ab5,PRO Act gains socialist support: The Democratic bill that would crush right-to-work laws,politics
https://www.foxnews.com/media/cbs-60-minutes-airs-two-different-answers-from-vp-harris-same-question.print,CBS '60 Minutes' airs two different answers from VP Harris to the same question,media
https://www.foxnews.com/entertainment/denise-richards-confesses-hell-charlie-sheen-addiction-struggles.print,Denise Richards confesses she went through 'hell and back' for Charlie Sheen during addiction struggles,entertainment
https://www.foxnews.com/media/maher-calls-out-cnn-gushing-over-kamala-harris-network-anchor-your-hosts-come-across-democrats,Maher calls out CNN ‘gushing’ over Kamala Harris to network anchor: Your hosts ‘come across' as Democrats,media
https://www.foxnews.com/politics/kamala-harris-declares-border-secure-thousands-illegals-flood-us-every-day,Kamala Harris declares ‘border is secure’ as thousands of illegals flood into US every day,politics
https://www.foxnews.com/politics/harris-visits-crucial-border-state-immigration-record-sparks-scrutiny-timeline,Harris visits crucial border state as immigration record sparks scrutiny: A timeline,politics
https://www.foxnews.com/politics/abortion-rights-groups-leaked-supreme-court-draft,Abortion rights groups lash out at leaked Supreme Court draft: 'Confirms our worst fears',politics
https://www.foxnews.com/entertainment/jelly-roll-felonies-prevent-him-booking-gigs-overseas,Jelly Roll says his felonies prevent him from booking gigs overseas,entertainment
https://www.foxnews.com/us/9-11-flight-phone-calls,"Heroism, bravery displayed on 9/11 by plane passengers who made phone calls from hijacked aircraft",us
https://www.foxnews.com/media/howard-stern-tells-harris-sun-go-out-she-loses-were-darkest-skies-planet.print,Howard Stern tells Harris sun will 'go out' if she loses: 'We're in for the darkest skies on the planet',media
https://www.foxnews.com/lifestyle/new-york-veteran-105-shares-secret-fulfilling-life-faith-family-no-regrets,"New York veteran, 105, shares her secret to a fulfilling life: Faith, family and 'no regrets'",lifestyle
https://www.foxnews.com/opinion/epidemic-americas-modern-civil-rights-challenge,This epidemic is America's modern civil rights challenge,opinion
https://www.foxnews.com/media/unzipping-truth-fox-nation-reveals-michael-baden-forensics-cases-heads,Unzipping the truth: Fox Nation series reveals how Dr. Michael Baden's forensics turned cases on their heads,media
https://www.foxnews.com/politics/texas-ag-files-lawsuit-against-biden-administration-new-gun-sale-requirements-take,Texas AG files lawsuit against Biden administration for new gun sale requirements: 'Come and take it',politics
https://www.foxnews.com/us/video-from-trump-assassination-attempt-victims-pov-shows-figure-moving-roof-moments-before-gunfire,Video from Trump assassination attempt victim's POV shows figure moving on roof moments before gunfire,us
https://www.foxnews.com/lifestyle/meet-american-discovered-science-defines-two-genders-nettie-stevens-research-pioneer,"Meet the American who unlocked the science of gender, Nettie Stevens, female research pioneer",lifestyle
https://www.foxnews.com/politics/biden-harris-hhs-secretary-sidesteps-backing-any-limit-late-term-abortion,Biden-Harris HHS secretary sidesteps backing any limit on late-term abortion,politics
https://www.foxnews.com/media/loneliness-crisis-sweeping-america-deadly-smoking-surgeon-general-warns,"Loneliness crisis sweeping America could be as deadly as smoking, surgeon general warns",media
https://www.foxnews.com/us/trump-assassination-plot-exposes-ryan-rouths-bomb-bust-barricade-illegal-gun-professional-demise.print,"Trump assassination plot exposes Ryan Routh's bomb bust, barricade with illegal gun in professional demise",us
https://www.foxnews.com/lifestyle/st-patricks-day-origins-beyond-drowning-the-shamrock,St. Patrick's Day: The history behind the holiday in the United States,lifestyle
https://www.foxnews.com/politics/supreme-court-allows-continued-regulation-ghost-guns,Supreme Court allows continued regulation of so-called 'ghost guns',politics
https://www.foxnews.com/entertainment/beatle-ringo-starr-peace-love-all-starr-tour.print,Beatle Ringo Starr reflects on spreading 'peace and love' following the '60s: 'It was part of how we felt',entertainment
https://www.foxnews.com/politics/rot-decay-rep-hank-johnson-argues-scotus-term-limits-path-forward-removing-corrupt-justices,'Rot and decay': Rep Hank Johnson argues SCOTUS term limits are path forward for removing 'corrupt' justices,politics
https://www.foxnews.com/politics/trump-guilty-verdict-reveals-split-former-gop-presidential-primary-opponents.print,Trump guilty verdict reveals split among former GOP presidential primary opponents,politics
https://www.foxnews.com/us/defund-the-police-return-school-resource-officers,Crime spikes force schools to reinstate resource officers as defund movement collapses,us
https://www.foxnews.com/health/angelman-syndrome-colin-farrells-son-living-rare-disease.print,What is Angelman syndrome? Colin Farrell’s son is living with this rare disease,health
https://www.foxnews.com/politics/riley-gaines-ncaa-athletes-testify-georgia-about-competing-against-sharing-locker-room-lia-thomas,"Riley Gaines, NCAA athletes to testify in Georgia about competing against, sharing locker room with Lia Thomas",politics
https://www.foxnews.com/politics/biden-harris-speak-from-rose-garden-after-announcing-executive-actions-aimed-reducing-gun-violence.print,"Biden touts reduction in crime, slams Republican response to gun violence in Thursday press conference",politics
https://www.foxnews.com/us/florida-bus-carrying-migrant-workers-crashes-killing-8-injuring-dozens-officials,"Florida bus carrying migrant farmworkers crashes, killing at least 8 and injuring dozens more: officials",us
https://www.foxnews.com/politics/vp-harris-ripped-by-victim-of-illegal-immigrant-released-under-her-program-over-resurfaced-speech.print,VP Harris ripped by victim of illegal immigrant released under her program over resurfaced speech,politics
https://www.foxnews.com/media/hakeem-jeffries-boasts-democrats-effectively-governing-majority-house-just-facts,Hakeem Jeffries boasts Democrats are 'effectively' governing as the majority in the House: 'Just the facts',media
https://www.foxnews.com/world/cold-case-team-may-know-betrayed-anne-frank,"Anne Frank's Nazi arrest in Amsterdam may have stemmed from Jewish businessman's tip, book claims",world
https://www.foxnews.com/politics/trump-attends-slain-nypd-officer-jonathan-dillers-wake,Trump attends slain NYPD officer Jonathan Diller's wake: 'Need law and order',politics
https://www.foxnews.com/media/fox-nation-veteran-memorial-day,FOX Nation unveils veteran-themed content to commemorate Memorial Day,media
https://www.foxnews.com/politics/top-5-moments-during-trump-harris-presidential-debate-im-talking-now,Top 5 moments during Trump-Harris presidential debate: 'I'm talking now',politics
https://www.foxnews.com/sports/tony-bennett-blames-nil-retirement-calls-change-college-sports-emotional-conference.print,"Tony Bennett blames NIL for retirement, calls for 'change' in college sports in emotional conference",sports
https://www.foxnews.com/lifestyle/spicy-grilled-shrimp-olive-skewers-dinner-try-recipe,Spicy grilled shrimp and olive skewers for dinner: Try the recipe,lifestyle
https://www.foxnews.com/politics/supreme-court-sides-fishermen-landmark-case-deciding-fate-administrative-state,Supreme Court sides with fishermen in landmark case deciding fate of the administrative state,politics
https://www.foxnews.com/politics/gus-walz-brought-tears-shares-emotional-moment-father-tim-during-dnc-speech-thats-my-dad,"Gus Walz brought to tears, shares emotional moment with father Tim during DNC speech: 'That's my Dad'",politics
https://www.foxnews.com/media/assassination-expert-trump-triple-secret-service-jfk-still-came-inch-death,Assassination expert says Trump had ‘triple the Secret Service’ JFK had and still came an inch from death,media
https://www.foxnews.com/politics/kirby-slams-hamas-chief-sinwar-the-major-obstacle-reaching-cease-fire-hostage-release-deal-israel.print,"Kirby slams Hamas chief Sinwar as 'the major obstacle' to cease-fire, hostage release deal with Israel",politics
https://www.foxnews.com/media/father-soldier-son-relatives-american-hostages-gaza-call-immediate-release,"Father, soldier, son: Relatives of American hostages in Gaza call for their immediate release",media
https://www.foxnews.com/media/fewer-adults-extremely-proud-american-experts-warn-people-focused-individualism,Why fewer adults are ‘extremely proud’ to be American: Experts warn people are focused on ‘individualism’,media
https://www.foxnews.com/politics/democratic-heavyweights-speak-partys-convention-preparing-large-palestinian-protests,Democratic heavyweights to speak at party's convention; preparing for large Palestinian protests,politics
https://www.foxnews.com/media/father-parkland-shooting-victim-speaks-tragic-anniversary-criminals-obey-gun-laws,Father of Parkland shooting victim speaks out on tragic anniversary: 'Criminals don’t obey gun laws',media
https://www.foxnews.com/media/trump-appears-leaves-door-open-second-debate-harris-maybe-i-got-right-mood,Trump appears to leave door open for second debate with Harris: 'Maybe if I got in the right mood',media
https://www.foxnews.com/us/woke-da-sued-by-own-office-allegedly-protecting-ethics-chief-charged-with-felonies,'Woke' DA sued by his own office for allegedly protecting ethics chief charged with felonies,us
https://www.foxnews.com/lifestyle/tunnel-towers-pays-mortgage-fallen-connecticut-police-sergeant-comfort,Tunnel to Towers pays off mortgage of fallen Connecticut police sergeant: 'Comfort and connectedness',lifestyle
https://www.foxnews.com/entertainment/bruce-willis-diagnosed-aphasia-stepping-away-acting,"Bruce Willis diagnosed with aphasia, 'stepping away' from acting, family reveals",entertainment
https://www.foxnews.com/politics/gop-rep-introduces-resolution-condemning-un-calling-americans-stop-eating-meat.print,GOP rep introduces resolution condemning UN for calling on Americans to stop eating meat,politics
https://www.foxnews.com/health/be-well-take-walk-outside-boost-your-mental-health,Be well: Take a walk outside to boost your mental health,health
https://www.foxnews.com/world/putin-accuses-ukraine-terrorism-crimea-bridge-explosion,Putin accuses Ukraine of 'terrorism' in Crimea bridge explosion,world
https://www.foxnews.com/politics/critics-drag-harris-cringe-pre-recorded-video-aired-during-catholic-charity-dinner.print,Critics drag Harris for 'cringe' pre-recorded video aired during Catholic charity dinner,politics
https://www.foxnews.com/entertainment/ozzy-sharon-osbourne-delay-move-back-england-due-rockers-health-la-used-nice,"Ozzy, Sharon Osbourne delay move back to England due to rocker's health: 'LA used to be nice'",entertainment
https://www.foxnews.com/entertainment/american-graffiti-cast-50-years-film-launched-harrison-ford-struggling-carpenter-han-solo,'American Graffiti' cast 50 years later: How film launched Harrison Ford from struggling carpenter to Han Solo,entertainment
https://www.foxnews.com/politics/trump-immunity-case-supreme-court-rules-ex-presidents-substantial-protection-prosecution.print,Trump immunity case: Supreme Court rules ex-presidents have substantial protection from prosecution,politics
https://www.foxnews.com/politics/trump-reveals-which-election-issue-bigger-deal-than-inflation-economy,Trump reveals which election issue is a 'bigger deal' than inflation and the economy,politics
https://www.foxnews.com/live-news/georgia-school-shooting-september-5-2024,"Apalachee High School shooting victims identified, student suspect was flagged to FBI last year",live-news
https://www.foxnews.com/entertainment/jelly-roll-had-lot-time-write-songs-prison-before-finding-massive-success-country-music,Jelly Roll ‘had a lot of time’ to write songs in prison before finding massive success in country music,entertainment
https://www.foxnews.com/politics/countdown-harris-has-just-4-days-left-make-good-sit-down-interview-proclamation,COUNTDOWN: Harris has just 4 days left to make good on sit-down interview proclamation,politics
https://www.foxnews.com/sports/outkicks-clay-travis-interviews-trump-epic-sec-clash-state-race-this-really-big-time-football,"OutKick's Clay Travis interviews Trump on epic SEC clash, state of race: 'This is really big time football’",sports
https://www.foxnews.com/politics/leader-race-looms-john-thune-takes-senate-map-storm-boost-gop-candidates,"As leader race looms, John Thune takes Senate map by storm to boost GOP candidates",politics
https://www.foxnews.com/politics/georgia-gop-chair-shares-2-pronged-election-strategy-trump-works-win-back-peach-state.print,Georgia GOP chair shares 2-pronged election strategy as Trump works to win back Peach State,politics
https://www.foxnews.com/entertainment/liam-payne-911-call-claims-singer-intoxicated-breaking-whole-room-before-hotel-death.print,"Liam Payne 911 call claims singer was intoxicated, 'breaking the whole room' before hotel death",entertainment
https://www.foxnews.com/us/texas-borderland-car-crash-leaves-three-people-dead-human-smuggling-attempt,Texas borderland car crash leaves three people dead in human smuggling attempt,us
https://www.foxnews.com/media/hillary-clinton-floated-mightiest-all-biden-replacements-column-gets-mocked-online.print,"Hillary Clinton floated as ‘mightiest of all’ Biden replacements in column, gets mocked online",media
https://www.foxnews.com/entertainment/top-gun-maverick-star-glen-powell-affair-rumors-co-star-sydney-sweeney,'Top Gun: Maverick' star Glen Powell addresses affair rumors with co-star Sydney Sweeney,entertainment
https://www.foxnews.com/us/feasting-like-royalty-chicago-dnc-held-fortified-castle-walled-off-from-reality-former-chief,"'Feasting' like royalty, Chicago DNC held in fortified castle walled off from reality: former chief",us
https://www.foxnews.com/media/harris-critics-sound-off-vp-endorsed-irs-affiliated-union-get-ready-taxed-death.print,Harris’ critics sound off after VP is endorsed by IRS-affiliated union: ‘Get ready to be taxed to death',media
https://www.foxnews.com/politics/border-patrol-agents-nab-dozen-suspected-terrorists-southern-border-august,Border Patrol agents nab a dozen people on terror watchlist at southern border in August,politics
https://www.foxnews.com/us/houston-police-hunt-costumed-gunman-accomplice-after-strangers-argument-turns-deadly,"Houston police hunt costumed gunman, accomplice after strangers' argument turns deadly",us
https://www.foxnews.com/media/meta-admits-error-taking-down-conservative-colleges-facebook-page,Meta admits 'error' in taking down conservative college's Facebook page,media
https://www.foxnews.com/world/iran-warns-decisive-response-israel-crosses-red-lines,Iran warns of 'decisive response' if Israel crosses 'red lines',world
https://www.foxnews.com/media/biden-abandoned-top-democrats-pritzker-newsom-measure-drapes-absence,"Biden abandoned by top Democrats as Pritzker, Newsom 'measure the drapes' in absence",media
https://www.foxnews.com/health/autoimmune-disease-sufferers-ginger-may-play-critical-role-controlling-inflammation-study-finds,"For autoimmune disease sufferers, ginger may 'play a critical role' in controlling inflammation, study finds",health
https://www.foxnews.com/politics/johnsons-plan-avoid-government-shutdown-goes-down-flames-republicans-rebel,Johnson's plan to avoid government shutdown goes down in flames as Republicans rebel,politics
https://www.foxnews.com/politics/feel-betrayed-top-conservative-group-blasts-vulnerable-dems-inflation-multimillion-dollar-ad-blitz,'Feel betrayed': Top conservative group blasts vulnerable Dems on inflation in multimillion-dollar ad blitz,politics
https://www.foxnews.com/politics/trump-ups-his-ante-september-fundraising-haul,Trump ups his ante with September fundraising haul,politics
https://www.foxnews.com/politics/harris-trump-cash-dash-former-president-flip-script-fundraising-swing-oil-country,Harris-Trump cash dash: Former president looks to flip script with fundraising swing in oil country,politics
https://www.foxnews.com/lifestyle/dogs-cats-roam-free-first-cageless-animal-shelter-us-opens-arkansas,Dogs and cats roam free as first cageless animal shelter in US opens in Arkansas,lifestyle
https://www.foxnews.com/media/wisconsin-parents-challenge-title-ix-changes-during-school-board-meeting-boys-boys-girls-girls,Wisconsin parents challenge Title IX changes during school board meeting: 'Boys are boys and girls are girls',media
https://www.foxnews.com/lifestyle/d-day-battle-sites-every-american-should-see-invasion-fascination-millions-normandy,D-Day battle sites every American should see as epic invasion fascination draws millions to Normandy,lifestyle
https://www.foxnews.com/media/migrant-gang-taking-over-colorado-apartment-complex-not-isolated-occurrence-former-resident-says,"Migrant gang taking over Colorado apartment complex ‘not an isolated occurrence,' former resident says",media
https://www.foxnews.com/media/questions-bidens-age-dems-media-comedians-keep-piling-up-following-hur-report,"Questions of Biden's age among Dems, media, comedians keep piling up following Hur report",media
https://www.foxnews.com/media/klobuchar-suggests-voting-democrat-will-help-stop-hurricanes-thats-why-weve-got-win-this,Amy Klobuchar suggests voting Democrat will help stop hurricanes: 'That's why we've got to win this',media
https://www.foxnews.com/world/israel-behind-lebanon-pager-attack-targeting-hezbollah-senior-us-official-says.print,"Israel was behind Lebanon pager attack targeting Hezbollah, senior US official says, as new blasts reported",world
https://www.foxnews.com/politics/absentee-voting-kicks-off-missouri-north-carolina,"Absentee voting kicks off in Missouri, North Carolina",politics
http://www.foxnews.com/entertainment/lori-loughlin-mossimo-giannulli-asks-serve-remainder-prison-sentence-home,Lori Loughlin's husband Mossimo Giannulli asks to serve remainder of five-month prison sentence at home,entertainment
https://www.foxnews.com/politics/border-patrol-union-endorses-controversial-senate-border-deal-far-better-status-quo,Border Patrol Union endorses controversial Senate border deal: ‘far better than the status quo’,politics
https://www.foxnews.com/media/nancy-pelosi-says-never-recommend-biden-debate-trump-stage-surprise-announcement,Nancy Pelosi says she 'would never recommend' Biden debate Trump on stage after surprise announcement,media
https://www.foxnews.com/politics/trump-visits-atlanta-chick-fil-a-buys-customers-chicken-shakes,"Trump visits Atlanta Chick-fil-A, buys customers chicken and shakes",politics
https://www.foxnews.com/entertainment/disney-plus-removes-access-to-classics-like-dumbo-peter-pan-for-kids-under-7-over-racist-stereotypes.print,"Disney+ removes access to classics like 'Dumbo,' 'Peter Pan' for kids under 7 over 'racist' stereotypes",entertainment
https://www.foxnews.com/world/american-father-hamas-hostage-itay-chen-pushes-us-israel-plan-b-negotiations-falter.print,"American father of Hamas hostage Itay Chen pushes US, Israel on ‘Plan B’ as negotiations falter",world
https://www.foxnews.com/media/white-women-kamala-speaker-tells-viewers-never-correct-black-women-put-our-listening-ears-on,'White Women For Kamala' speaker tells viewers to never correct Black women: 'Put our listening ears on!',media
https://www.foxnews.com/politics/venezuelan-gang-tren-de-aragua-given-green-light-members-kill-cops.print,Venezuelan gang Tren de Aragua gives ‘green light’ to members to attack cops: officials,politics
https://www.foxnews.com/us/do-menendez-brothers-stand-chance-freedom-former-investigator-predicts-odds-greedy-rich-kids,Do Menendez brothers stand a chance at freedom?,us
https://www.foxnews.com/us/hero-trump-rally-victim-corey-comperatore-died-shielding-family-wouldve-done-again-friend-says,"Hero Trump rally victim Corey Comperatore died shielding family and 'would've done it again,' friend says",us
https://www.foxnews.com/politics/republican-dave-mccormick-launches-bid-vulnerable-senate-seat-battleground-state,Republican Dave McCormick launches bid for vulnerable Senate seat in battleground state,politics
https://www.foxnews.com/travel/newlywed-couple-details-unique-destination-wedding-mexico-perfect-day,Newlywed couple reveals details of their unique destination wedding in Mexico: 'Perfect day',travel
https://www.foxnews.com/politics/fetterman-lauds-israel-leaving-iran-exposed-humiliated-after-strikes-hamas-hezbollah.print,"Fetterman lauds Israel for leaving Iran ‘exposed and humiliated’ after strikes on Hamas, Hezbollah",politics
https://www.foxnews.com/politics/key-pa-region-sees-waitlist-trump-signs-lawmaker-says-voters-ready-reverse-dem-policies.print,Key Pennsylvania region sees ‘waitlist’ for Trump signs; lawmaker says voters ready to reverse Dem policies,politics
https://www.foxnews.com/us/migrant-crime-crisis-comes-nantucket-marthas-vineyard-playgrounds-rich-famous,"Wealthy, liberal Nantucket, Martha's Vineyard see 6 ICE arrests in one month, including MS-13 gang member",us
https://www.foxnews.com/media/meghan-mccain-hostile-view-emotional-memoir,Meghan McCain blames hostile ‘View’ colleagues for her exit in emotional memoir,media
https://www.foxnews.com/politics/an-absolute-disgrace-senate-republicans-condemn-palestinian-authoritys-un-bid-undermine-israel,'An absolute disgrace': Senate Republicans condemn Palestinian Authority's UN bid to undermine Israel,politics
https://www.foxnews.com/tech/tech-tricks-make-life-better-safer-easier,"20 tech tricks to make life better, safer or easier",tech
https://www.foxnews.com/politics/what-happens-jd-vances-senate-seat-trump-chooses-him-veep-wins-re-election,What happens to JD Vance's Senate seat if Trump chooses him as veep and wins re-election?,politics
https://www.foxnews.com/us/nashville-christian-school-shooting-timeline-audrey-hales-14-minutes-of-mayhem,Nashville Christian school shooting timeline: Audrey Hale's 14 minutes of mayhem,us
https://www.foxnews.com/lifestyle/swedish-candy-goes-viral-tiktok-everyone-wants-bite-trendy-treat,Swedish candy goes viral on TikTok and everyone wants a bite of the trendy treat,lifestyle
https://www.foxnews.com/media/left-died-emergence-kamala-harris-democrats-cnns-van-jones.print,"Left 'just died' with the emergence of 'Kamala Harris Democrats,' says CNN's Van Jones",media
https://www.foxnews.com/us/trump-safe-after-gunshots-his-vicinity-campaign-says,"Trump safe after 'gunshots in his vicinity,' campaign says",us
https://www.nbcnews.com/news/world/helicopter-carrying-irans-president-suffers-hard-landing-state-tv-says-rcna152961,Iranian President Ebrahim Raisi is confirmed dead in helicopter crash,news
https://www.nbcnews.com/pop-culture/celebrity/kristen-cavallari-husband-jay-cutler-divorce-after-10-years-together-n1192966,Kristen Cavallari and Jay Cutler to divorce after 10 years together,pop-culture
https://www.nbcnews.com/news/asian-america/why-atlanta-spa-shooter-s-asian-acquaintances-can-t-tell-n1275348,Why Atlanta spa shooter's Asian 'acquaintances' can't tell us much about his racial biases,news
https://www.nbcnews.com/select/shopping/best-tv-streaming-service-rcna146886,Cutting down on your subscriptions? Here’s how to choose the best streaming service,select
https://www.nbcnews.com/politics/congress/mike-johnson-wont-commit-bringing-house-back-election-hurricane-relief-rcna174174,Mike Johnson won't commit to bringing House back before the election for more hurricane relief,politics
https://www.nbcnews.com/tech/tech-news/esim-card-gaza-palestine-israel-war-hamas-rcna134498,Palestinians are using donated eSIM cards to stay in touch with the outside world ,tech
https://www.nbcnews.com/news/us-news/new-fbi-stats-show-historic-declines-violent-crime-rate-murder-showing-rcna156573,"New FBI stats show 'historic' declines in violent crime rate, with murder showing sharpest drop",news
https://www.nbcnews.com/news/world/hassan-nasrallah-hezbollah-leader-israel-says-killed-beirut-strike-rcna173053,"Who was Hassan Nasrallah, the Hezbollah leader killed in Beirut strike",news
https://www.nbcnews.com/news/world/us-china-gina-raimondo-economy-rcna102507,U.S. and China take cautious steps to repair ties,news
https://www.nbcnews.com/politics/2024-election/key-nebraska-republican-opposes-changing-state-awards-electoral-votes-rcna172276,"Key Nebraska Republican opposes changing how the state awards electoral votes, blocking Trump push",politics
https://www.nbcnews.com/politics/donald-trump/trump-courts-rappers-surrogates-campaign-win-voters-color-rcna157972,Trump courts rappers as surrogates for his campaign to win more voters of color,politics
https://www.nbcnews.com/politics/supreme-court/live-blog/trump-immunity-supreme-court-ruling-live-updates-rcna159539,"Trump has some immunity in D.C. election interference case, Supreme Court rules: Highlights",politics
https://www.nbcnews.com/tech/tech-news/elon-musk-super-pac-gathers-voter-data-boost-trump-rcna164859,How an Elon Musk-backed PAC is gathering data to boost Trump,tech
https://www.nbcnews.com/select/shopping/prebiotic-soda-health-benefits-rcna172429,Are prebiotic sodas actually healthy? The experts we spoke to aren’t convinced.,select
https://www.nbcnews.com/politics/justice-department/jan-6-rioter-manipulated-trump-fox-news-rcna127404,"Jan. 6 rioter asks for early release, says he was ‘manipulated’ by Trump and Fox News",politics
https://www.nbcnews.com/politics/politics-news/secretary-state-antony-blinken-declines-identify-red-line-aid-israel-rcna151826,Secretary of State Antony Blinken declines to identify 'red line' for aid to Israel,politics
https://www.nbcnews.com/politics/donald-trump/trump-focuses-harris-race-black-jobs-combative-panel-black-journalists-rcna164271,Trump falsely accuses Harris of deciding to 'turn Black' during a combative panel with Black journalists,politics
https://www.nbcnews.com/politics/2024-election/poll-half-voters-plan-cast-ballots-early-stark-partisan-divide-rcna175253,Poll: Half of voters plan to cast their ballots early — with a stark partisan divide,politics
https://www.nbcnews.com/news/world/stampede-religious-event-india-kills-100-people-almost-women-rcna160102,"Stampede at religious event in India kills more than 100 people, almost all of them women",news
https://www.nbcnews.com/select/shopping/latino-owned-businesses-shop-ncna1281477,101+ Latino-owned businesses to support year-round,select
https://www.nbcnews.com/nbc-out/out-news/hate-crime-murder-black-trans-woman-south-carolina-dime-doe-rcna176121,S.C. man sentenced to life in prison for murdering Black trans woman after historic verdict,nbc-out
https://www.nbcnews.com/tech/tech-news/microsoft-ceo-satya-nadella-calls-taylor-swift-deepfakes-alarming-terr-rcna136402,Microsoft CEO Satya Nadella calls for coordination to address AI risk,tech
https://www.nbcnews.com/politics/justice-department/prosecutors-tells-jurors-ecstatic-jan-6-defendant-bragged-carrying-gun-rcna18967,Prosecutor tells jurors 'ecstatic' Jan. 6 defendant bragged about carrying gun,politics
https://www.nbcnews.com/politics/supreme-court/appeals-court-rules-trump-presidential-immunity-2020-election-interfer-rcna133234,"Trump is not immune in 2020 election interference case, appeals court rules",politics
https://www.nbcnews.com/politics/2024-election/live-blog/dnc-2024-live-updates-rcna165226/rcrd52541?canonicalCard=true,Coalition to March on the DNC’s protest ends peacefully where it began,politics
https://www.nbcnews.com/investigations/democrat-urges-biden-help-locals-fight-election-disinformation-rcna172952,Top Democrat urges Biden admin to do more to help local election officials fight a flood of disinformation,investigations
https://www.nbcnews.com/politics/2024-election/gop-bob-casey-family-ties-pennsylvania-senate-race-rcna159748,GOP turns the spotlight on Sen. Bob Casey's family ties in key Pennsylvania race,politics
https://www.nbcnews.com/politics/donald-trump/live-blog/live-updates-trump-indictment-classified-documents-rcna88494#rcrd13926,Trump indictment: Former president faces 37 counts in documents case,politics
https://www.nbcnews.com/politics/justice-department/ex-police-chief-spread-conspiracies-jan-6-found-guilty-capitol-attack-rcna93407,Ex-police chief who spread conspiracies about Jan. 6 found guilty in Capitol attack,politics
https://www.nbcnews.com/business/consumer/how-ai-artificial-intelligence-fights-taxpayer-fraud-treasury-dept-rcna175916,Treasury Department now using AI to save taxpayers billions,business
https://www.nbcnews.com/politics/2024-election/ron-desantis-super-pac-taking-financial-pressure-campaign-rcna120160,How Ron DeSantis’ super PAC is taking financial pressure off his campaign,politics
https://www.nbcnews.com/politics/politics-news/false-pet-claims-springfield-ohio-mayor-says-trump-visit-strain-rcna171558,"After false pet claims, Springfield mayor says Trump visit would be 'an extreme strain' on resources",politics
https://www.nbcnews.com/tech/tech-news/-china-influence-campaign-pushed-talking-points-50-websites-rcna102247,Pro-China influence campaign pushed talking points across more than 50 websites,tech
https://www.nbcnews.com/politics/donald-trump/trump-says-pardon-large-portion-jan-6-rioters-rcna83873,Trump says he would pardon a 'large portion' of Jan. 6 rioters,politics
https://www.nbcnews.com/politics/congress/jan-6-committee-avoids-criticizing-law-enforcement-summary-rcna61935,Jan. 6 committee avoids criticizing law enforcement in report summary,politics
https://www.nbcnews.com/select/shopping/affordable-portable-air-conditioners-ncna1266638,Cool your space for less with these portable ACs under $400.,select
https://www.nbcnews.com/select/shopping/jbl-clip-5-review-rcna172453,Amazon just marked down my favorite clip-on speaker to a crazy-low price,select
https://www.nbcnews.com/select/shopping/best-disposable-face-mask-ncna1252865,"Can you reuse disposable face masks? The do’s and don’ts, according to doctors",select
https://www.nbcnews.com/news/us-news/asheville-north-carolina-helene-damage-rcna173131,Historic North Carolina village underwater after devastating damage from Helene,news
https://www.nbcnews.com/news/world/senior-hamas-leader-killed-beirut-was-key-figure-patched-ties-iran-rcna131993,Senior Hamas leader killed in Beirut was a key figure who patched up ties with Iran,news
https://www.nbcnews.com/politics/2024-election/abortion-rights-ballot-measure-south-dakota-rcna152746,Abortion rights amendments qualify for the ballot in Colorado and South Dakota,politics
https://www.nbcnews.com/politics/justice-department/qanon-believer-chased-officer-capitol-sentenced-rcna61946,QAnon follower who led the mob that chased Police Officer Eugene Goodman on Jan. 6 sentenced to 5 years in prison,politics
https://www.nbcnews.com/politics/elections/desantis-signs-bill-creating-election-police-unit-florida-rcna25941,DeSantis signs bill creating election police unit in Florida,politics
https://www.nbcnews.com/investigations/russia-aims-undermine-biden-november-election-intel-officials-say-rcna161011,"Russia aims to undermine Biden in November election, intel officials say",investigations
https://www.nbcnews.com/politics/live-blog/jan-6-hearing-expect-top-trump-admin-aide-testifies-rcna35551,Jan. 6 hearing highlights: Cassidy Hutchinson gives explosive testimony about the Trump White House,politics
https://www.nbcnews.com/politics/donald-trump/judge-hits-pause-trump-federal-election-case-presidential-immunity-app-rcna129603,Judge hits pause on Trump federal election case over presidential immunity appeal,politics
https://www.nbcnews.com/news/world/netanyahu-leaves-hospital-israel-faces-key-vote-legal-changes-rcna95881,Israeli parliament passes key part of Netanyahu's divisive judicial overhaul plan ,news
https://www.nbcnews.com/business/business-news/trump-media-stock-scrapes-new-52-week-low-heavy-trading-djt-lockup-lif-rcna172272,Trump Media plummets 10% as post-lockup selloff picks up steam  ,business
https://www.nbcnews.com/news/world/palestinians-killed-israeli-strikes-safe-zones-exclusive-nbc-report-rcna148008,NBC News investigation reveals Israel strikes on Gaza areas it said were safe,news
https://www.nbcnews.com/news/asian-america/racism-sexism-must-be-considered-atlanta-case-involving-killing-six-n1261347,"Racism, sexism must be considered in Atlanta case involving killing of six Asian women, experts say",news
https://www.nbcnews.com/politics/2024-election/harris-campaign-office-damaged-gunfire-arizona-rcna172463,Harris campaign office damaged by gunfire in Arizona,politics
https://www.nbcnews.com/politics/congress/jan-6-panel-looks-trump-white-house-cassidy-hutchinson-testimony-rcna35550,'They're not here to hurt me': Former aide says Trump knew Jan. 6 crowd was armed,politics
https://www.nbcnews.com/politics/two-immigration-moves-underscore-2024-potency-politics-desk-rcna155492,Two immigration moves underscore the issue’s 2024 potency: From the Politics Desk,politics
https://www.nbcnews.com/news/world/putin-xi-agree-deepen-partnership-russia-advances-ukraine-war-rcna152528,Putin and Xi vow to deepen 'no limits' partnership as Russia advances in Ukraine,news
https://www.nbcnews.com/news/world/israel-gaza-conflict-photos-rcna119327,Israel and Gaza conflict in photos,news
https://www.nbcnews.com/select/shopping/micellar-water-dry-shampoo-rcna164558,TikTokers are using micellar water as dry shampoo — but does it actually work? We asked experts,select
https://www.nbcnews.com/select/shopping/best-raised-garden-beds-ncna1268061,Are you a gardening newbie? Try a raised garden bed,select
https://www.nbcnews.com/politics/2024-election/harris-branches-trump-preaches-choir-diverging-media-strategies-rcna175395,Harris branches out while Trump preaches to the choir in divergent media strategies,politics
https://www.nbcnews.com/politics/justice-department/sen-mike-lee-promotes-debunked-conspiracy-theory-jan-6-rioter-rcna125993,Sen. Mike Lee promotes a debunked conspiracy theory about a Jan. 6 rioter,politics
https://www.nbcnews.com/politics/congress/jan-6-panel-warns-attempts-influence-witnesses-trump-allies-rcna35800,Jan. 6 panel warns of attempts to 'influence' witnesses by Trump allies,politics
https://www.nbcnews.com/select/shopping/best-dandruff-shampoos-2023-ncna1302973,"If you struggle with dandruff, these are the best shampoos to keep you flake free",select
https://www.nbcnews.com/politics/2022-election/republicans-win-control-house-nbc-news-projects-overtaking-democrats-s-rcna57223,"Republicans win control of the House, NBC News projects, overtaking Democrats by a slim margin",politics
https://www.nbcnews.com/politics/elections/abortion-rights-won-every-election-roe-v-wade-overturned-rcna99031,Abortion rights have won in every election since Roe v. Wade was overturned,politics
https://www.nbcnews.com/tech/internet/-eyes-rafah-image-shared-millions-instagram-rcna154380,'All Eyes on Rafah' image shared by millions on Instagram following Israeli airstrike,tech
https://www.nbcnews.com/news/world/live-blog/israel-hamas-war-live-updates-rcna141090/rcrd35599?canonicalCard=true,IDF has been securing aid convoys for 4 nights; Hagari says this was the first incident so far,news
https://www.nbcnews.com/news/world/live-blog/israel-hamas-war-live-updates-rcna134047/rcrd31099?canonicalCard=true,"Gaza hits 96-hour telecom blackout, a new record",news
https://www.nbcnews.com/select/shopping/best-indoor-garden-kits-ncna1267376,You don’t need outdoor space to have fresh produce — here’s how to grow it right on your countertop,select
https://www.nbcnews.com/investigations/trump-doj-officials-supreme-court-made-easy-trump-attack-enemies-rcna160144,Some ex-DOJ officials who worked for Trump say the Supreme Court just made it easy for him to weaponize the DOJ,investigations
https://www.nbcnews.com/politics/white-house/white-house-condemns-university-presidents-contentious-congressional-h-rcna128373,White House condemns university presidents after contentious congressional hearing on antisemitism,politics
https://www.nbcnews.com/select/shopping/best-stainless-steel-cookware-rcna169399,"Using stainless steel cookware can actually make your food taste better, according to experts",select
https://www.nbcnews.com/tech/tech-news/google-canada-law-online-news-c-18-bill-news-links-rcna91882,Google to remove Canadian news links from searches in the country,tech
https://www.nbcnews.com/politics/congress/trump-received-78-million-payments-foreign-governments-president-repor-rcna132276,"Trump received at least $7.8 million in payments from foreign governments as president, House Democrats say",politics
https://www.nbcnews.com/news/us-news/us-send-troops-ready-help-evacuate-us-citizens-lebanon-rcna172367,U.S. to send troops to be ready to help evacuate U.S. citizens from Lebanon,news
https://www.nbcnews.com/politics/white-house/biden-orders-declassification-sept-11-investigation-documents-n1278487,Biden orders declassification of Sept. 11 investigation documents,politics
https://www.nbcnews.com/health/health-news/overdose-death-rate-increased-30-2020-staggering-rise-rcna38756,"Drug overdose death rates rose dramatically during the first year of the pandemic, CDC reports ",health
https://www.nbcnews.com/politics/2024-election/harris-walz-win-make-minnesotas-peggy-flanagan-first-native-american-rcna165389,Harris-Walz win would make Minnesota's Peggy Flanagan first Native American female governor,politics
https://www.nbcnews.com/news/asian-america/china-halts-foreign-adoptions-children-rcna169787,China halts foreign adoptions of its children,news
https://www.nbcnews.com/tech/tech-news/tiktok-ban-biden-government-college-state-federal-security-privacy-rcna63724,Biden signs TikTok ban for government devices amid security concerns,tech
https://www.nbcnews.com/news/world/gaza-ministry-reports-killed-strike-hit-civilian-tents-rafah-rcna154136,Netanyahu calls Israeli strike that killed dozens in Gaza tent camp 'tragic',news
https://www.nbcnews.com/news/latino/cuban-president-miguel-diaz-canel-blasts-interventionist-us-protests-s-rcna144122,Cuba's president blasts 'interventionist' U.S. amid protests over shortages,news
https://www.nbcnews.com/news/world/israel-new-war-goal-hezbollah-military-action-lebanon-gaza-rcna171417,"Israel sets new war goal, adding to signs of escalation with Hezbollah",news
https://www.nbcnews.com/politics/supreme-court/supreme-court-weighs-challenge-biden-ban-untraceable-ghost-gun-kits-rcna174278,Supreme Court appears likely to uphold Biden plan to crack down on 'ghost gun' kits,politics
https://www.nbcnews.com/news/us-news/third-d-c-officer-who-responded-capitol-riot-dies-suicide-n1275740,Four officers who responded to Capitol riot have died by suicide,news
https://www.nbcnews.com/news/world/israel-hamas-war-gaza-death-toll-peace-negotiations-veterans-rcna131271,"As death toll mounts in Gaza, veterans of past negotiations weigh in on possibilities for peace",news
https://www.nbcnews.com/think/opinion/bolton-s-book-suggests-trump-corruption-runs-deep-worse-republicans-ncna1231814,Opinion | Bolton's book is depressing on so many levels — here's what hurts the most,think
https://www.nbcnews.com/politics/2024-election/democrats-false-jd-vance-couch-trump-misinformation-rcna166155,Democrats continue to joke about false JD Vance rumor after years of criticizing Trump for spreading misinformation,politics
https://www.nbcnews.com/politics/donald-trump/trump-begs-georgia-secretary-state-overturn-election-results-remarkable-hourlong-n1252692,Trump begs Georgia secretary of state to overturn election results in remarkable hourlong phone call,politics
https://www.nbcnews.com/news/us-news/tourists-came-sunny-disney-vacation-are-instead-stranded-storm-rcna174486,Tourists who came for a sunny Disney vacation are instead stranded by the storm,news
https://www.nbcnews.com/science/environment/lead-pipes-biden-sets-10-year-deadline-cities-replace-rcna174465,Biden sets a 10-year deadline for U.S. cities to replace lead pipes and make drinking water safer,science
https://www.nbcnews.com/politics/justice-department/shane-jenkins-trump-supporter-jan-6-riot-prison-7-years-rcna119294,Jan. 6 rioter who smashed Capitol window with tomahawk ax sentenced to 7 years,politics
https://www.nbcnews.com/business/business-news/six-months-zero-covid-us-firms-china-still-face-unpredictable-business-rcna87915,"Six months after ‘zero Covid,’ U.S. firms in China still face an unpredictable business climate",business
https://www.nbcnews.com/select/shopping/best-pruners-gardening-shears-ncna1294550,How pruning shears can help keep your garden safe from pests and diseases,select
https://www.nbcnews.com/politics/2024-election/mark-robinson-vows-stay-north-carolina-governor-race-cnn-report-rcna171860,Mark Robinson vows to stay in N.C. governor's race following report he made inflammatory comments on a porn site,politics
https://www.nbcnews.com/politics/2024-election/ron-desantis-florida-abortion-ballot-measure-rcna175337,"Ron DeSantis, using the levers of state government, ramps up efforts to defeat Florida abortion-rights ballot measure",politics
https://www.nbcnews.com/politics/donald-trump/trump-degrading-language-immigrants-rcna171120,From 'rapists' to 'eating the pets': Trump has long used degrading language toward immigrants,politics
https://www.nbcnews.com/politics/justice-department/election-denier-became-speaker-capitol-officer-testified-jan-6-tore-li-rcna122234,"As an election denier became speaker, a Capitol officer testified that Jan. 6 tore her life apart",politics
https://www.nbcnews.com/tech/security/hackers-rally-kamala-harris-presidential-campaign-def-con-las-vegas-rcna165459,Hackers rally behind Kamala Harris' presidential campaign,tech
https://www.nbcnews.com/news/asian-america/modis-popularity-grows-india-hindu-nationalism-rising-us-rcna90680,What’s fueling the rise in Hindu nationalism in the U.S.,news
https://www.nbcnews.com/news/world/russia-us-soldier-gordon-black-arrested-theft-charges-vladivostok-rcna150992,Army investigating whether detained U.S. soldier was lured to Russia by intelligence services,news
https://www.nbcnews.com/news/world/canada-expels-top-india-diplomats-links-murder-sikh-leader-rcna175414,"Canada expels top India diplomats, links them to murder of Sikh leader",news
https://www.nbcnews.com/politics/white-house/biden-give-first-major-foreign-policy-address-restoring-america-s-n1256225,Biden to give first major foreign policy address on 'restoring America's place in the world',politics
https://www.nbcnews.com/news/world/iran-supreme-leader-wants-maximum-turnout-rcna158750,Iran's Supreme Leader calls for 'maximum turnout' amid voter apathy,news
https://www.nbcnews.com/select/shopping/first-fathers-day-gifts-ncna1270664,23 gift ideas for first-time dads this Father's Day,select
https://www.nbcnews.com/politics/2022-election/abortion-rights-advocates-see-flurry-post-roe-victories-midterms-rcna56443,Abortion rights advocates see a flurry of post-Roe victories in midterms,politics
https://www.nbcnews.com/politics/justice-department/new-covid-fraud-prosecutor-steps-effort-convict-people-stole-billions-rcna19536,New Covid fraud prosecutor steps up effort to convict people who stole billions in relief benefits,politics
https://www.nbcnews.com/politics/2024-election/desantis-debate-memo-urges-defend-trump-attack-ramaswamy-rcna100414,DeSantis debate memo urges him to defend Trump and take 'a sledge-hammer' to Ramaswamy,politics
https://www.nbcnews.com/select/shopping/best-valentines-day-gifts-2024-ncna1302844,These are the best Valentine’s Day gifts for everyone you love,select
https://www.nbcnews.com/politics/doj-closes-pence-classified-documents-investigation-no-charges-rcna87396,DOJ closes Pence classified documents investigation with no charges,politics
https://www.nbcnews.com/news/world/israel-finance-minister-bezalel-smotrich-hawara-erased-west-bank-rcna72871,"Israel should 'erase' Palestinian village, minister says after settler rampage",news
https://www.nbcnews.com/news/world/israel-hamas-war-gaza-rafah-ground-assault-evacuation-order-leaflets-rcna150811,'Where do we go?' Palestinians flee parts of Rafah after Israeli military order,news
https://www.nbcnews.com/news/world/hundreds-injured-palestinians-israeli-forces-clash-holy-site-jerusalem-n1266812,Hamas fires rockets into Israel as tensions in Jerusalem boil over,news
https://www.nbcnews.com/news/us-news/university-leaders-condemn-jewish-genocide-rhetoric-backlash-grows-rcna128502,University leaders condemn Jewish genocide rhetoric as backlash grows,news
https://www.nbcnews.com/news/latino/biden-administration-lifts-trump-era-restrictions-stalling-puerto-rico-hurricane-n1264672,Biden administration lifts Trump-era restrictions stalling Puerto Rico hurricane aid,news
https://www.nbcnews.com/politics/white-house/biden-netanyahu-call-rcna94687,Biden speaks with Netanyahu as White House prepares for Herzog meeting,politics
https://www.nbcnews.com/politics/2024-election/live-blog/dnc-2024-live-updates-rcna165226#rcrd52465,DNC 2024 live updates: Democratic convention kicks off; Hillary Clinton addresses delegates,politics
https://www.nbcnews.com/politics/2020-election/taylor-swift-endorses-joe-biden-president-n1242483,Taylor Swift endorses Joe Biden for President,politics
https://www.nbcnews.com/news/world/israel-hamas-war-hezbollah-rockets-lebanon-commander-killed-rcna160310,Hezbollah launches barrage of rockets at Israel after senior commander killed,news
https://www.nbcnews.com/politics/joe-biden/biden-publicly-acknowledges-7th-grandchild-navy-first-time-rcna96987,President Biden publicly acknowledges 7th grandchild for first time,politics
https://www.nbcnews.com/politics/2024-election/gop-donors-pour-hundreds-millions-trump-super-pacs-election-day-rcna175705,GOP donors pour hundreds of millions into pro-Trump super PACs before Election Day,politics
https://www.nbcnews.com/politics/2024-election/trump-harris-battle-male-voters-masculinity-2024-rcna173031,The battle over male voters — and what masculinity looks like in 2024,politics
https://www.nbcnews.com/politics/2024-election/doug-emhoff-acknowledges-reports-affair-first-marriage-rcna165033,Doug Emhoff acknowledges reports of an affair during his first marriage,politics
https://www.nbcnews.com/news/nbcblk/black-conservative-radio-host-field-house-slaves-arguing-black-rcna175945,A Black conservative radio host invoked 'field' and 'house' slaves in arguing why some Black men back Trump,news
https://www.nbcnews.com/news/world/israel-mossad-assassinates-enemies-munich-olympics-hamas-rcna132908,Israel has a long track record of assassinating its enemies. Will it work against Hamas?,news
https://www.nbcnews.com/politics/2024-election/live-blog/election-2024-dnc-live-updates-rcna165227/rcrd52743?canonicalCard=true,"Rapper Common performs new song centered on Harris, DNC",politics
https://www.nbcnews.com/politics/donald-trump/live-blog/trump-trial-live-updates-fani-willis-rcna142772,Nathan Wade resigns from Fani Willis-led Trump election case after judge's ruling: Highlights,politics
https://www.nbcnews.com/select/shopping/amazon-climate-pledge-friendly-label-ncna1271141,"How to shop for the 75,000 Climate Pledge Friendly products on Amazon",select
https://www.nbcnews.com/politics/supreme-court/trump-lawyer-backs-absolute-immunity-argument-supreme-court-rcna149406,"At Supreme Court, Trump lawyer backs away from absolute immunity argument",politics
https://www.nbcnews.com/sports/mlb/mlb-playoff-viewership-surges-big-market-stars-vie-world-series-rcna175740,MLB playoff viewership surges as big-market stars vie for World Series  ,sports
https://www.nbcnews.com/politics/national-security/trump-authorized-soleimani-s-killing-7-months-ago-conditions-n1113271,"Trump authorized Soleimani's killing 7 months ago, with conditions",politics
https://www.nbcnews.com/nbc-out/out-pop-culture/american-sports-story-nfl-patriots-aaron-hernandez-rcna171439,'American Sports Story' re-examines the rise and fall of NFL star Aaron Hernandez,nbc-out
https://www.nbcnews.com/health/womens-health/military-service-members-veterans-fight-for-fertility-treatments-ivf-rcna151125,Service members and veterans are fighting for the right to fertility treatments,health
https://www.nbcnews.com/news/world/iran-may-preparing-arm-russia-short-range-ballistic-missiles-rcna55101,Iran may be preparing to arm Russia with short-range ballistic missiles,news
https://www.nbcnews.com/news/world/blinken-arrives-israel-shore-gaza-cease-fire-n1268447,Blinken arrives in Israel to strengthen Gaza cease-fire,news
https://www.nbcnews.com/politics/politics-news/left-faces-reckoning-israel-divides-democrats-rcna120076,The left faces a reckoning as Israel divides Democrats ,politics
https://www.nbcnews.com/politics/elections/democrats-block-gop-bid-take-control-virginia-state-government-rcna122104,Virginia Democrats block GOP bid to take full control of state government,politics
https://www.nbcnews.com/news/world/palestinians-announce-first-elections-15-years-eve-biden-era-n1254443,Palestinians announce first elections in 15 years,news
https://www.nbcnews.com/news/world/china-exit-bans-foreigners-xi-rcna82393,China’s exit bans multiply as political control tightens under Xi,news
https://www.nbcnews.com/tech/tech-news/x-blocked-brazil-supreme-court-panel-upholds-suspension-order-rcna169257,X blocked in Brazil after supreme court panel upholds suspension order,tech
https://www.nbcnews.com/select/shopping/fathers-day-fishing-gifts-ncna1270469,20 best Father's Day fishing gifts for dad,select
https://www.nbcnews.com/news/law-protecting-alabama-ivf-may-harm-good-critics-say-rcna142288,"Law protecting Alabama IVF may do more harm than good, critics say",news
https://www.nbcnews.com/politics/2024-election/live-blog/harris-trump-presidential-election-live-updates-rcna171171/rcrd56013?canonicalCard=true,Trump says anybody who's Jewish 'is a fool' if they vote for a Democrat,politics
https://www.nbcnews.com/select/shopping/cyber-monday-beauty-wellness-deals-2022-ncna1301377,"Shop discounts on razors, duvets, nail care and more this Cyber Monday",select
https://www.nbcnews.com/politics/florida-abortion-ballot-measure-2024-constitution-rcna129771,Florida abortion rights groups collect enough signatures to advance ballot measure ,politics
https://www.nbcnews.com/politics/2024-election/sarah-mcbride-launches-historic-bid-become-first-trans-member-congress-rcna91114,Sarah McBride launches historic bid to become first trans member of Congress,politics
https://www.nbcnews.com/news/world/india-g20-christian-church-attack-rcna103571,Religious violence reaches India’s capital as a Hindu mob swarms a church,news
https://www.nbcnews.com/select/shopping/best-amazon-organization-products-home-ncna1304466,31 top-rated Amazon products guaranteed to declutter and organize your home,select
https://www.nbcnews.com/politics/alabama-lawmakers-ivf-protection-bill-vote-rcna141710,Alabama governor signs bill to protect IVF treatments into law,politics
https://www.nbcnews.com/data-graphics/middle-class-new-homeowners-cost-burdened-house-poor-rcna163853,Middle-class buyers are increasingly springing for homes they can barely afford,data-graphics
https://www.nbcnews.com/politics/justice-department/trump-refuses-acknowledge-2020-loss-dodges-debate-question-jan-6-actio-rcna170540,Trump refuses to acknowledge his 2020 loss and dodges debate question about his Jan. 6 actions,politics
https://www.nbcnews.com/select/shopping/best-electric-toothbrush-kids-ncna1289925,Should kids use an electric toothbrush? Here's what dentists think.,select
https://www.nbcnews.com/news/world/israeli-airstrike-gaza-family-rafah-wiped-out-rcna154877,"Fire raging, blood everywhere: What really we know about Israeli strike on a tent camp in Rafah",news
https://www.nbcnews.com/news/world/palestinian-president-mahmoud-abbas-cuts-security-ties-israel-over-west-n1211416,Palestinian president cuts security ties with Israel over West Bank annexation plans,news
https://www.nbcnews.com/politics/2024-election/facing-criticism-walled-harris-slowly-opens-door-media-interviews-rcna170152,"Facing criticism for being too walled off, Harris slowly opens the door to more media interviews ",politics
https://www.nbcnews.com/politics/2020-election/judge-says-mike-lindell-must-pay-5-million-man-won-prove-mike-wrong-ch-rcna139986,Judge says Mike Lindell must pay $5 million to man who won his 'Prove Mike Wrong' challenge,politics
https://www.nbcnews.com/news/world/india-kashmir-walla-press-freedom-rcna101126,India blocks independent news outlet in Kashmir,news
https://www.nbcnews.com/news/world/israel-hamas-war-gaza-rafah-new-evacuations-al-mawasi-fighting-battles-rcna151792,Israel orders new evacuations in Rafah as it prepares to expand operations in Gaza's southernmost city,news
https://www.nbcnews.com/tech/social-media/x-brazil-ban-elon-musk-rcna169072,Brazil’s top court orders nationwide suspension of Elon Musk’s X,tech
https://www.nbcnews.com/news/world/israel-hezbollah-lebanon-biden-iran-rcna175452,U.S. support for Israel's campaign in Lebanon is 'limited' to Hezbollah,news
https://www.nbcnews.com/news/world/north-korean-troops-russia-readying-combat-ukraine-war-rcna176070,"North Korean special forces in Russia readying for combat in Ukraine war, South Korea says",news
https://www.nbcnews.com/politics/2024-election/ruben-gallego-kari-lake-square-sharp-edged-arizona-senate-debate-rcna174378,Ruben Gallego and Kari Lake square off in sharp-edged Arizona Senate debate,politics
https://www.nbcnews.com/news/us-news/milton-shreds-roof-tropicana-field-home-baseballs-tampa-bay-rays-rcna174808,"Milton shreds roof of Tropicana Field, home of baseball's Tampa Bay Rays",news
https://www.nbcnews.com/politics/2024-election/ron-desantis-signs-6-week-abortion-ban-law-florida-rcna78989,Ron DeSantis quietly signs Florida's 6-week abortion ban into law,politics
https://www.nbcnews.com/news/asian-america/dave-min-congress-racist-slurs-vandalism-signs-rcna175317,Police arrest man after Korean American candidate's campaign signs appear spray-painted with slurs,news
https://www.nbcnews.com/politics/white-house/biden-deliver-final-un-general-assembly-speech-global-turmoil-election-rcna172231,Biden to deliver final U.N. General Assembly speech amid global turmoil ,politics
https://www.nbcnews.com/politics/2024-election/scott-presler-conspiracy-theories-lara-trump-rnc-job-rcna144144,"Scott Presler, a conservative activist who has spread conspiracy theories, won't be getting an RNC job",politics
https://www.nbcnews.com/politics/justice-department/trump-republicans-jan-6-hostages-violence-capitol-police-rcna143888,Meet some of the violent Jan. 6 rioters Donald Trump keeps calling 'hostages',politics
https://www.nbcnews.com/investigations/police-roof-trump-shooter-butler-rally-never-spoke-secret-service-rcna172007,"Local police responsible for roof where Trump shooter hid at Butler rally had never spoken to Secret Service, report says",investigations
https://www.nbcnews.com/politics/justice-department/intel-community-escapes-major-criticism-jan-6-committee-missing-forese-rcna62628,Intel community escapes major criticism by Jan. 6 committee for missing 'foreseeable' Capitol violence,politics
https://www.nbcnews.com/pop-culture/celebrity/liam-paynes-cause-death-confirmed-autopsy-report-polytrauma-rcna176183,Liam Payne’s cause of death confirmed in autopsy report: What is polytrauma?,pop-culture
https://www.nbcnews.com/politics/poll-share-college-students-blaming-hamas-oct-7-attack-israel-declines-rcna149152,Share of college students blaming Hamas for Oct. 7 attack on Israel declines in new poll,politics
https://www.nbcnews.com/politics/justice-department/conservative-influencer-helped-steal-table-used-assault-officers-jan-6-rcna143908,"Conservative influencer helped steal a table used to assault officers on Jan. 6, FBI says",politics
https://www.nbcnews.com/news/world/teen-burnt-alive-israeli-strike-gaza-hospital-rcna175595,Teen recounts horror after his mom and brother were burned alive by Israeli strike on Gaza hospital,news
https://www.nbcnews.com/science/environment/hurricane-otis-rapid-intensification-climate-change-rcna122090,Hurricane Otis: How a tropical storm turned into a 'nightmare scenario' overnight,science
https://www.nbcnews.com/select/shopping/best-ice-cream-makers-ncna1306882,Expert tips for making the perfect scoop of ice cream at home,select
https://www.nbcnews.com/news/world/saudi-israel-normalization-closer-crown-prince-interview-fox-news-rcna111292,"‘Every day we get closer’ to normalization with Israel, Saudi crown prince says in rare interview ",news
https://www.nbcnews.com/tech/tech-news/states-are-rapidly-adopting-laws-regulating-political-deepfakes-rcna164578,States are rapidly adopting laws regulating political deepfakes,tech
https://www.nbcnews.com/news/world/2-wounded-new-jerusalem-attack-israeli-paramedics-say-rcna67996,"Palestinian gunman wounds 2 in Jerusalem, a day after 7 were killed",news
https://www.nbcnews.com/politics/justice-department/former-west-virginia-lawmaker-derrick-evans-sentenced-storming-capitol-rcna34329,'Derrick Evans is in the Capitol!' he yelled. Derrick Evans has now been sentenced for storming the Capitol.,politics
https://www.nbcnews.com/news/world/ukraine-coup-attempt-zelenskyy-hungary-viktor-orban-russia-war-rcna159909,"Coup attempt thwarted in Ukraine, Security Service says, as Hungary's Orbán arrives in Kyiv for talks",news
https://www.nbcnews.com/news/us-news/suspect-wadea-al-fayoume-death-was-obsessed-israel-hamas-war-prosecuto-rcna120589,"Suspect in death of 6-year-old Palestinian boy was obsessed with Israel-Hamas war, prosecutors say",news
https://www.nbcnews.com/select/shopping/womens-walking-shoes-amazon-ncna1302556,3 things to look for in comfortable walking shoes — plus the best pairs we’ve found on Amazon,select
https://www.nbcnews.com/select/shopping/best-ergonomic-office-chair-ncna1231359,Poor posture has increased since the pandemic – these ergonomic chairs can help,select
https://www.nbcnews.com/news/world/misinformation-israel-hamas-spreading-social-media-rcna119345,Misinformation about Israel and Hamas is spreading on social media,news
https://www.nbcnews.com/health/health-news/covid-summer-wave-rcna158638,The Covid summer wave is here,health
https://www.nbcnews.com/tech/tech-news/bluesky-social-twitter-rival-jack-dorsey-what-to-know-rcna81972,"What to know about Bluesky, the Twitter alternative that some celebrities and journalists are joining",tech
https://www.nbcnews.com/select/shopping/best-hiking-boots-shoes-ncna1269670,Experts explain when it’s time to replace your hiking boots,select
https://www.nbcnews.com/politics/donald-trump/judge-denies-special-counsel-request-impose-gag-order-trump-false-clai-rcna154340,Judge denies special counsel's request to impose gag order on Trump over false claim about FBI raid,politics
https://www.nbcnews.com/news/crime-courts/us-crime-rate-still-dropping-says-fbi-rcna144100,"The U.S. crime rate is still dropping, FBI data shows",news
https://www.nbcnews.com/news/world/october-7-might-biggest-test-netanyahu-faced-yet-rcna122301,"Netanyahu has weathered many political storms, but the Oct. 7 attack is the strongest one yet",news
https://www.nbcnews.com/news/nbcblk/trump-stop-frisk-black-male-voters-rcna157084,Trump courts Black men as he pledges return to a policy that disproportionately targeted them,news
https://www.nbcnews.com/news/world/gaza-humanitarian-zones-smaller-than-manhattan-rcna167056,Gaza's 2.2 million people are confined to a humanitarian area smaller than Manhattan,news
https://www.nbcnews.com/news/latino/puerto-rico-sees-more-pain-little-progress-three-years-after-n1240513,"On Hurricane Maria's third anniversary, Puerto Rico sees more pain and little progress",news
https://www.nbcnews.com/investigations/secret-service-chief-makes-remarkable-admission-need-paradigm-shift-rcna171390,Secret Service chief makes remarkable admission: We need a ‘paradigm shift’,investigations
https://www.nbcnews.com/news/world/us-concerned-reports-north-korean-soldiers-fighting-for-russia-ukraine-rcna175640,"North Korean soldiers are training to fight for Russia, Ukraine says",news
https://www.nbcnews.com/news/world/hamas-leader-yahya-sinwar-israel-investigating-dead-rcna175892,"Sinwar, mastermind of Oct. 7 attacks, was long sought by Israeli forces",news
https://www.nbcnews.com/select/shopping/sneakers-for-wide-feet-rcna149878,"The best women's sneakers for wide feet, according to podiatrists",select
https://www.nbcnews.com/politics/2024-election/live-blog/trump-harris-election-live-updates-rcna174212,Election 2024: Harris goes on high-profile media blitz; Trump postpones town hall with RFK Jr.,politics
https://www.nbcnews.com/politics/trump-impeachment-inquiry/trump-rages-bolton-says-former-adviser-would-have-caused-world-n1125351,"Trump rages at Bolton, says former adviser would have caused 'World War Six'",politics
https://www.nbcnews.com/select/shopping/editors-favorite-products-march-rcna145578,27 March finds our editors can’t stop talking about,select
https://www.nbcnews.com/tech/internet/sextortion-yahoo-boys-snapchat-tiktok-teen-wizz-rcna134200,"Sextortion training materials found on TikTok, Instagram and YouTube, according to new report",tech
https://www.nbcnews.com/politics/congress/wife-jan-6-officer-died-riot-feels-duty-represent-hearings-rcna32883,Wife of Jan. 6 officer who died after riot feels duty to represent him at hearings,politics
https://www.nbcnews.com/news/world/netanyahu-arrest-warrant-israel-hamas-war-icc-rcna149743,ICC prosecutor applies for arrest warrants for Netanyahu and Hamas leader Sinwar,news
https://www.nbcnews.com/politics/congress/senate-republicans-knife-bipartisan-border-security-bill-declaring-dea-rcna137572,"Senate Republicans knife bipartisan border security bill, declaring it dead",politics
https://www.nbcnews.com/news/world/russia-ukraine-prisoner-exchange-rcna171138,"Russia, Ukraine exchange 206 prisoners in second swap in two days ",news
https://www.nbcnews.com/news/world/prigozhin-plane-crash-what-we-know-video-flight-radar-rcna101557,"Videos, flight data show plane crash believed to have killed Prigozhin",news
https://www.nbcnews.com/politics/congress/house-leaves-town-september-little-show-voters-rcna163638,House leaves town until September with little to show voters,politics
https://www.nbcnews.com/select/shopping/grace-and-stella-eye-masks-rcna158309,Our editors' go-to eye masks are 57% off during Prime Day,select
https://www.nbcnews.com/select/shopping/best-products-treat-sunburn-ncna1272746,Dermatologists are begging you to stop peeling your sunburn — here’s what to do instead,select
https://www.nbcnews.com/news/world/north-korea-launches-icbm-threatening-us-alleged-spy-flights-rcna93794,North Korea launches ICBM after threatening U.S. over alleged spy flights,news
https://www.nbcnews.com/news/world/floods-casualties-torrential-rain-central-europe-rcna171187,Floods claim two more casualties as torrential rain batters central Europe ,news
https://www.nbcnews.com/news/world/full-transcript-read-lester-holts-interview-iranian-president-ebrahim-rcna104913,Full Transcript: Read Lester Holt’s interview with Iranian President Ebrahim Raisi,news
https://www.nbcnews.com/politics/donald-trump/stormy-daniels-must-pay-300k-donald-trump-losing-defamation-case-appea-rcna21002,Stormy Daniels must pay $300k to Donald Trump after losing defamation case appeal,politics
https://www.nbcnews.com/select/shopping/best-fathers-day-grilling-gifts-ncna1214766,Gifts for father figures who love to grill,select
https://www.nbcnews.com/politics/congress/speaker-johnson-trump-allies-tried-overturn-2020-election-roll-new-vot-rcna151256,Speaker Mike Johnson and Trump allies who tried to overturn the 2020 election roll out voting 'integrity' bill,politics
https://www.nbcnews.com/politics/politics-news/nevada-gop-governor-signs-new-abortion-protections-law-rcna87022,Nevada governor signs new abortion protections into law,politics
https://www.nbcnews.com/news/world/israel-hostage-rescue-cease-fire-deal-netanyahu-sinwar-rcna156250,Hostage rescue complicates U.S. push for a cease-fire deal,news
https://www.nbcnews.com/select/shopping/target-circle-loyalty-program-ncna1301043,Target Circle Week is around the corner: Here’s how to get the best deals,select
https://www.nbcnews.com/news/world/israels-knesset-votes-overwhelmingly-palestinian-statehood-netanyahu-p-rcna162466,Israel's Knesset votes overwhelmingly against Palestinian statehood as Netanyahu prepares for U.S. visit,news
https://www.nbcnews.com/politics/donald-trump/trump-says-wants-make-ivf-treatments-paid-government-insurance-compani-rcna168804,Trump says he wants to make IVF treatments paid for by government or insurance companies if elected,politics
https://www.nbcnews.com/politics/justice-department/man-sentenced-6-years-jan-6-assault-brian-sicknick-rcna67892,Man sentenced to over 6 years in Jan. 6 assault on Brian Sicknick,politics
https://www.nbcnews.com/news/world/donald-trump-vladimir-putin-covid-testing-devices-phone-calls-kremlin-rcna174632,Kremlin claims Trump sent Covid test machines to Putin,news
https://www.nbcnews.com/select/shopping/how-to-clean-coffee-maker-rcna156776,You should be cleaning your coffee maker at least once a month — here’s how to do it,select
https://www.nbcnews.com/news/world/israel-hamas-war-gaza-tunnels-flooded-seawater-plan-hostages-rcna128486,Israel considers flooding Hamas tunnels as it pursues top leader thought to be hiding underground,news
https://www.nbcnews.com/select/shopping/bestselling-tech-products-2022-ncna1302175,Tech bestsellers: The most purchased products we covered in 2022,select
https://www.nbcnews.com/politics/2024-election/fact-check-presidential-debate-trump-harris-rcna169687,Fact-checking the presidential debate between Trump and Harris,politics
https://www.nbcnews.com/select/shopping/5-best-pet-cameras-2023-rcna94672,Spy on your dogs and cats while you're gone with these pet cameras,select
https://www.nbcnews.com/politics/national-security/us-iran-indirect-talks-prisoner-exchange-uk-qatar-rcna70645,"U.S., Iran holding indirect talks on a possible prisoner exchange",politics
https://www.nbcnews.com/politics/justice-department/trump-supporter-bear-spray-police-jan-6-biden-ad-plea-guilty-rcna171804,Trump fan featured in Biden ad admits assaulting officers with bear spray on Jan. 6,politics
https://www.nbcnews.com/tech/social-media/trump-logan-paul-podcast-interview-video-youtube-rcna157193,Trump appears on YouTuber Logan Paul’s podcast in a bid for young voters,tech
https://www.nbcnews.com/news/world/rocket-attack-town-israeli-controlled-golan-heights-rcna163936,Rocket attack on town in Israeli-controlled Golan Heights kills 11; Netanyahu hurries home,news
https://www.nbcnews.com/news/world/israel-gaza-aid-letter-blinken-austin-warning-netanyahu-government-rcna175657,Stern U.S. letter prompts Israel to allow first aid into northern Gaza this month. Will it last?,news
https://www.nbcnews.com/select/shopping/best-pet-hair-removal-tools-ncna1266293,The best ways to keep your home free of pet hair,select
https://www.nbcnews.com/select/shopping/silk-pillowcases-sheets-bedding-ncna1235428,What dermatologists recommend when it comes to bedding and sheets,select
https://www.nbcnews.com/politics/2024-election/top-trump-vp-picks-2020-election-results-2024-outcome-rcna150872,Here's what top Trump VP picks say about the 2020 election results — and whether they'll accept the 2024 outcome,politics
https://www.nbcnews.com/politics/arizona-governor-signs-repeal-1864-abortion-ban-rcna150364,Arizona Gov. Katie Hobbs signs repeal of 1864 abortion ban,politics
https://www.nbcnews.com/news/world/gaza-death-toll-30000-israel-hamas-victory-or-quagmire-rcna140951,"As Gaza death toll tops 30,000, is Israel on the path to victory or quagmire?",news
https://www.nbcnews.com/nbc-out/out-politics-and-policy/ny-ballot-measure-abortion-transgender-culture-wars-rcna174845,How a N.Y. ballot measure became a battleground in the culture wars,nbc-out
https://www.nbcnews.com/news/world/israel-hamas-war-far-right-groups-tax-deductible-donations-aid-gaza-rcna162058,Far-right groups blocking Gaza aid receive tax-deductible gifts from U.S. and Israel,news
https://www.nbcnews.com/politics/2024-election/faced-unique-challenges-filling-potential-trump-cabinet-quiet-transiti-rcna171455,"Faced with the unique challenges of filling a potential Trump Cabinet, quiet transition work is underway",politics
https://www.nbcnews.com/politics/white-house/48-million-borrowers-1-million-public-service-student-debt-forgiven-bi-rcna175889,"4.8M borrowers — including 1M in public service — have had student debt forgiven, Biden admin says",politics
https://www.nbcnews.com/politics/2024-election/trumps-black-gop-allies-challenged-tense-discussion-rcna159246,Trump's Black GOP allies challenged during tense discussion tailored to Black men,politics
https://www.nbcnews.com/politics/donald-trump/judge-cannon-denies-another-motion-trump-dismiss-classified-documents-rcna156482,Judge Aileen Cannon denies another Trump motion to dismiss classified documents case,politics
https://www.nbcnews.com/news/world/anniversary-mass-protests-irans-leader-expresses-no-regrets-threatens-rcna104621,"Before anniversary of mass protests, Iran’s leader expresses no regrets",news
https://www.nbcnews.com/news/world/can-israel-take-out-tunnels-hamas-uses-move-fighters-weapons-rcna120315,Can Israel take out the tunnels Hamas uses to move fighters and weapons?,news
https://www.nbcnews.com/politics/congress/key-capitol-security-officials-be-grilled-about-what-went-wrong-n1258530,Capitol security officials blame poor intelligence — and one another — for the Jan. 6 riot,politics
https://www.nbcnews.com/politics/congress/top-meadows-aide-cassidy-hutchinson-testify-jan-6-hearing-rcna35633,Top Meadows aide Cassidy Hutchinson to testify at Jan. 6 hearing,politics
https://www.nbcnews.com/news/world/israel-stand-alone-netanyahu-biden-rafah-weapons-hamas-rcna151608,U.S. still sending some weapons to Israel despite Biden's Rafah warning,news
https://www.nbcnews.com/tech/internet/dc-studio-indictment-russia-funded-media-outlet-seeded-propaganda-us-rcna169571,From a D.C. studio to an indictment: How a Russia-funded media outlet seeded propaganda in the U.S.,tech
https://www.nbcnews.com/news/world/israel-hamas-cease-fire-close-goal-line-blinken-rcna162823,"Israel-Hamas cease-fire close to the goal line, Blinken says ",news
https://www.nbcnews.com/politics/justice-department/jan-6-participant-arrested-hours-long-standoff-fbi-rcna63035,Jan. 6 participant arrested after hourslong standoff with the FBI,politics
https://www.nbcnews.com/politics/congress/sen-ted-cruz-comes-under-fire-after-photos-purportedly-show-n1258249,'Obviously a mistake': Sen. Ted Cruz says he regrets going to Cancún while Texans froze,politics
https://www.nbcnews.com/tech/internet/lieutenant-dan-tampa-florida-hurricane-milton-boat-mayor-cam-gofundme-rcna174647,A Florida man riding out Hurricane Milton on his boat alarms TikTok and local officials,tech
https://www.nbcnews.com/politics/trump-impeachment-inquiry/gop-sen-murkowski-says-she-will-vote-against-witnesses-calls-n1127381,"GOP Sen. Murkowski says she will vote against witnesses, calls impeachment articles 'rushed and flawed'",politics
https://www.nbcnews.com/news/us-news/easy-money-how-international-scam-artists-pulled-epic-theft-covid-n1276789,‘Easy money’: How international scam artists pulled off an epic theft of Covid benefits,news
https://www.nbcnews.com/news/clippers-star-kawhi-leonard-reportedly-indefinitely-knee-inflamaation-rcna175999,Clippers star Kawhi Leonard reportedly out indefinitely with knee inflammation,news
https://www.nbcnews.com/select/shopping/best-skin-care-routine-rcna105133,"This is the right order to apply all your skin care products, according to derms",select
https://www.nbcnews.com/politics/politics-news/secret-service-director-kimberly-cheatle-expected-tell-house-hearing-a-rcna163010,House committee skewers Secret Service director for not answering major questions on Trump assassination attempt,politics
https://www.nbcnews.com/select/shopping/best-korean-beauty-products-ncna1274400,Korean skin care has been trending – here's how to build the perfect routine,select
https://www.nbcnews.com/politics/2024-election/nikki-haley-ends-presidential-campaign-trump-gop-primary-rcna134811,"Nikki Haley ends presidential campaign with 'no regrets,' ceding GOP nomination to Trump",politics
https://www.nbcnews.com/news/world/israel-airstrikes-hit-gaza-after-rocket-attacks-clashes-intensify-jerusalem-n1265180,Israel airstrikes hit Gaza after rocket attacks,news
https://www.nbcnews.com/news/world/israel-hamas-war-benny-gantz-benjamin-netanyahu-early-election-rcna154654,Netanyahu opponent and war Cabinet member's party tries to force early Israel election,news
https://www.nbcnews.com/politics/congress/schumer-good-chance-avoid-government-shutdown-johnson-rcna172148,Mike Johnson announces vote on bill to avoid government shutdown,politics
https://www.nbcnews.com/news/world/palestinians-shoot-4-israelis-spurring-west-bank-revenge-attacks-rcna90316,"Palestinians fatally shoot 4 Israelis, spurring West Bank revenge attacks ",news
https://www.nbcnews.com/select/shopping/best-vitamin-c-serums-ncna1262849,This vitamin C serum is the gold standard according to experts (but warning it smells like bacon water),select
https://www.nbcnews.com/politics/donald-trump/federal-appeals-court-upholds-narrows-gag-order-trumps-dc-election-int-rcna128778,Federal appeals court upholds but narrows the gag order in Trump's D.C. election interference case,politics
https://www.nbcnews.com/politics/politics-news/health-care-fraudster-philip-esformes-latest-trump-clemency-recipient-rcna175681,Health care fraudster Philip Esformes is latest Trump clemency recipient to be arrested ,politics
https://www.nbcnews.com/news/latino/kamala-harris-latino-voters-whatsapp-channel-rcna167176,Harris campaign launches WhatsApp channel aimed at bilingual Latino voters,news
https://www.nbcnews.com/select/shopping/best-under-bed-storage-ncna1263210,Need more storage? Here's how to best utilize the space under your bed,select
https://www.nbcnews.com/select/shopping/what-to-shop-4th-of-july-rcna158877,Amazon Prime Day v.s. 4th of July: What are the best deals to shop?,select
https://www.nbcnews.com/politics/congress/sen-lindsey-grahams-phone-investigated-potential-hack-rcna150507,Sen. Lindsey Graham's phone being investigated for potential hack,politics
https://www.nbcnews.com/politics/justice-department/trump-supporter-charged-firing-gun-jan-6-capitol-attack-rcna142538,Trump supporter charged with firing a gun during the Jan. 6 Capitol attack,politics
https://www.nbcnews.com/news/us-news/accused-atlanta-area-spa-shooter-pleads-not-guilty-killing-4-n1280232,Atlanta-area spa shooter convicted in 4 deaths pleads not guilty to 4 more killings on the same day,news
https://www.nbcnews.com/politics/elections/chuck-todd-re-milwaukee-rcna162452,Chuck Todd: Why we're in Milwaukee,politics
https://www.nbcnews.com/select/shopping/best-nintendo-switch-multiplayer-games-ncna1296017,The best expert-recommended multiplayer Nintendo Switch games,select
https://www.nbcnews.com/think/opinion/israel-violence-al-aqsa-protests-palestinian-rockets-helps-netanyahu-hamas-ncna1266890,Opinion | The real reason the cycle of Israeli-Palestinian violence started again,think
https://www.nbcnews.com/politics/white-house/biden-cancels-nearly-6-billion-student-debt-78k-public-service-workers-rcna144378,Biden cancels nearly $6 billion in student debt for 78K public service workers,politics
https://www.nbcnews.com/select/shopping/bestselling-amazon-kitchen-gadgets-ncna1303057,31+ Amazon kitchen gadgets make cooking more convenient — all under $50,select
https://www.nbcnews.com/politics/donald-trump/trump-vows-free-jan-6-defendants-one-first-acts-elected-rcna142894,Trump vows to 'free' Jan. 6 defendants as one of his first acts if elected,politics
https://www.nbcnews.com/politics/national-security/u-s-officially-points-finger-saudi-crown-prince-mohammed-bin-n1258987,U.S. officially points finger at Saudi crown prince for Khashoggi killing,politics
https://www.nbcnews.com/tech/instagram-launches-sleep-notifications-teens-rcna134468,Instagram will use 'nudges' to start suggesting teens log off at night,tech
https://www.nbcnews.com/news/latino/displaced-earthquake-puerto-ricans-cope-constant-aftershocks-uncertainty-n1116706,Aftershocks rattle Puerto Rico as islanders confront new crisis,news
https://www.nbcnews.com/politics/white-house/trump-announces-aid-puerto-rico-infusing-politics-apparent-play-florida-n1240491,"Trump announces aid for Puerto Rico, infusing politics in an apparent play for Florida voters",politics
https://www.nbcnews.com/politics/joe-biden/biden-says-not-surprised-judges-specious-decision-toss-trump-documents-rcna162000,Biden says he's 'not surprised' by judge's 'specious' decision to toss Trump documents case,politics
https://www.nbcnews.com/select/shopping/best-grocery-delivery-services-ncna1297967,How a delivery service could actually help you save money on groceries,select
https://www.nbcnews.com/politics/2024-election/trump-911-laura-loomer-conspiracy-theorist-rcna170743,Trump attends 9/11 event with a far-right activist who pushed a conspiracy theory about the tragedy,politics
https://www.nbcnews.com/news/world/live-blog/israel-iran-live-updates-netanyahu-biden-idf-hezbollah-lebanon-gaza-rcna174629,Israel-Iran: Netanyahu and Biden talk for the first time since August; Israel warns Lebanon of destruction like Gaza's,news
https://www.nbcnews.com/news/world/israel-hamas-ceasefire-holds-gaza-s-children-trauma-remains-n1268249,The bombing has ended but children in Gaza and Israel face trauma,news
https://www.nbcnews.com/politics/2024-election/poll-newly-popular-harris-challenging-trump-change-rcna171308,"Poll: Newly popular Harris builds momentum, challenging Trump for the mantle of change",politics
https://www.nbcnews.com/select/shopping/best-mattresses-side-sleepers-rcna163394,Are you a side sleeper? Here’s what experts say to look for in a mattress,select
https://www.nbcnews.com/politics/2024-election/elon-musk-nearly-75-million-trump-super-pac-rcna175639,Elon Musk has given nearly $75 million to his pro-Trump super PAC,politics
https://www.nbcnews.com/news/world/violence-between-israel-hamas-shows-no-sign-slowing-n1267055,"More than 70 dead as violence escalates between Israel, Hamas",news
https://www.nbcnews.com/news/asian-america/anti-asian-hate-crimes-increased-nearly-150-2020-mostly-n-n1260264,"Anti-Asian hate crimes increased by nearly 150% in 2020, mostly in N.Y. and L.A., new report says",news
https://www.nbcnews.com/tech/misinformation/kamala-harris-deepfake-shared-musk-sparks-free-speech-debate-rcna164119,How Elon Musk and a Kamala Harris deepfake ad sparked a debate about free speech and parody,tech
https://www.nbcnews.com/news/world/palestinians-israeli-troops-kill-9-west-bank-raid-rcna67578,Palestinians say Israeli troops kill 10 in West Bank violence ,news
https://www.nbcnews.com/select/shopping/how-maintain-knotless-braids-ncna1305048,"The seven essential steps to maintaining your braids, according to experts",select
https://www.nbcnews.com/politics/justice-department/russian-money-was-funneled-right-wing-creators-trump-media-outlet-pros-rcna169611,"Russian money was funneled to right-wing creators through a pro-Trump media outlet, prosecutors say ",politics
https://www.nbcnews.com/select/shopping/best-vacuums-pet-hair-ncna1304554,Every pet owner should own one of these vacuums to keep your home fur free,select
https://www.nbcnews.com/news/world/israeli-bodies-found-in-gaza-rcna169125,"Six hostages, including Israeli American Hersh Goldberg-Polin, found dead in Gaza",news
https://www.nbcnews.com/news/world/north-korea-tested-new-hypersonic-intermediate-range-missile-rcna146152,North Korea says it tested a new hypersonic intermediate-range missile that uses solid propellants,news
https://www.nbcnews.com/news/world/israel-hamas-war-hezbollah-lebanon-attacks-haifa-west-bank-al-jazeera-rcna172130,Israel and Hezbollah exchange heavy fire as fears of war mount ,news
https://www.nbcnews.com/select/shopping/best-single-serve-coffee-makers-ncna1281365,How to shop for single-serve coffee makers,select
https://www.nbcnews.com/news/us-news/rapper-charged-coronavirus-benefit-fraud-after-boasting-song-about-benefit-n1243844,Rapper charged with coronavirus benefit fraud after boasting in song about benefit fraud,news
https://www.nbcnews.com/news/world/cats-freedom-women-afghanistan-meryl-streep-says-rcna172391,"Cats have more freedom than women in Afghanistan, Meryl Streep says",news
https://www.nbcnews.com/news/world/hostages-released-hamas-israel-ceasefire-deal-thai-captives-egypt-rcna126380,24 hostages are released as Israel-Hamas deal pauses Gaza fighting,news
https://www.nbcnews.com/select/shopping/smart-tv-buying-guide-ncna1092911,What to look for when shopping for a smart TV,select
https://www.nbcnews.com/news/latino/6-5-quake-strikes-puerto-rico-amid-heavy-seismic-activity-n1111666,State of emergency in Puerto Rico after deadly earthquake,news
https://www.nbcnews.com/news/nbcblk/minnesota-timberwolves-star-karl-anthony-towns-mother-dies-due-complications-n1183691,Minnesota Timberwolves star Karl-Anthony Towns’ mother dies due to complications from COVID-19,news
https://www.nbcnews.com/politics/2024-election/democrats-are-nervous-harris-may-ok-trump-pleased-rcna175257,Democrats are nervous — and Kamala Harris may be OK with that ,politics
https://www.nbcnews.com/news/world/israel-hamas-war-rafah-destroyed-tunnels-idf-visit-cease-fire-talks-rcna160651,Devastated Rafah a ghost town as cease-fire and hostage release talks go on,news
https://www.nbcnews.com/politics/justice-department/trump-fan-assaulted-officers-hockey-stick-jan-6-sentenced-prison-rcna140969,Trump fan who assaulted officers with a hockey stick on Jan. 6 is sentenced to prison,politics
https://www.nbcnews.com/news/world/kim-jong-un-vladimir-putin-meeting-russia-rcna104775,Kim and Putin meet at Russian spaceport for possible arms talks,news
https://www.nbcnews.com/news/mideast/potential-al-qaeda-resurgence-afghanistan-worries-u-s-officials-n1276614,Potential Al Qaeda resurgence in Afghanistan worries U.S. officials,news
https://www.nbcnews.com/news/world/live-blog/israel-hamas-war-live-updates-relief-hostage-release-gaza-border-set-o-rcna121527,First aid crosses into Gaza from Egypt,news
https://www.nbcnews.com/select/shopping/best-wellness-awards-products-2024-rcna145182,Our staff tested hundreds of wellness products — these are the best,select
https://www.nbcnews.com/select/shopping/best-digital-photo-frames-ncna1285876,"The best digital photo frames and smart art displays, according to a tech expert",select
https://www.nbcnews.com/politics/congress/retired-commander-oversaw-afghanistan-withdrawal-says-alone-bears-resp-rcna144094,Retired commander who oversaw Afghanistan withdrawal says he alone bears responsibility for airport attack ,politics
https://www.nbcnews.com/select/shopping/best-low-maintenance-plants-ncna1276969,Kill it at gardening without killing your plants—the best low-effort plants,select
https://www.nbcnews.com/politics/politics-news/secret-service-nearly-100b-stolen-pandemic-relief-funds-n1286430,Secret Service: Nearly $100B stolen in pandemic relief funds,politics
https://www.nbcnews.com/select/shopping/best-wet-dog-food-ncna1304108,Is wet or dry food better for dogs? We asked vets,select
https://www.nbcnews.com/politics/biden-vowed-consequences-saudi-arabia-oil-production-cut-us-no-plans-f-rcna59799,Biden vowed 'consequences' for Saudi Arabia after oil production cut. But the U.S. has no plans to follow through.,politics
https://www.nbcnews.com/news/world/russia-china-vladimir-putin-xi-jingpin-ukraine-rcna152749,Putin concludes China trip by emphasizing ties with Russia,news
https://www.nbcnews.com/news/world/indias-alleged-interference-canada-was-horrific-mistake-trudeau-says-rcna175863,"India's alleged interference in Canada was 'a horrific mistake,' Trudeau says",news
https://www.nbcnews.com/politics/justice-department/doj-wants-21-years-trump-supporter-viciously-assaulted-officers-jan-6-rcna165209,‘One of the most violent’ Jan. 6 rioters receives a 20-year prison sentence,politics
https://www.nbcnews.com/news/world/israel-hamas-war-hostages-hersh-goldberg-polin-parents-cease-fire-deal-rcna174557,"Parents of slain Hamas captive push for deal, warning remaining hostages won't 'make it much longer'",news
https://www.nbcnews.com/sports/nfl/vikings-sam-darnold-jared-goff-rcna175790,Playing out this Sunday: A tale of two QBs nobody wanted,sports
https://www.nbcnews.com/select/shopping/best-reef-safe-sunscreen-ncna1305644,"Yes, your SPF might be toxic — to coral reefs. Here’s what to use instead",select
https://www.nbcnews.com/select/shopping/cyber-monday-what-buy-2022-ncna1300894,Is Cyber Monday still a thing? Experts share what to expect in 2022,select
https://www.nbcnews.com/news/world/russia-ukraine-war-poland-warsaw-bomb-shelters-rcna143161,Poland's capital Warsaw earmarks $30 million for bomb shelters and other security,news
https://www.nbcnews.com/select/shopping/best-portable-air-conditioner-ncna1297644,How to find the right portable AC for your space (and your price point),select
https://www.nbcnews.com/politics/2024-election/trumps-legal-team-tried-keep-stormy-daniels-quiet-ahead-2024-election-rcna175828,"Trump's legal team tried to keep Stormy Daniels quiet ahead of 2024 election, MSNBC reports",politics
https://www.nbcnews.com/politics/2024-election/trump-spends-day-court-hosting-nft-customers-florida-rcna151240,Trump spends day off from court hosting NFT customers at Mar-a-Lago,politics
https://www.nbcnews.com/select/shopping/apple-homepod-smart-speaker-review-rcna176091,"The Apple HomePod comes with a hefty price tag, is it worth it?",select
https://www.nbcnews.com/politics/2024-election/josh-shapiro-says-antisemitism-played-no-role-vp-discussions-slams-tru-rcna167167,Josh Shapiro says antisemitism played no role in VP discussions and slams Trump's comments,politics
https://www.nbcnews.com/politics/2024-election/live-blog/trump-harris-election-live-updates-rcna175179/rcrd60345?canonicalCard=true,Harris bashes Trump for calling himself 'the father of IVF' ,politics
https://www.nbcnews.com/select/shopping/best-peptides-for-skin-rcna156798,Peptides vs retinol — which one’s actually better for your skin?,select
https://www.nbcnews.com/news/world/turkey-opposition-wins-erdogan-local-elections-rcna145804,Turkey's resurgent opposition thumps Erdogan in pivotal local elections,news
https://www.nbcnews.com/politics/justice-department/jan-6-rioter-assaulted-police-calls-accountability-2020-election-lies-rcna134609,Jan. 6 rioter who assaulted police calls for 'accountability' for 2020 election lies,politics
https://www.nbcnews.com/news/world/bangladesh-court-scales-back-government-jobs-quota-deadly-protests-rcna162885,Bangladesh’s top court scales back government jobs quota after deadly unrest that has killed scores ,news
https://www.nbcnews.com/news/world/diplomatic-efforts-ceasefire-ramp-after-strikes-claim-more-lives-israel-n1267519,"Israel, Hamas launch rockets, airstrikes as Gaza conflict enters second week",news
https://www.nbcnews.com/news/world/palestinians-forced-gaza-egypt-israel-proposal-outrage-rcna122934,A forced exodus from Gaza to Egypt? Israeli ‘concept paper’ fuels outrage,news
https://www.nbcnews.com/politics/2024-election/trump-pushes-baseless-claim-immigrants-eating-pets-rcna170537,Trump pushes baseless claim about immigrants 'eating the pets',politics
https://www.nbcnews.com/news/us-news/alabama-murderer-gives-appeals-asks-executed-victims-families-justice-rcna146404,Alabama murderer gives up appeals and asks to be executed so that victims’ families have ‘justice’,news
https://www.nbcnews.com/news/world/gaza-strip-struggles-cope-coronavirus-outbreak-takes-its-toll-n1239972,Pandemic exacerbates strain on Gaza Strip's densely packed communities,news
https://www.nbcnews.com/politics/2024-election/bill-clinton-says-2024-race-will-come-whether-election-fair-rcna175412,"Bill Clinton says election will come down to 'whether we can get an honest, open count'",politics
https://www.nbcnews.com/news/world/jailed-us-reporters-friends-family-speak-year-russian-prison-rcna145422,"As U.S. reporter marks a year in a Russian prison, his family and friends speak out",news
https://www.nbcnews.com/politics/2024-election/live-blog/trump-harris-presidential-election-live-updates-rcna169724,Election 2024: Trump is noncommittal on the prospect of a second presidential debate with Harris,politics
https://www.nbcnews.com/news/world/putin-fires-shoigu-defense-minister-russia-war-economy-ukraine-west-rcna151920,Man leading Russia’s war in Ukraine is out in a surprise shake-up hinting at Putin’s focus,news
https://www.nbcnews.com/news/world/live-blog/live-updates-hamas-leader-yahya-sinwar-possibly-killed-gaza-rcna175922,Hamas issues defiant message after Sinwar's death; Israel says war will continue,news
https://www.nbcnews.com/politics/2024-election/ron-desantis-super-pac-never-back-down-jeff-roe-top-strategist-rcna130126,Ron DeSantis’ super PAC loses its top strategist in latest sign of turmoil,politics
https://www.nbcnews.com/select/shopping/best-hair-straightener-brushes-ncna1279216,How effective are hair straightening brushes?,select
https://www.nbcnews.com/politics/politics-news/desantis-asks-students-remove-masks-he-says-are-doing-nothing-n1290693,"DeSantis chides students for wearing masks, tells them to 'stop with this Covid theater'",politics
https://www.nbcnews.com/politics/justice-department/fbi-arrests-jan-6-rioter-confessed-front-courthouse-rcna100455,FBI arrests Jan. 6 rioter who confessed to assaulting an officer in front of courthouse,politics
https://www.nbcnews.com/news/asian-america/soon-chung-park-worked-long-days-single-mom-bring-5-kids-korea-us-rcna514,Soon Chung Park worked long days as single mom to bring 5 kids from Korea to U.S.,news
https://www.nbcnews.com/select/shopping/best-pregnancy-safe-skin-care-rcna100065,"The skin care ingredients you should avoid while pregnant, according to doctors",select
https://www.nbcnews.com/politics/2024-election/vivek-ramaswamy-center-stage-republican-presidential-debate-rcna101538,Vivek Ramaswamy embraces being the center of attention at a debate without Trump,politics
https://www.nbcnews.com/science/climate-change/hurricane-helene-milton-climate-change-wetter-windier-rcna174347,"Hurricane Helene was wetter and windier due to climate change, report finds — with same expected of Milton",science
https://www.nbcnews.com/news/world/ratan-tata-put-indias-tata-group-global-map-dies-86-rcna174802,"Ratan Tata, who put India's Tata Group on the global map, dies at 86",news
https://www.nbcnews.com/politics/congress/was-attack-our-capitol-murkowski-criticizes-gop-colleagues-opposing-jan-n1268906,Republicans block independent commission to investigate attack on U.S. Capitol,politics
https://www.nbcnews.com/news/man-arrested-trump-rally-denies-was-trying-assassinate-former-presiden-rcna175296,Man arrested near Trump rally denies he was trying to assassinate the former president,news
https://www.nbcnews.com/politics/2024-election/kamala-harris-rallies-pennsylvania-bellwether-county-focuses-blue-wall-rcna175046,"Harris rallies in a Pennsylvania bellwether county, calling Trump too 'unstable and unhinged' to be president",politics
https://www.nbcnews.com/news/world/israel-west-bank-palestinians-deadliest-year-united-nations-report-rcna54643,"2022 likely to be deadliest year for Palestinians in the occupied West Bank, U.N. says",news
https://www.nbcnews.com/news/world/live-blog/israel-hamas-war-live-updates-gaza-hit-shelling-israel-defends-evacuat-rcna120419/rcrd21310?canonicalCard=true,"Hundreds waiting at Rafah crossing as it remains closed, says woman trapped in Gaza ",news
https://www.nbcnews.com/news/world/netanyahu-un-israel-antisemitism-gaza-lebanon-hezbollah-rcna172977,Netanyahu lashes out at U.N. as he defends Israel's actions in Gaza and Lebanon,news
https://www.nbcnews.com/health/health-news/fentanyl-xylazine-west-virginia-rcna128327,This state is counting the human casualties from a drug meant for animals,health
https://www.nbcnews.com/news/latino/anxious-cubans-brace-price-hikes-austerity-measures-rcna136627,Anxious Cubans brace for upcoming price hikes and austerity measures,news
https://www.nbcnews.com/select/shopping/best-valentines-day-candy-chocolates-desserts-ncna1302587,The best Valentine’s Day treats for every kind of sweet tooth,select
https://www.nbcnews.com/science/science-news/cities-look-trees-combat-heat-islands-growth-slow-rcna25327,Major cities work to remove barriers for tree canopy coverage in underserved communities,science
https://www.nbcnews.com/politics/2024-election/kari-lake-wins-arizona-gop-senate-primary-ruben-gallego-rcna164043,"Kari Lake wins Arizona GOP Senate primary, setting up a key race against Democrat Ruben Gallego",politics
https://www.nbcnews.com/politics/congress/blog/electoral-college-certification-updates-n1252864/ncrd1253052#blogHeader,"Defying Trump, Pence says he won't overturn the 2020 election",politics
https://www.nbcnews.com/news/world/apple-opens-first-india-store-tim-cook-rcna80156,Apple opens first India store as fans take selfies with CEO Tim Cook,news
https://www.nbcnews.com/news/us-news/jussie-smollett-testifies-criminal-trial-rcna7710,'There was no hoax': Jussie Smollett denies attack was staged during testimony ,news
https://www.nbcnews.com/politics/2024-election/-form-therapy-kamala-harris-sips-beers-jokes-talk-show-tour-rcna174738,'My form of therapy': Kamala Harris sips beers and jokes in talk show tour,politics
https://www.nbcnews.com/news/world/noa-argamani-israel-hamas-hostages-nova-music-festival-rcna129792,Noa Argamani became the face of the Nova music festival hostages,news
https://www.nbcnews.com/science/environment/egypt-pyramids-giza-nile-branch-study-rcna152494,"Dozens of Egyptian pyramids, some in Giza, sat along a branch of the Nile, study says",science
https://www.nbcnews.com/politics/congress/house-poised-impeach-trump-second-time-incitement-insurrection-n1254051,"House impeaches Trump for second time, days before term expires",politics
https://www.nbcnews.com/business/consumer/stanley-tumbler-quenchers-maker-sued-lead-claims-rcna139780,Stanley tumbler 'quenchers' maker is being sued over lead claims,business
https://www.nbcnews.com/news/nbcblk/hurricane-helene-rips-apart-nc-farm-feeds-1500-people-food-desert-week-rcna174371,A pastor started a farm because he lived in a food desert — then came the hurricane,news
https://www.nbcnews.com/news/latino/fema-acknowledges-puerto-rico-lacks-rebuilt-homes-hospital-survive-covid-n1234810,FEMA acknowledges Puerto Rico lacks rebuilt homes and a hospital to survive COVID-19,news
https://www.nbcnews.com/select/shopping/best-night-creams-rcna135562,Indoor heat is probably drying out your skin — here’s how to combat that,select
https://www.nbcnews.com/politics/justice-department/dc-chiropractor-scuffled-officers-jan-6-sentenced-prison-rcna88931,D.C. chiropractor who 'scuffled' with officers on Jan. 6 is sentenced to prison,politics
https://www.nbcnews.com/politics/2024-election/trump-somber-remembrance-heated-rhetoric-return-butler-rcna173637,"Trump mixes somber remembrance with heated rhetoric in his return to Butler, Pa.",politics
https://www.nbcnews.com/politics/2024-election/-enemy-trump-claims-democrats-are-dangerous-us-foreign-adversaries-rcna175198,‘The enemy from within’: Trump calls Democrats more dangerous than U.S. foreign adversaries,politics
https://www.nbcnews.com/politics/justice-department/antifa-january-6-capitol-riot-conspiracy-theory-social-media-rcna125369,Jan. 6 rioters the far right claimed were antifa keep getting unmasked as Trump supporters,politics
https://www.nbcnews.com/select/shopping/best-vacuum-cleaners-expert-shopping-ncna1239303,Robot? Stick? Upright? Canister? Here’s how to pick the best vacuum for your home,select
https://www.nbcnews.com/news/world/hamas-says-chosen-yahya-sinwar-mastermind-oct-7-attacks-new-leader-rcna165437,Hamas announces Yahya Sinwar as new political head following Ismail Haniyeh assassination,news
https://www.nbcnews.com/science/environment/heat-waves-overlap-warming-climate-makes-extreme-temperatures-likely-rcna38866,Heat waves overlap as warming climate makes extreme temperatures more likely,science
https://www.nbcnews.com/politics/justice-department/proud-boy-sentenced-rcna102857,Proud Boy who smashed Capitol window with police shield sentenced to 10 years,politics
https://www.nbcnews.com/news/irans-axis-resistance-collapsing-israeli-attacks-rcna173169,Is Iran's 'axis of resistance' collapsing under Israeli attacks?,news
https://www.nbcnews.com/politics/donald-trump/trump-plead-not-guilty-revised-federal-election-indictment-rcna169437,Trump to plead not guilty to revised federal election interference indictment,politics
https://www.nbcnews.com/science/climate-change/hurricane-milton-rapid-intensification-climate-change-rcna174260,Hurricane Milton's rapid intensification is part of a climate-fueled trend,science
https://www.nbcnews.com/news/nbcblk/nba-player-karl-anthony-towns-losing-8-relatives-covid-19-rcna3398,NBA player Karl-Anthony Towns on losing 8 relatives from Covid-19,news
https://www.nbcnews.com/select/shopping/best-keyboards-we-tried-rcna98642,Function or vibes? Have both with NBC Select’s favorite keyboards.,select
https://www.nbcnews.com/news/world/philadelphi-corridor-explainer-israel-hamas-talks-cease-fire-gaza-rcna169274,What is the 'Philadelphi corridor' and why is it a sticking point in Israel-Hamas talks?,news
https://www.nbcnews.com/politics/2024-election/trump-campaign-big-bet-new-gotv-strategy-worries-republicans-rcna170516,The Trump campaign's big bet on a new GOTV strategy worries some Republicans,politics
https://www.nbcnews.com/politics/2024-election/live-blog/dnc-2024-live-updates-rcna165226/rcrd52630?canonicalCard=true,Biden receives more than four minutes of applause,politics
https://www.nbcnews.com/news/education/hundreds-harvard-faculty-members-urge-university-not-oust-embattled-pr-rcna129027,Hundreds of Harvard faculty members urge university not to oust embattled president,news
https://www.nbcnews.com/politics/2024-election/gavin-de-becker-rfk-jr-bodyguard-bank-vaccine-critic-rcna153586,"Bodyguard, bank, vaccine critic: RFK Jr.'s celebrity protector plays a key campaign role",politics
https://www.nbcnews.com/politics/justice-department/feds-boost-reward-500k-information-capitol-pipe-bomber-rcna64268,Feds boost reward to $500K for information on Capitol pipe bomber ,politics
https://www.nbcnews.com/politics/2020-election/georgia-shatters-turnout-record-first-day-early-voting-n1243212,Georgia shatters turnout record for first day of early voting,politics
https://www.nbcnews.com/politics/national-security/secret-service-director-step-resignation-calls-trump-assassination-att-rcna163222,Secret Service director resigns after admitting agency's failure to protect Trump,politics
https://www.nbcnews.com/news/us-news/s-palestinian-protests-us-rcna143666,Who's behind the pro-Palestinian protests that are disrupting Biden's campaign events and blocking city streets?,news
https://www.nbcnews.com/news/epstein-victim-drops-lawsuit-lawyer-alan-dershowitz-rcna56250,Epstein victim drops her lawsuit against lawyer Alan Dershowitz ,news
https://www.nbcnews.com/news/world/nobel-laureate-muhammad-yunus-chosen-lead-bangladesh-protests-toppled-rcna165434,Nobel laureate Yunus will head Bangladesh’s interim government after unrest ousted Hasina,news
https://www.nbcnews.com/news/us-news/delphi-murders-trial-richard-allen-what-know-rcna175789,Delphi murders trial: What we know about Richard Allen and the teens he was convicted of killing ,news
https://www.nbcnews.com/politics/elections/ohio-voters-enshrine-abortion-rights-state-constitution-fall-roe-v-wad-rcna122077,Ohio voters enshrine abortion rights in state constitution,politics
https://www.nbcnews.com/news/world/israeli-supreme-court-set-rule-controversial-east-jerusalem-evictions-n1275664,Israeli court proposes compromise on Palestinian evictions that stoked Gaza conflict,news
https://www.nbcnews.com/politics/congress/republicans-block-another-vote-ivf-protections-harris-makes-2024-issue-rcna171463,Republicans block another vote on IVF protections as Harris makes it a 2024 issue,politics
https://www.nbcnews.com/health/health-news/pauses-embryo-transfers-alabama-leave-ivf-patients-options-rcna140052,Pauses on embryo transfers out of Alabama leave IVF patients with few options,health
https://www.nbcnews.com/health/health-news/gaza-hospitals-airstrikes-children-supplies-power-rcna119877,Gaza hospitals face a ‘tsunami of wounded’ as supplies and power run out ,health
https://www.nbcnews.com/politics/2024-election/trump-ramps-personal-attacks-kamala-harris-scranton-rally-rcna174292,'I don't want to be nice': Trump ramps up personal attacks on Harris at Pennsylvania rally,politics
https://www.nbcnews.com/politics/2024-election/harris-undergoes-60-minutes-grilling-trump-sits-rcna174415,Harris undergoes a '60 Minutes' grilling as Trump sits it out,politics
https://www.nbcnews.com/select/shopping/best-portable-washing-machines-ncna1263346,These are the best portable washing machines for small-space living — and they’re all under $500,select
https://www.nbcnews.com/politics/2020-election/wisconsin-supreme-court-overrules-governor-says-election-should-proceed-tuesday-n1177961,Democrats warn people will die as courts rule Wisconsin's election on for Tuesday,politics
https://www.nbcnews.com/politics/2024-election/dnc-what-watch-for-harris-biden-democratic-convention-rcna165264,5 things to watch at the 2024 Democratic convention with Kamala Harris,politics
https://www.nbcnews.com/politics/2024-election/live-blog/harris-trump-presidential-election-live-updates-rcna172165/rcrd57088?canonicalCard=true,Chuck Schumer appeals to Harris to attend Al Smith dinner at request of prominent Cardinal,politics
https://www.nbcnews.com/politics/2024-election/ron-desantis-replaces-campaign-manager-james-uthmeier-rcna98774,Ron DeSantis replaces his campaign manager as he reboots his presidential bid,politics
https://www.nbcnews.com/meet-the-press/meetthepressblog/eyes-2024-trumps-abortion-blame-game-rcna64011,Eyes on 2024: Trump’s abortion blame game,meet-the-press
https://www.nbcnews.com/politics/2024-primary-elections/florida-house-results,Florida House Primary Election 2024 Live Results,politics
https://www.nbcnews.com/news/world/north-korea-calls-south-korea-hostile-state-constitution-change-rcna175865,"North Korea calls South Korea a ‘hostile state,’ indicating constitution change",news
https://www.nbcnews.com/news/us-news/x-restores-taylor-swift-search-function-sexually-explicit-deepfakes-we-rcna136329,X restores Taylor Swift search function after sexually explicit deepfakes went viral ,news
https://www.nbcnews.com/select/shopping/dry-skin-week-today-rcna135059,"Shop our dry skin essentials, as seen on TODAY",select
https://www.nbcnews.com/news/world/nobel-laureate-muhammad-yunus-sworn-in-head-bangladesh-government-rcna165909,Nobel laureate Muhammad Yunus is sworn in as interim leader of Bangladesh,news
https://www.nbcnews.com/news/us-news/new-videos-show-alleged-assault-capitol-police-officer-brian-sicknick-n1265876,New videos show assault on Capitol Police Officer Brian Sicknick,news
https://www.nbcnews.com/news/latino/judge-esther-salas-law-son-killed-gunman-target-rcna62637,"Latina judge applauds law named after son, killed by gunman targeting her ",news
https://www.nbcnews.com/politics/white-house/biden-meet-indian-prime-minister-modi-white-house-rcna90391,Biden hosts Indian Prime Minister Modi at White House,politics
https://www.nbcnews.com/politics/white-house/biden-speaks-netanyahu-cease-fire-talks-evacuation-rafah-rcna150863,Biden speaks to Netanyahu amid cease-fire talks and evacuation of Rafah,politics
https://www.nbcnews.com/news/latino/are-protests-beginning-end-cubas-communist-government-rcna1460,Are protests 'the beginning of the end' for Cuba's communist government?,news
https://www.nbcnews.com/nbc-out/out-politics-and-policy/rnc-speakers-lean-homophobic-transphobic-rhetoric-rcna162505,RNC speakers lean into homophobic and transphobic rhetoric,nbc-out
https://www.nbcnews.com/health/health-news/patients-scramble-treatments-hospitals-conserve-iv-fluids-storms-rcna174958,Patients scramble for treatments as hospitals conserve IV fluids after storms,health
https://www.nbcnews.com/politics/joe-biden/hunter-biden-settles-long-running-child-support-case-arkansas-rcna91937,Hunter Biden settles long-running child support case in Arkansas,politics
https://www.nbcnews.com/news/world/israel-hamas-war-investigation-doctors-hospitals-targeted-gaza-rcna162684,"Israeli military is destroying hospitals and targeting medical staff in Gaza, doctors and nurses there say",news
https://www.nbcnews.com/politics/2024-election/5-takeaways-walz-vance-presidential-debate-economy-health-care-defendi-rcna172591,5 key takeaways from the VP debate between JD Vance and Tim Walz,politics
https://www.nbcnews.com/politics/2024-election/kamala-harris-dispatches-heavy-hitters-boost-key-states-final-stretch-rcna174673,Harris dispatches heavy hitters to boost key states in the final stretch,politics
https://www.nbcnews.com/politics/donald-trump/key-takeaways-trump-indictment-jack-smith-2020-election-rcna97648,5 things to know about the special counsel's indictment of Donald Trump,politics
https://www.nbcnews.com/news/world/iran-israel-attack-retaliation-strikes-jordan-saudi-arabia-khamenei-rcna175001,Iran warns its neighbors not to help Israel attack,news
https://www.nbcnews.com/politics/donald-trump/judge-trumps-hush-money-trial-delays-sentencing-supreme-court-immunity-rcna160028,Judge in Trump's hush money trial delays sentencing following Supreme Court immunity ruling,politics
https://www.nbcnews.com/politics/2024-election/poll-democrats-catch-election-enthusiasm-two-key-groups-lag-rcna176039,"Poll: Democrats catch up on election enthusiasm, but two key groups lag behind",politics
https://www.nbcnews.com/politics/2024-election/kamala-harris-tough-migration-pitch-border-points-shifting-national-mo-rcna172850,Kamala Harris' tough-on-migration pitch at the border points to a shifting national mood,politics
https://www.nbcnews.com/politics/2024-election/ron-desantis-says-us-shouldnt-take-refugees-gaza-rcna120457,Ron DeSantis says U.S. shouldn't take in refugees from Gaza ,politics
https://www.nbcnews.com/politics/elections/north-carolina-elections-risk-chaos-legislatures-proposed-overhaul-rcna91295,North Carolina elections at risk of chaos with Legislature's proposed overhaul,politics
https://www.nbcnews.com/news/world/iran-blame-violence-killed-mahsa-amini-un-finds-rcna142504,"Iran to blame for violence that killed Mahsa Amini, U.N. finds",news
https://www.nbcnews.com/politics/2024-election/elon-musk-called-gov-josh-shapiro-steelers-game-investing-pennsylvania-rcna174508,Elon Musk called Gov. Josh Shapiro during the Steelers game to talk about investing in Pennsylvania,politics
https://www.nbcnews.com/news/world/least-27-killed-bangladesh-clashes-government-declares-curfew-rcna165056,At least 27 killed in Bangladesh clashes; government declares curfew ,news
https://www.nbcnews.com/tech/social-media/brazils-suspension-x-hurting-stan-twitter-rcna169518,How Brazil's suspension of X is hurting 'stan Twitter',tech
https://www.nbcnews.com/news/asian-america/asian-american-evangelicals-theology-conservative-doesnt-mean-vote-way-rcna175947,Asian American evangelicals’ theology is conservative. But that doesn’t mean they vote that way.,news
https://www.nbcnews.com/politics/donald-trump/trump-suggests-injection-disinfectant-beat-coronavirus-clean-lungs-n1191216,Trump suggests 'injection' of disinfectant to beat coronavirus and 'clean' the lungs,politics
https://www.nbcnews.com/tech/tech-news/musk-pushes-debunked-dominion-voting-conspiracy-theory-campaign-appear-rcna175985,Musk pushes debunked Dominion voting conspiracy theory at campaign appearance ,tech
https://www.nbcnews.com/politics/2024-election/sam-amy-brown-abortion-nevada-gop-republican-senate-race-rcna136826,"Amy Brown, wife of GOP Senate candidate Sam Brown, opens up about her abortion for the first time publicly",politics
https://www.nbcnews.com/politics/national-security/department-homeland-security-shuts-disinformation-board-drew-fire-gop-rcna44757,Department of Homeland Security shuts down disinformation board that drew fire from GOP ,politics
https://www.nbcnews.com/politics/2024-election/first-ballots-general-election-presidential-race-rcna170621,The first general election ballots of the presidential race are in the mail,politics
https://www.nbcnews.com/news/nbcblk/country-music-typically-white-space-mickey-guyton-ready-change-it-n1234821,Country music is typically a white space. Mickey Guyton is ready to change it.,news
https://www.nbcnews.com/politics/elections/wisconsin-supreme-court-election-liberals-win-majority-rcna77190,Liberals gain control of the Wisconsin Supreme Court for the first time in 15 years,politics
https://www.nbcnews.com/select/shopping/how-to-clean-dogs-ears-rcna151711,"Yes, you need to clean your pet’s ears — here’s how to do it the right way",select
https://www.nbcnews.com/politics/justice-department/texas-man-lit-match-capitol-prosecutor-tells-jurors-first-jan-6-trial-rcna18189,"Texas man 'lit the match' at Capitol, prosecutor tells jurors in first Jan. 6 trial",politics
https://www.nbcnews.com/tech/tech-news/musk-pac-signature-47-pay-refer-swing-state-voters-sign-petition-rcna174310,Elon Musk's PAC offers $47 payouts to refer swing state voters to sign petition ,tech
https://www.nbcnews.com/pop-culture/pop-culture-news/j-hope-bts-finishes-military-service-south-korea-rcna176105,J-Hope from BTS finishes military service in South Korea,pop-culture
https://www.nbcnews.com/news/world/north-korea-kim-jong-un-calls-south-korea-foreign-hostile-country-rcna176058,"North Korea's Kim Jong Un calls South Korea a foreign, hostile country",news
https://www.nbcnews.com/news/world/icj-united-nations-israel-settlement-violate-international-law-rcna162667,"Israeli settlements violate international law, U.N.'s top court says in a landmark opinion",news
https://www.nbcnews.com/news/us-news/prosecutor-seek-death-penalty-hate-crime-charges-atlanta-area-spa-n1267019,"Prosecutor to seek death penalty, hate crime charges in Atlanta-area spa shootings",news
https://www.nbcnews.com/news/world/taiwan-firm-denies-making-pagers-used-lebanon-explosions-rcna171594,Who made the exploding pagers? A messy global trail emerges behind deadly Lebanon blasts,news
https://www.nbcnews.com/news/europe/britain-hottest-day-on-record-hot-sunlight-heat-soaring-temperatures-rcna38840,'We simply can't cope': Fires erupt around London as U.K. records hottest day ever,news
https://www.nbcnews.com/news/nbcblk/trumps-anti-immigration-black-jobs-reactions-presidential-debate-rcna159375,'Black jobs'? Trump draws pushback after anti-immigration rant,news
https://www.nbcnews.com/news/us-news/university-pennsylvania-president-steps-criticism-antisemitism-testimo-rcna128712,University of Pennsylvania president steps down amid criticism of antisemitism testimony,news
https://www.nbcnews.com/politics/donald-trump/major-setback-trump-appeals-court-ends-special-masters-review-seized-m-rcna59714,"In major setback for Trump, appeals court ends special master's review of seized Mar-a-Lago records",politics
https://www.nbcnews.com/news/investigations/israeli-military-analysts-flagged-hamas-plans-start-war-terror-attack-rcna127686,Israeli military analysts flagged Hamas plans to ‘start a war’ before terror attack,news
https://www.nbcnews.com/tech/tech-news/facebook-users-say-amen-bizarre-ai-generated-images-jesus-rcna143965,Facebook users say 'amen' to bizarre AI-generated images of Jesus  ,tech
https://www.nbcnews.com/pop-culture/taylor-swift-fans-kamala-harris-fundraiser-zoom-carole-king-rcna168607,"'Swifties for Kamala' joins forces with Carole King and Elizabeth Warren to raise $142,000",pop-culture
https://www.nbcnews.com/politics/2024-election/hakeem-jeffries-democrats-house-majority-2024-election-calm-governance-rcna174499,Hakeem Jeffries pitches calm governance over chaos as Democrats seek the House majority,politics
https://www.nbcnews.com/news/world/israel-hamas-war-rafah-gaza-ground-assault-palestinians-desperation-rcna138795,'Where do we go?' Desperation grows in Rafah as Israeli ground assault looms,news
https://www.nbcnews.com/politics/justice-department/jan-6-anniversary-donald-trump-trial-2024-election-rcna132466,2023 was a massive year in the Jan. 6 probe. 2024 will be even bigger.,politics
https://www.nbcnews.com/select/shopping/amazon-prime-day-2024-rcna149553,Amazon just announced Prime Day 2024 — what to know,select
https://www.nbcnews.com/health/health-news/hospitals-take-steps-conserve-iv-fluid-supply-helene-strikes-critical-rcna173861,Hospitals take steps to conserve IV fluid supply after Helene strikes critical factory,health
https://www.nbcnews.com/news/us-news/us-calls-un-security-council-vote-cease-fire-proposal-gaza-rcna156373,U.N. Security Council passes Gaza cease-fire proposal drafted by the U.S.,news
https://www.nbcnews.com/news/us-news/michael-avenatti-sentenced-4-years-stealing-stormy-daniels-rcna31611,Michael Avenatti sentenced to 4 years in prison for stealing from Stormy Daniels,news
https://www.nbcnews.com/politics/2024-election/biden-campaign-casts-trump-threat-democracy-ahead-jan-6-speech-rcna131987,Biden campaign casts Trump as threat to democracy ahead of speech on Jan. 6 anniversary,politics
https://www.nbcnews.com/news/world/israel-activists-accuse-un-slow-response-accounts-hamas-rapes-rcna127995,Israel and activists accuse U.N. of slow response to accounts of Hamas raping women,news
https://www.nbcnews.com/news/latino/harris-poll-latino-voter-support-rcna166532,Harris makes gains in Latino voter support but many are still in play: new poll      ,news
https://www.nbcnews.com/news/world/india-dalits-still-feel-bottom-caste-ladder-n1239846,They’re Hindu too but still feel at the bottom of India’s social ladder,news
https://www.nbcnews.com/news/us-news/phoenix-ends-record-31-day-streak-110-degree-weather-rcna97458,Phoenix ends record 31-day streak of above 110-degree weather,news
https://www.nbcnews.com/news/world/iran-attack-israel-israel-war-gaza-hamas-drone-missile-rcna147784,The covert war between Israel and Iran has exploded into view. What comes next?,news
https://www.nbcnews.com/select/shopping/best-treadmills-for-home-gym-ncna1298069,How to choose the best treadmill for your home,select
https://www.nbcnews.com/sports/nfl/rob-gronkowski-stunt-double-rcna175601,Being Gronk: How this actor and stunt double plays the NFL legend on screen,sports
https://www.nbcnews.com/news/world/north-korea-linda-thomas-greenfield-china-russia-rcna148135,U.S. envoy to U.N. urges Russia and China not to ‘reward’ North Korea’s bad behavior,news
https://www.nbcnews.com/politics/2024-election/live-blog/election-2024-live-updates-rcna131516,Ron DeSantis says Trump is not 'pro-life' at Iowa town hall event,politics
https://www.nbcnews.com/news/world/palestinian-president-mahmoud-abbas-threatens-cut-security-ties-over-u-n1128201,Palestinian president threatens to cut security ties over Trump's Mideast plan,news
https://www.nbcnews.com/news/world/progress-not-peace-breaking-down-trump-brokered-deals-between-israel-n1240298,"Why the Trump-brokered deals between Israel, Arab states mean progress, not peace",news
https://www.nbcnews.com/news/world/b-tselem-labels-israel-apartheid-regime-first-time-n1253863,Prominent rights group labels Israel an 'apartheid regime',news
https://www.nbcnews.com/politics/2024-election/kamala-harris-sees-path-victory-pennsylvania-running-suburbs-rcna175307,Harris campaign sees its path to victory in Pennsylvania running through the suburbs,politics
https://www.nbcnews.com/news/world/bahrain-becomes-second-arab-nation-recognize-israel-less-month-n1239894,Bahrain becomes second Arab nation to recognize Israel in less than a month,news
https://www.nbcnews.com/politics/2024-election/harris-releases-medical-report-saying-fit-office-trump-yet-provide-spe-rcna175129,Harris releases medical report saying she's fit for office; Trump has yet to provide his,politics
https://www.nbcnews.com/select/shopping/last-minute-valentines-day-gifts-ncna1288868,21 last-minute Valentine’s Day gifts that will arrive quickly,select
https://www.nbcnews.com/select/shopping/best-quiet-air-purifiers-ncna1260759,Indoor air can be more polluted than outdoor air — here’s what to do about it,select
https://www.nbcnews.com/politics/2024-election/republicans-float-conspiracy-theory-biden-wont-ballot-rcna121467,Republicans float a quiet conspiracy theory that Biden won't be on the ballot,politics
https://www.nbcnews.com/news/nbcblk/best-natural-hair-products-cleansers-styling-treatments-n1097906,"The 12 best products for natural hair, according to hair stylists",news
https://www.nbcnews.com/select/shopping/gamestop-restock-ps5-xbox-ncna1255174,"Back in stock (for now): Walmart, GameStop restocks of Xbox and PS5",select
https://www.nbcnews.com/news/latino/liza-colon-zayaz-tina-the-bear-rcna159806,"Liza Colón-Zayas, who plays Tina in 'The Bear,' discusses her character's compelling backstory",news
https://www.nbcnews.com/news/world/israel-braces-weekend-violence-after-spate-shootings-eviction-protests-n1266697,Violence and protests expected in Israel after spate of shootings,news
https://www.nbcnews.com/politics/justice-department/stewart-rhodes-says-fellow-oath-keepers-stupid-storm-capitol-jan-6-rcna55760,Stewart Rhodes says fellow Oath Keepers were 'stupid' to storm the Capitol on Jan. 6,politics
https://www.nbcnews.com/tech/tech-news/watermark-deepfake-solution-ai-misinformation-cant-stop-de-rcna137370,Why AI watermarks miss the mark in preventing misinformation ,tech
https://www.nbcnews.com/politics/2024-election/kamala-harris-talks-mcdonalds-gig-criticizing-trumps-economic-plans-rcna172763,Harris talks up McDonald's gig in criticizing Trump's economic plans,politics
https://www.nbcnews.com/news/world/tucker-carlson-interviewed-russian-president-vladimir-putin-rcna137420,Former Fox News host Tucker Carlson interviewed Russian President Vladimir Putin,news
https://www.nbcnews.com/select/shopping/best-pickleball-gear-beginners-rcna94931,"Everything you need to start playing pickleball, according to the pros",select
https://www.nbcnews.com/science/science-news/meteorologists-accurate-storm-forecasts-skepticism-pushback-rcna175403,Storm forecasts have never been more accurate. Meteorologists have never faced so much pushback.,science
https://www.nbcnews.com/politics/2024-election/kamala-harris-trump-father-ivf-rcna175788,Harris slams Trump for claiming to be 'the father of IVF',politics
https://www.nbcnews.com/politics/2024-election/live-blog/rnc-trump-biden-republican-convention-live-updates-rcna161247,Election 2024 updates: 35 Democrats call on Biden to drop out; Trump speaks with Zelenskyy,politics
https://www.nbcnews.com/select/shopping/walmart-early-deals-cyber-monday-2022-ncna1301063,45+ best deals from Walmart's Black Friday sale to shop right now,select
https://www.nbcnews.com/nbc-out/out-news/california-store-owner-mother-nine-shot-killed-pride-flag-displayed-sh-rcna100849,"California store owner, mother of 9, fatally shot over a Pride flag displayed in her shop        ",nbc-out
https://www.nbcnews.com/politics/2024-election/trump-black-latino-harris-supporters-need-head-examined-rcna175635,"Trump says Black and Latino voters who back Harris need their 'head examined,' echoing an increasingly frequent barb",politics
https://www.nbcnews.com/news/weather/live-blog/hurricane-milton-live-updates-rcna174253,Hurricane Milton: 'Potentially catastrophic' Category 5 storm takes aim at Florida,news
https://www.nbcnews.com/politics/2024-election/litigation-certainty-trumps-call-end-birthright-citizenship-face-mount-rcna162314,'Litigation is a certainty': Trump's call to end birthright citizenship would face a mountain of opposition,politics
https://www.nbcnews.com/politics/jan-6-defendant-representing-questions-son-turned-fbi-rcna90621,"Jan. 6 defendant, representing himself, questions son who turned him into the FBI",politics
https://www.nbcnews.com/news/world/gaza-unrwa-school-hit-israel-idf-hamas-rcna155786,Children among dozens killed in strike on Gaza school that Israeli military says was being used by Hamas,news
https://www.nbcnews.com/politics/justice-department/fbi-official-was-warned-jan-6-bureau-sympathetic-capitol-rioters-rcna52144,FBI official was warned after Jan. 6 that some in the bureau were 'sympathetic' to the Capitol rioters,politics
https://www.nbcnews.com/politics/elections/ohio-issue-one-reject-loss-abortion-rights-ballot-measure-rcna98842,"In a win for abortion-rights supporters, Ohio voters reject Issue 1",politics
https://www.nbcnews.com/politics/supreme-court/clarence-thomas-opinion-jack-smith-appointed-special-counsel-rcna161975,Clarence Thomas signaled how he might rule on a challenge to Trump special counsel. Would other justices follow?,politics
https://www.nbcnews.com/politics/justice-department/2-russian-intel-officers-charged-hacking-us-british-government-agencie-rcna128569,2 Russian intel officers charged with hacking into U.S. and British government agencies,politics
https://www.nbcnews.com/politics/justice-department/violent-crime-dropped-america-last-year-new-fbi-data-shows-rcna172217,"Murder and other violent crime dropped across the U.S. last year, FBI data shows",politics
https://www.nbcnews.com/news/world/turkey-election-erdogan-earthquakes-economy-syria-refugees-rcna84282,Earthquakes and the economy leave Turkey's Erdoğan facing his toughest election in years,news
https://www.nbcnews.com/weather/hurricanes/live-blog/hurricane-milton-live-updates-rcna174624,"Hurricane Milton: Eye wall begins to move onshore near Tampa as Florida deals with tornadoes, flooding",weather
https://www.nbcnews.com/select/shopping/best-handheld-gaming-systems-ncna1291097,3 important things to consider when buying a handheld gaming console,select
https://www.nbcnews.com/select/shopping/editors-picks-may-ncna1305473,19+ products our editors bought in May that we can’t stop talking about,select
https://www.nbcnews.com/politics/2024-election/kamala-harris-michelle-obama-hit-campaign-trail-rcna175173,"Despite her call to 'do something' for Harris, Michelle Obama has yet to hit the campaign trail",politics
https://www.nbcnews.com/politics/2024-election/obama-tells-men-trump-doesnt-represent-real-strength-rcna174283,Obama tells men Trump doesn't represent 'real strength',politics
https://www.nbcnews.com/news/world/zelenskyy-ukraine-russia-territory-seized-putin-kursk-rcna169280,Zelenskyy says Ukraine plans to indefinitely hold Russian territory it has seized,news
https://www.nbcnews.com/politics/2024-election/trump-attorneys-ask-delay-sentencing-hush-money-case-election-rcna166751,Trump attorneys ask to delay his sentencing in hush money case until after the election,politics
https://www.nbcnews.com/politics/justice-department/jan-6-participant-identified-nearly-two-years-ago-arrested-obama-resid-rcna91915,"Jan. 6 participant, identified nearly two years ago, is arrested near Obama home",politics
https://www.nbcnews.com/news/world/hamas-hostage-killings-netanyahu-complicating-cease-fire-deal-rcna169676,"Netanyahu says cease-fire deal 'not close,' rejecting U.S. optimism",news
https://www.nbcnews.com/politics/donald-trump/trump-briefed-ongoing-iranian-threats-assassinate-campaign-says-rcna172588,"Trump briefed by intelligence officials about ongoing Iranian threats to assassinate him, campaign says",politics
https://www.nbcnews.com/health/mental-health/drug-overdose-deaths-drop-u-s-other-deaths-despair-rise-n1211376,"Drug overdose deaths drop in U.S. as other deaths of despair rise, report finds",health
https://www.nbcnews.com/news/latino/puerto-ricans-displaced-earthquakes-wait-safe-home-amid-roadblocks-delays-n1120941,"Puerto Ricans displaced by earthquakes wait for a safe home amid roadblocks, delays",news
https://www.nbcnews.com/politics/donald-trump/trump-hush-money-trial-guide-what-expect-rcna145943,Trump's hush money trial begins Monday. Here's what to expect.,politics
https://www.nbcnews.com/politics/2024-election/michelle-obama-office-trump-seeks-might-just-one-black-jobs-rcna167426,Michelle Obama: The office Trump seeks 'might just be one of those Black jobs',politics
https://www.nbcnews.com/politics/2024-election/georgia-judge-blocks-rule-requiring-counties-hand-count-ballots-rcna175632,Georgia judge blocks rule requiring counties to hand-count Election Day ballots,politics
https://www.nbcnews.com/news/world/israeli-military-kibbutz-internal-inquiry-rcna161497,"Israeli military abandoned kibbutz for hours during Hamas' attack Oct. 7, IDF inquiry finds ",news
https://www.nbcnews.com/select/shopping/best-affordable-air-fryer-ncna1264288,Air fryers under $100 built with adjustable cook settings,select
https://www.nbcnews.com/politics/donald-trump/jan-6-rioter-assaulted-police-says-was-duped-trumps-election-lies-rcna176025,Jan. 6 rioter who assaulted police says she was 'duped' by Trump's election lies,politics
https://www.nbcnews.com/investigations/reporters-get-rare-glimpse-us-militarys-troubled-pier-system-gaza-rcna158833,Reporters get rare glimpse of the U.S. military's troubled pier system in Gaza,investigations
https://www.nbcnews.com/politics/jd-vance-midwest-heavy-generational-pitch-politics-desk-rcna162453,"JD Vance makes a Midwest-heavy, generational pitch: From the Politics Desk",politics
https://www.nbcnews.com/investigations/effort-create-far-reaching-us-saudi-israeli-pact-end-war-rcna134396,Inside the effort to create a far-reaching U.S.-Saudi-Israeli pact to end the war ,investigations
https://www.nbcnews.com/select/shopping/best-kids-kn95-masks-ncna1275419,What to know about kids KN95 masks,select
https://www.nbcnews.com/news/world/netanyahu-speech-congress-israel-hostage-families-gaza-hamas-rcna163581,"Netanyahu's speech was cheered in Congress, decried by hostage families back home",news
https://www.nbcnews.com/news/world/china-reports-third-quarter-gdp-growth-46-slightly-beating-expectation-rcna176047,"China reports third-quarter GDP growth of 4.6%, slightly beating expectations",news
https://www.nbcnews.com/politics/2024-election/local-republicans-defend-haitian-immigrants-targeted-trump-rcna171723,Local Republicans reject Trump's claims about Haitian immigrants in their towns,politics
https://www.nbcnews.com/news/nbcblk/sneakers-generated-70b-last-year-black-retailers-saw-little-rcna3546,Sneakers generated $70B last year. Black retailers saw little of that.,news
https://www.nbcnews.com/select/shopping/neck-stretchers-cervical-traction-rcna144537,Constant neck pain from watching your phone at a 90-degree angle? It might be time to try a neck stretcher,select
https://www.nbcnews.com/politics/2024-election/biden-administration-hit-russia-sanctions-trying-manipulate-us-opinion-rcna169541,Biden administration hits Russia with sanctions over efforts to manipulate U.S. opinion ahead of the election,politics
https://www.nbcnews.com/news/us-news/hamas-israel-hostages-tell-loved-ones-stories-rcna119509,Hostages in Israel update: Families of loved ones taken by Hamas share their horrific stories,news
https://www.nbcnews.com/sports/nfl/jets-davante-adams-raiders-rcna173669,Jets acquire WR Davante Adams from Raiders,sports
https://www.nbcnews.com/select/shopping/best-games-xbox-game-pass-ncna1303243,The 13 best Xbox Game Pass games to play alone or with friends,select
https://www.nbcnews.com/select/shopping/best-gifts-music-lovers-ncna1300145,These gifts for music lovers will hit a high note every time,select
https://www.nbcnews.com/news/world/israeli-troops-raid-lions-den-nablus-palestinians-killed-rcna53841,5 Palestinians killed as Israeli troops raid 'Lions' Den' hideout,news
https://www.nbcnews.com/politics/justice-department/ex-national-guardsman-wanted-jan-6-charges-surrenders-fbi-manhunt-rcna124621,Ex-National Guardsman wanted on Jan. 6 charges surrenders after FBI manhunt,politics
https://www.nbcnews.com/news/investigations/are-russia-north-korea-planning-october-surprise-aids-trump-rcna153828,Are Russia and North Korea planning an 'October surprise' that aids Trump?,news
https://www.nbcnews.com/politics/2024-election/live-blog/new-hampshire-primary-live-updates-rcna134576#rcrd31938,"Biden, Trump win New Hampshire primary: Highlights",politics
https://www.nbcnews.com/pop-culture/pop-culture-news/taylor-swift-will-release-eras-tour-concert-film-streaming-celebrate-b-rcna126843,Taylor Swift will release 'The Eras Tour' concert film to streaming to celebrate her birthday,pop-culture
https://www.nbcnews.com/select/shopping/best-anti-snoring-devices-rcna143619,Is using the bathroom frequently at night a sign of sleep apnea? Here’s what experts say.,select
https://www.nbcnews.com/news/world/india-government-agent-assassination-plot-sikh-nationalist-canada-rcna176048,"Ex-Indian government agent plotted assassination on U.S. soil, DOJ says ",news
https://www.nbcnews.com/politics/2024-election/obama-harris-outreach-black-men-rcna175297,"With Obama, 'All the Smoke' and 'huddle-ups,' Harris ramps up outreach to Black men",politics
https://www.nbcnews.com/politics/congress/gop-rep-michelle-steel-rescinds-cosponsorship-life-conception-act-rcna142285,GOP Rep. Michelle Steel rescinds her co-sponsorship of the Life at Conception Act after winning her primary,politics
https://www.nbcnews.com/politics/justice-department/fbi-hasnt-arrested-hundreds-joined-capitol-mob-jan-6-just-ask-maga-com-rcna30509,The FBI hasn’t arrested hundreds who joined the Capitol mob on Jan. 6. Just ask this MAGA comedian.,politics
https://www.nbcnews.com/news/investigations/top-secret-hamas-documents-show-terrorists-intentionally-targeted-elem-rcna120310,'Top secret' Hamas documents show that terrorists intentionally targeted elementary schools and a youth center,news
https://www.nbcnews.com/news/asian-america/he-shot-everyone-he-saw-atlanta-spa-workers-recount-horrors-n1262928,He shot at ‘everyone he saw’: Atlanta spa workers recount horrors of shooting,news
https://www.nbcnews.com/news/world/iran-drone-attack-military-factory-israel-tensions-rcna68114,Iran says drone attack targeted military factory,news
https://www.nbcnews.com/politics/2024-election/charlie-kirk-turning-point-donald-trump-christian-nationalism-rcna156565,Charlie Kirk once pushed a 'secular worldview.' Now he's fighting to make America Christian again.,politics
https://www.nbcnews.com/politics/2024-election/republicans-spend-100-million-iowa-ads-come-rcna130856,"Republicans spend over $100 million on Iowa ads, with more to come",politics
https://www.nbcnews.com/politics/2024-election/donald-trump-plan-mandate-free-ivf-republicans-congress-opposition-rcna170327,Donald Trump's call to mandate free IVF coverage baffles Republicans in Congress,politics
https://www.nbcnews.com/politics/donald-trump/trump-fringe-online-claim-immigrants-eating-pets-debate-trump-rcna170759,How a fringe online claim about immigrants eating pets made its way to the debate stage,politics
https://www.nbcnews.com/select/shopping/best-gifts-for-her-rcna119276,37+ gifts any woman in your life will love,select
https://www.nbcnews.com/select/shopping/best-gifts-ideas-sisters-ncna1299952,"30 best gifts ideas for your sister, for any occasion ",select
https://www.nbcnews.com/news/world/mahsa-amini-death-iran-morality-police-protests-coroner-report-rcna51169,"Mahsa Amini did not die from blows to body, Iranian coroner says amid widespread protests",news
https://www.nbcnews.com/news/world/china-national-peoples-congress-premier-news-conference-scrapped-rcna141592,China scraps premier’s news conference in surprise move ahead of big annual meeting,news
https://www.nbcnews.com/politics/donald-trump/trump-says-truth-social-indicted-classified-docs-probe-rcna79343,Trump indicted on 7 charges in classified docs probe,politics
https://www.nbcnews.com/politics/joe-biden/biden-administration-rejoin-u-n-human-rights-council-another-reversal-n1256997,Biden administration to rejoin U.N. Human Rights Council in another reversal of Trump,politics
https://www.nbcnews.com/news/world/israeli-hostage-handshake-hamas-rcna121852,"After she was freed, Israeli hostage offered a handshake to her Hamas captor",news
https://www.nbcnews.com/news/world/looming-mideast-peace-deal-amounts-netanyahu-trump-pact-experts-say-n1124481,"Looming Mideast peace deal amounts to Netanyahu-Trump pact, experts say",news
https://www.nbcnews.com/news/world/death-iran-president-raisi-prompts-grief-relief-celebration-rcna153003,"Grief, but also relief for some, after Iran President Raisi dies in helicopter crash",news
https://www.nbcnews.com/politics/2024-election/live-blog/trump-harris-presidential-election-live-updates-rcna175178/rcrd60272?canonicalCard=true,Trump pushes back on questions about his age,politics
https://www.nbcnews.com/select/shopping/brooks-ghost-max-review-rcna117906,We tried the Brooks Ghost Max for three weeks and have never run better,select
https://www.nbcnews.com/investigations/cold-war-russia-uses-mexico-hub-spying-us-rcna171819,Back to the Cold War: Russia uses Mexico as a hub for spying on the U.S.,investigations
https://www.nbcnews.com/politics/justice-department/trump-indicted-federal-election-interference-case-supreme-court-immuni-rcna168503,Trump indicted again in federal election interference case following Supreme Court immunity ruling,politics
https://www.nbcnews.com/news/world/russia-ukraine-war-putin-orban-moscow-peace-zelenskyy-rcna160398,Putin tells Hungary's Orbán he is ready to discuss 'nuances' of Ukraine conflict,news
https://www.nbcnews.com/politics/2024-election/taylor-swift-endorses-kamala-harris-rcna170547,Taylor Swift endorses Kamala Harris after presidential debate,politics
https://www.nbcnews.com/news/world/human-rights-watch-accuses-israel-apartheid-over-treatment-palestinians-n1265442,"Global rights group accuses Israel of apartheid, persecution",news
https://www.nbcnews.com/select/shopping/best-double-cleansing-products-rcna94713,Is double cleansing actually good for your skin? We asked dermatologists,select
https://www.nbcnews.com/news/world/iran-installing-starting-cascades-advanced-centrifuges-nuclear-tension-rcna157142,Iran installing and starting cascades of advanced centrifuges as tensions high over nuclear program,news
https://www.nbcnews.com/select/shopping/how-to-clean-dishwasher-rcna154591,Your dishwasher is probably dirtier than you think — here’s how to clean it,select
https://www.nbcnews.com/news/us-news/suspect-laken-riley-killing-indicted-murder-kidnapping-peeping-tom-cha-rcna151254,"Suspect in Laken Riley killing indicted on murder, kidnapping and 'peeping tom' charges",news
https://www.nbcnews.com/news/world/nobel-laureate-yunus-arrives-bangladesh-lead-interim-government-rcna165731,Nobel laureate Yunus arrives in Bangladesh to lead interim government,news
https://www.nbcnews.com/news/world/gaza-children-killed-israel-hostage-raid-idf-hamas-war-palestinians-rcna157777,Gazan families mourn children who were killed during the IDF’s hostage rescue,news
https://www.nbcnews.com/news/world/india-election-results-narendra-modi-rcna154839,"India hands PM Modi a surprise setback, with his majority in doubt",news
https://www.nbcnews.com/politics/congress/senate-poised-pass-significant-child-online-safety-bills-decades-rcna164259,Senate passes the most significant child online safety bills in decades,politics
https://www.nbcnews.com/politics/justice-department/trump-hatted-rioter-sentenced-bear-spraying-8-officers-jan-6-rcna123792,Trump-hatted rioter sentenced for bear-spraying 8 officers on Jan. 6,politics
https://www.nbcnews.com/select/shopping/best-cooking-gifts-home-chefs-ncna1283939,The best gifts for home chefs this holiday season,select
https://www.nbcnews.com/politics/2024-election/jd-vance-says-hard-trump-win-north-carolina-rcna171162,JD Vance says it would be 'very hard' for Trump to win without North Carolina,politics
https://www.nbcnews.com/select/shopping/easyplant-self-watering-pots-ncna1296816,The Easyplant self-watering pots keep my plants healthy,select
https://www.nbcnews.com/news/latino/doubts-surface-over-puerto-rican-governor-s-motivation-fire-housing-n1119616,Doubts surface over Puerto Rican governor’s motivation to fire housing secretary,news
https://www.nbcnews.com/politics/harris-trump-battle-sports-fans-politcs-desk-rcna176181,When campaign and football season collide: Harris and Trump battle for sports fans: From the Politics Desk,politics
https://www.nbcnews.com/news/world/iran-protests-mahsa-amini-death-clashes-ayatollah-ali-khamenei-rcna54251,Weeks of protests that have 'shaken' Iran since one woman's death show no sign of fading,news
https://www.nbcnews.com/news/asian-america/big-techs-big-problem-also-best-kept-secret-caste-discrimination-rcna33692,Big Tech's big problem is also its 'best-kept secret': Caste discrimination,news
https://www.nbcnews.com/select/shopping/best-coffee-makers-brewers-grinders-ncna1172991,How to find the best coffee maker for every morning routine,select
https://www.nbcnews.com/news/world/israel-hamas-war-gaza-city-evacuations-idf-rcna161299,Israel again orders residents to evacuate areas of Gaza City it once said were cleared of Hamas,news
https://www.nbcnews.com/politics/justice-department/jan-6-rioter-rally-runner-arrested-tucker-carlson-conspiracy-theory-rcna97777,Jan. 6 rioter who Tucker Carlson guest said was a fed is arrested by the FBI,politics
https://www.nbcnews.com/politics/supreme-court/liberal-justices-say-trump-immunity-decision-will-disastrous-consequen-rcna159755,Liberal justices say Trump immunity decision 'will have disastrous consequences' for the U.S.,politics
https://www.nbcnews.com/news/latino/stateside-puerto-ricans-demand-answers-unused-hurricane-aid-puerto-rico-n1154236,Stateside Puerto Ricans demand answers on unused hurricane aid to Puerto Rico,news
https://www.nbcnews.com/politics/2024-election/trump-bernie-moreno-ohio-gop-senate-primary-rcna142861,Trump plays attack dog for Bernie Moreno as Ohio's GOP Senate primary ends on a vicious note,politics
https://www.nbcnews.com/sports/mlb/guardians-yankees-alcs-game-3-rcna176042,Guardians stun Yankees on walk-off home run in extra innings,sports
https://www.nbcnews.com/news/world/israel-hamas-war-gaza-new-phase-netanyahu-rcna158982,Israeli war’s latest phase may reckon with tension between dismantling Hamas and rescuing hostages,news
https://www.nbcnews.com/politics/2024-election/politics-tariffs-are-complicated-democrat-just-introduced-bill-make-tr-rcna172336,The politics of tariffs are complicated. A Democrat just introduced a bill to make Trump's proposals law.,politics
https://www.nbcnews.com/politics/national-security/us-israel-joint-military-exercise-message-iran-rcna66927,"U.S., Israel launch military exercise to send message to Iran, others",politics
https://www.nbcnews.com/news/world/israel-hezbollah-war-lebanon-unfil-peacekeepers-gaza-rcna175434,U.N. peacekeepers in Lebanon pledge not to give in to Israeli demands to 'get out of harm's way',news
https://www.nbcnews.com/news/nbcblk/simple-reason-kamala-harris-shade-room-rcna175931,The simple reason Kamala Harris is on The Shade Room,news
https://www.nbcnews.com/politics/donald-trump/trump-employee-told-fbi-former-president-ordered-staff-move-boxes-docu-rcna52019,A Trump employee told the FBI that the former president ordered staff to move boxes of documents at Mar-a-Lago,politics
https://www.nbcnews.com/select/shopping/prime-day-2024-what-to-buy-ncna1306067,4 products you should shop — and 7 you probably shouldn’t — during Prime Day,select
https://www.nbcnews.com/politics/2024-election/far-convention-democrat-runs-harris-hands-beer-rural-maine-rcna165606,"Far from the convention, a Democrat runs from Harris and hands out beer in rural Maine",politics
https://www.nbcnews.com/investigations/iran-helping-houthi-rebels-yemen-target-us-reaper-drones-us-officials-rcna171834,"Iran is helping the Houthi rebels in Yemen target and down U.S. Reaper drones, U.S. officials say",investigations
https://www.nbcnews.com/news/world/ship-attack-houthi-red-sea-uss-eisenhower-rcna158406,Yemen’s Houthi rebels target ship in the Gulf of Aden as the Eisenhower aircraft carrier heads home ,news
https://www.nbcnews.com/news/us-news/flashpoint-trump-republican-christian-tv-show-rcna150303,Inside the Christian TV show rallying Trump superfans with apocalyptic warnings,news
https://www.nbcnews.com/politics/2024-election/trump-campaign-scrambles-abortion-ban-report-democrats-16-weeks-rcna139223,Trump campaign scrambles over abortion ban report as Democrats seize the moment,politics
https://www.nbcnews.com/select/shopping/best-gifts-new-parents-ncna1300748,21+ gifts for new parents that will help make life easier and more comfortable,select
https://www.nbcnews.com/news/world/israel-hamas-war-schools-struck-gaza-dozens-killed-rcna161064,Dozens killed as '4 schools in the last 4 days' struck in Gaza,news
https://www.nbcnews.com/politics/justice-department/trump-supporter-called-capitol-cops-weasels-jan-6-sentenced-prison-rcna42865,Trump supporter who called Capitol cops 'weasels' on Jan. 6 sentenced to prison,politics
https://www.nbcnews.com/politics/justice-department/woman-arrested-allegedly-threatening-federal-judge-trump-election-case-rcna100320,Texas woman arrested and charged with threatening federal judge overseeing Trump’s election case,politics
https://www.nbcnews.com/sports/nfl/tom-brady-expected-become-part-owner-nfls-las-vegas-raiders-rcna175455,Tom Brady and partner Tom Wagner to pay over $200 million for stake in Las Vegas Raiders,sports
https://www.nbcnews.com/select/shopping/curl-hair-type-explained-rcna129053,There are 9 types of curly hair — here's how to identify and care for yours,select
https://www.nbcnews.com/news/us-news/former-nfl-qb-jay-cutler-arrested-charges-dui-gun-possession-minor-cra-rcna176111,Former NFL QB Jay Cutler arrested on charges of DUI and gun possession after minor crash in Tennessee,news
https://www.nbcnews.com/politics/justice-department/reality-trump-stefaniks-jan-6-hostages-guilty-pleas-convictions-rcna132859,The reality of Trump and Stefanik's Jan. 6 'hostages',politics
https://www.nbcnews.com/politics/politics-news/pence-idea-overturning-election-results-un-american-n1272334,Pence: Idea of overturning election results is ‘un-American’,politics
https://www.nbcnews.com/health/health-news/fda-authorizes-novavaxs-updated-covid-vaccine-rcna118665,FDA authorizes Novavax's updated Covid vaccine,health
https://www.nbcnews.com/politics/congress/jan-6-panel-adds-last-minute-hearing-tuesday-afternoon-rcna35509,Jan. 6 panel adds last-minute hearing Tuesday afternoon,politics
https://www.nbcnews.com/select/shopping/what-are-best-skin-care-products-acne-prone-skin-look-ncna1032911,Acne is becoming more common among U.S. adults — look for these 4 ingredients to treat it,select
https://www.nbcnews.com/politics/justice-department/tense-new-jan-6-video-shows-republican-congressmen-admonishing-rioters-rcna132625,A tense new Jan. 6 video shows Republican congressmen admonishing rioters trying to enter House chamber,politics
https://www.nbcnews.com/news/world/israel-withdrawing-units-gaza-rcna131800,Israel withdrawing some units from Gaza,news
https://www.nbcnews.com/politics/2024-election/harris-democratic-convention-hot-ticket-rcna165249,"From a 'wake' to 'Mardi Gras': With Harris, the Democratic convention is a hot ticket ",politics
https://www.nbcnews.com/news/asian-america/narendra-modi-india-election-us-opinion-rcna155712,"After election setbacks, Narendra Modi's image in the U.S. is more important than ever",news
https://www.nbcnews.com/politics/2024-election/conservatives-voter-fraud-hunting-tool-eagleai-cleta-mitchell-rcna97327,Inside the right’s effort to build a voter fraud hunting tool,politics
https://www.nbcnews.com/politics/2024-election/arizona-certifies-abortion-rights-initiative-november-ballot-rcna166321,Arizona certifies abortion-rights initiative for the November ballot,politics
https://www.nbcnews.com/news/world/netanyahu-government-settlements-expansion-west-bank-ben-gvir-rcna63302,Netanyahu government makes West Bank settlement its expansion top priority,news
https://www.nbcnews.com/news/world/india-g20-press-freedom-modi-journalist-access-rcna104261,G20 summit showcases India's global clout and press freedom worries ,news
https://www.nbcnews.com/news/world/north-korea-kim-jong-un-nuclear-superpower-russia-ukraine-rcna174436,North Korea's Kim Jong Un wants to speed up becoming a nuclear superpower,news
https://www.nbcnews.com/health/health-news/ivf-doctors-patients-fearful-alabama-court-rules-embryos-are-children-rcna139636,Doctors and patients fearfully proceed with IVF after Alabama court rules embryos are children,health
https://www.nbcnews.com/news/world/palestinian-father-miracle-daughters-gaza-israel-airstrike-rcna135034,Father hails ‘miracle’ daughters who were pulled from rubble after Israeli strike,news
https://www.nbcnews.com/select/shopping/best-grooming-care-pet-awards-ncna1305982,We tried hundreds of pet care products — these are the best.,select
https://www.nbcnews.com/select/shopping/best-sleep-gear-wellness-awards-ncna1304811,We tried dozens of sleep products to pick our 2023 award winners,select
https://www.nbcnews.com/news/world/17-hostages-released-second-group-israel-hamas-pause-fighting-gaza-rcna126651,17 hostages released in second group amid temporary cease-fire in Gaza,news
https://www.nbcnews.com/news/world/invented-butter-chicken-court-india-will-decide-rcna153870,Who invented butter chicken? A court in India will decide,news
https://www.nbcnews.com/news/world/china-floods-drought-farming-wheat-climate-change-rcna96111,China's summer of extremes has farmers worried,news
https://www.nbcnews.com/news/world/hezbollah-nasrallah-threats-hamas-israel-iran-gaza-rcna164677,Hezbollah head vows vengeance over killing of Hamas leader in Iran ,news
https://www.nbcnews.com/politics/2024-election/dead-heat-trump-pulls-even-harris-nbc-news-poll-rcna174201,'Dead heat': Trump pulls even with Harris in NBC News poll,politics
https://www.nbcnews.com/politics/2024-election/barack-obama-cuts-new-ad-elissa-slotkin-battleground-michigan-senate-r-rcna173937,Barack Obama cuts new ads in major Senate races,politics
https://www.nbcnews.com/news/nbcblk/black-men-drifted-democrats-toward-trump-record-numbers-polls-show-n1246447,"Black men shift slightly toward Trump in record numbers, polls show",news
https://www.nbcnews.com/news/world/gaza-burials-dead-israel-hamas-war-rcna124238,Gaza struggles to bury and grieve the dead in accordance with Islamic traditions,news
https://www.nbcnews.com/news/us-news/bullet-found-bodies-2-indiana-teens-delphi-killings-linked-suspects-gu-rcna59235,"Bullet found near bodies of 2 Indiana teens in Delphi killings linked to suspect’s gun, officials say ",news
https://www.nbcnews.com/politics/white-house/biden-speaks-netanyahu-tensions-israel-hamas-war-mount-us-rcna149724,Biden speaks with Netanyahu as tensions over the Israel-Hamas war mount in the US,politics
https://www.nbcnews.com/politics/2024-election/vance-says-trump-not-lose-2020-election-not-words-use-rcna175787,Vance says Trump didn't lose the 2020 election: 'Not by the words I would use',politics
https://www.nbcnews.com/news/world/israel-strikes-lebanon-hezbollah-revenge-device-blasts-nasrallah-rcna171946,Israel says it killed a top Hezbollah official in 'targeted' Beirut strike ,news
https://www.nbcnews.com/politics/2024-election/harris-rattles-angry-trump-debate-both-candidates-seek-mantle-change-rcna169058,Harris rattles 'angry' Trump in debate as both candidates seek mantle of change,politics
https://www.nbcnews.com/business/business-news/cvs-replaces-ceo-profits-share-price-suffer-rcna176072,"CVS replaces CEO as profits, share price suffer  ",business
https://www.nbcnews.com/select/shopping/best-hair-diffusers-travel-rcna140917,These top-rated hair diffusers are easy to travel with,select
https://www.nbcnews.com/specials/gaza-universities-destroyed-israel-military-war/index.html,Class destroyed: The rise and ruin of Gaza's revered universities,specials
https://www.nbcnews.com/politics/2022-election/far-right-election-denier-mastriano-wins-gop-race-governor-pennsylvani-rcna29136,Far-right election denier Mastriano wins GOP race for governor in Pennsylvania,politics
https://www.nbcnews.com/tech/security/us-microsoft-seize-100-websites-allegedly-used-russian-spies-rcna173784,U.S. and Microsoft seize over 100 websites allegedly used by Russian spies,tech
https://www.nbcnews.com/politics/2024-election/republican-national-committee-convention-trump-may-not-attend-rcna156838,Republican National Committee prepares for a convention Trump may not attend,politics
https://www.nbcnews.com/news/world/iran-strikes-israeli-targets-rcna147407,Iran launches retaliatory attack on Israel that risks sparking regional war,news
https://www.nbcnews.com/politics/2024-election/biden-privately-remains-torn-defiance-acceptance-debate-rcna160274,Biden privately remains torn between defiance and acceptance amid calls to step aside ,politics
https://www.nbcnews.com/politics/donald-trump/trump-indicted-jan-6-grand-jury-2020-election-rcna95199,Special counsel charges Trump with conspiracy to defraud the U.S. ,politics
https://www.nbcnews.com/tech/security/meta-says-broke-chinese-influence-operation-looking-exploit-us-politic-rcna127181,Meta says it broke up Chinese influence operation looking to exploit U.S. political divisions,tech
https://www.nbcnews.com/news/world/hungarian-insider-releases-audio-says-proof-orban-corruption-rcna145070,Former Hungarian insider releases audio he says is proof of corruption in embattled Orbán government,news
https://www.nbcnews.com/select/shopping/best-hair-dryers-blow-dryers-ncna1243766,The best hair dryers for salon-worthy blow outs at home for your hair type,select
https://www.nbcnews.com/science/environment/microplastics-found-fresh-snow-antarctica-rcna32862,Microplastics found in fresh snow on Antarctica,science
https://www.nbcnews.com/politics/politics-news/arrested-fatal-stabbing-utah-man-told-police-brought-gun-capitol-riot-rcna16351,"Arrested after a fatal stabbing, a Utah man told police he brought a gun to Capitol riot",politics
https://www.nbcnews.com/news/world/israel-battles-hamas-northern-gaza-jabaliya-regrouped-rafah-blinken-rcna151919,U.S. warns Israel has no plan to eliminate Hamas as IDF battles regrouped militants in northern Gaza,news
https://www.nbcnews.com/news/world/hostage-deal-reached-hamas-release-50-israelis-rcna126146,Israel and Hamas reach deal to release 50 hostages and pause fighting for 4 days in Gaza,news
https://www.nbcnews.com/news/world/israel-hamas-war-gaza-battles-jabalia-rafah-evacuations-rcna151852,"Battles rage across Gaza as death toll tops 35,000 and tens of thousands evacuate Rafah",news
https://www.nbcnews.com/feature/nbc-out/batwoman-casts-black-bisexual-actress-javicia-leslie-play-superhero-n1233318,"'Batwoman' casts Black, bisexual actress Javicia Leslie to play superhero",feature
https://www.nbcnews.com/politics/politics-news/pence-heckled-conservative-event-shouts-traitor-n1271332,Pence heckled at conservative event with shouts of 'traitor',politics
https://www.nbcnews.com/news/world/cease-fire-talks-advance-israel-threatens-rafah-invasion-rcna150698,Cease-fire talks advance in Egypt even as Israel threatens to invade Rafah,news
https://www.nbcnews.com/news/world/putin-pledges-truce-ukraine-exits-occupied-areas-drops-nato-bid-rcna157146,Putin lays out Russia's hardline stance on peace talks,news
https://www.nbcnews.com/news/world/israel-lebanon-ground-invasion-rcna172913,Israel launches invasion into southern Lebanon targeting Hezbollah,news
https://www.nbcnews.com/news/asian-america/shogun-emmys-wins-awards-2024-rcna171040,'Shogun' breaks record with 18 Emmy wins,news
https://www.nbcnews.com/news/world/top-israeli-legal-official-tells-netanyahu-fire-key-ally-supreme-court-rcna66473,Top Israeli legal official tells Netanyahu to fire key ally,news
https://www.nbcnews.com/news/world/israel-ben-gvir-visits-jerusalem-holy-site-palestinians-rcna63996,Israeli ultranationalist minister visits Jerusalem holy site  ,news
https://www.nbcnews.com/politics/2024-election/harris-pitches-plans-tackle-costs-food-housing-medicine-child-care-nc-rcna166774,"Harris pitches plans to tackle food, housing, medicine and child care costs in N.C. speech",politics
https://www.nbcnews.com/politics/politics-news/defense-secretary-lloyd-austin-resumes-duty-undergoing-procedure-walte-rcna154031,Defense Secretary Lloyd Austin resumes duty after undergoing procedure at Walter Reed,politics
https://www.nbcnews.com/politics/2024-election/live-blog/dnc-2024-live-updates-rcna165226/rcrd52513?canonicalCard=true,Police make at least one arrest after some protesters breached a barricade and refused to leave,politics
https://www.nbcnews.com/investigations/palestinian-support-armed-struggle-rising-gaza-death-estimate-tops-200-rcna130516,"Palestinian support for ‘armed struggle’ is rising as Gaza death estimate tops 20,000",investigations
https://www.nbcnews.com/politics/white-house/us-qatar-agree-not-release-iran-6-billion-prisoner-swap-rcna120135,U.S. and Qatar agree not to release Iran's $6B ,politics
https://www.nbcnews.com/pop-culture/viral/social-media-users-are-blocking-celebrities-silent-on-gaza-rcna151880,Social media users are collectively blocking celebrities and influencers who have been silent on Gaza,pop-culture
https://www.nbcnews.com/news/world/china-youth-unemployment-tinder-rcna140631,"Looking for leads, not love: Job seekers in China turn Tinder into a networking tool",news
https://www.nbcnews.com/news/california-man-accused-drugging-sexually-assaulting-nine-women-charged-rcna176129,"California man accused of drugging, sexually assaulting nine women is charged with murder",news
https://www.nbcnews.com/select/shopping/best-workout-leggings-according-fitness-professionals-ncna1019826,What to look for in workout leggings that you don’t always need in lounging leggings,select
https://www.nbcnews.com/news/world/zelenskyy-calls-international-support-restoration-rules-based-order-rcna139321,"Zelenskyy calls for international support, Harris underscores unity with Ukraine",news
https://www.nbcnews.com/politics/justice-department/virginia-cop-thomas-robertson-jan-6-sentenced-7-years-prison-rcna42559,Ex-cop who stormed the Capitol on Jan. 6 sentenced to record-tying 7 years in prison,politics
https://www.nbcnews.com/news/world/travis-king-north-korea-american-runaway-united-nations-rcna95885,"No new talks over U.S. soldier detained in North Korea, U.S. officials say",news
https://www.nbcnews.com/politics/congress/gop-led-house-committees-release-lengthy-report-alleging-president-bid-rcna166954,GOP-led House committees release lengthy report alleging President Biden committed impeachable offenses,politics
https://www.nbcnews.com/news/world/putin-threatens-weapons-attack-west-ukraine-strikes-inside-russia-rcna155795,Putin threatens to provide weapons to attack the West,news
https://www.nbcnews.com/news/world/israel-benjamin-netanyahu-government-rebuke-ex-army-chief-rcna65667,Israel’s outgoing army chief rebukes Netanyahu's far-right government ,news
https://www.nbcnews.com/politics/2024-election/trump-damage-control-abortion-backlash-conservatives-rcna168922,Trump comes out against Florida's abortion rights ballot measure after conservative backlash,politics
https://www.nbcnews.com/news/us-news/kanye-west-implies-he-plans-vote-donald-trump-2020-n1185346,Kanye West implies he plans to vote for Donald Trump in 2020,news
https://www.nbcnews.com/news/world/palestinian-civilians-trapped-gaza-amid-intensifying-israeli-bombing-n1267335,‘Very afraid’: Israeli bombing leaves no rest for weary Palestinians,news
https://www.nbcnews.com/politics/congress/congress-passes-bill-boost-secret-service-presidential-security-rcna172564,Congress passes bill to boost presidential candidate security after apparent attempt on Trump's life,politics
https://www.nbcnews.com/politics/2024-election/kamala-harris-points-california-experience-criticizes-trump-asked-diff-rcna174893,Harris points to California experience and criticizes Trump when asked how she would differ from Biden on border policy,politics
https://www.nbcnews.com/news/world/hard-liner-raisi-s-engineered-iran-election-win-entrenches-conservative-n1271616,Iran's hard-liners tighten grip with 'engineered' election,news
https://www.nbcnews.com/news/world/israel-protest-netanyahus-judicial-overhaul-rcna70535,Tens of thousands protest Netanyahu's contentious plan to overhaul Israel's judicial system,news
https://www.nbcnews.com/news/latino/police-deny-venezuela-gang-taken-rundown-apartment-complex-denver-subu-rcna169831,Police deny Venezuela gang has taken over rundown apartment complex in Denver suburb,news
https://www.nbcnews.com/news/world/live-blog/israel-hamas-war-live-updates-rcna128049/rcrd27249?canonicalCard=true,U.S. to impose visa restrictions on extremist Israeli settlers ,news
https://www.nbcnews.com/politics/justice-department/fbi-failures-capitol-siege-avoided-jan-6-committees-scorn-not-long-rcna38615,FBI failures before the Capitol siege avoided the Jan. 6 committee's scorn. Not for long.,politics
https://www.nbcnews.com/news/latino/democrats-ramp-efforts-turn-puerto-rican-voters-pennsylvania-rcna172216,Democrats ramp up efforts to turn out Puerto Rican voters in Pennsylvania,news
https://www.nbcnews.com/politics/2024-election/trump-chicken-campaign-debate-harris-rcna172168,Democrats to dub Trump a 'chicken' to pressure him to debate Harris,politics
https://www.nbcnews.com/science/environment/us-see-new-extreme-heat-belt-2053-rcna42486,A new 'extreme heat belt' with 125 degree temps could cut through U.S.,science
https://www.nbcnews.com/politics/donald-trump/trump-rallies-south-bronx-win-black-hispanic-voters-rcna153293,Trump rallies in the South Bronx as he seeks to win over Black and Hispanic voters,politics
https://www.nbcnews.com/news/world/india-election-president-narendra-modi-bjp-us-american-support-rcna139717,Indian election: Prime Minister Modi's BJP seeks supporters in the U.S.,news
https://www.nbcnews.com/politics/2020-election/wisconsin-set-vote-national-guard-called-out-many-polling-places-n1178206,"Wisconsin voters face long waits, lines amid coronavirus outbreak",politics
https://www.nbcnews.com/select/shopping/safe-car-travel-dogs-ncna1275708,How to drive safely with a dog,select
https://www.nbcnews.com/news/world/south-korea-prime-minister-offers-resign-parliamentary-election-defeat-rcna147330,South Korean prime minister offers to resign after parliamentary election defeat,news
https://www.nbcnews.com/news/us-news/harris-trump-debate-nabs-least-575-million-viewers-according-early-rat-rcna170634,"Harris-Trump debate nabs more than 67 million viewers, Nielsen says",news
https://www.nbcnews.com/politics/politics-news/-palestinian-protests-inflame-tensions-washington-israel-hamas-war-rcna163661,Pro-Palestinian protests inflame tensions in Washington over the Israel-Hamas war,politics
https://www.nbcnews.com/news/world/floods-romania-kill-least-four-people-rain-batters-central-europe-rcna171145,Floods in Romania kill at least four people as rain batters central Europe ,news
https://www.nbcnews.com/politics/immigration/aclu-sues-biden-new-asylum-rule-rcna156890,ACLU sues Biden administration over new asylum rule,politics
https://www.nbcnews.com/politics/2022-election/democrats-maintain-control-senate-nbc-news-projects-defeating-many-tru-rcna56677,"Democrats maintain control of Senate, NBC News projects, defeating many Trump-backed Republicans",politics
https://www.nbcnews.com/politics/2024-election/live-blog/election-2024-live-updates-rcna131517/rcrd29050?canonicalCard=true,Florida Supreme Court will hear GOP challenge to proposed amendment on abortion,politics
https://www.nbcnews.com/news/asian-america/asian-woman-punched-125-new-york-attack-suspect-charged-attempted-murd-rcna19984,Asian woman punched 125 times in New York attack; suspect charged with attempted murder as hate crime,news
https://www.nbcnews.com/news/world/israel-announces-measures-strengthen-settlements-attacks-rcna68046,Israel vows tough measures to 'strengthen' settlements following deadly attacks,news
https://www.nbcnews.com/politics/2024-election/trump-slams-harris-call-ban-price-gouging-37-states-already-rcna167158,"Trump slams Harris' call for a price-gouging ban, but 37 states already have their own",politics
https://www.nbcnews.com/politics/2024-election/joe-biden-nears-200-judges-highlighting-stakes-courts-2024-election-rcna152485,"Joe Biden lands 200 judges, highlighting stakes for the courts in the 2024 election",politics
https://www.nbcnews.com/select/shopping/best-reusable-water-bottles-ncna1267802,Not all reusable water bottles are created equally — these are the best ones,select
https://www.nbcnews.com/politics/2024-election/four-mark-robinson-staffers-step-embattled-campaign-rcna172172,Four Mark Robinson staffers step down from embattled campaign,politics
https://www.nbcnews.com/select/shopping/best-cookie-baking-tools-rcna130409,Baking cookies? You should be using your freezer every step of the way,select
https://www.nbcnews.com/politics/politics-news/echoing-desantis-florida-s-new-surgeon-general-argues-against-covid-n1282082,"Echoing DeSantis, Florida's new surgeon general argues against Covid vaccines, mandates",politics
https://www.nbcnews.com/news/world/italy-drought-ww2-bomb-water-river-po-rcna41965,WWII bomb revealed in drought-hit waters of Italy’s River Po,news
https://www.nbcnews.com/news/world/dozens-killed-israel-strikes-al-mawasi-hamas-mohamed-deif-rcna161692,At least 90 killed in Israeli military operation targeting two Hamas officials,news
https://www.nbcnews.com/select/shopping/sunbasket-meal-delivery-service-review-2024-rcna140564,"Why Sunbasket is great for dietary restrictions, as told by a gluten-free pescatarian",select
https://www.nbcnews.com/politics/2024-election/trump-death-hamas-yahya-sinwar-peace-deal-easier-rcna176179,Trump says the death of Hamas leader Yahya Sinwar makes a peace deal ‘easier’,politics
https://www.nbcnews.com/news/world/russia-vladimir-putin-kremlin-lukoil-maganov-death-navalny-skripal-rcna46030,Death of Russian oil exec Ravil Maganovhighlights suspicious ends met by those who crossed the Kremlin,news
https://www.nbcnews.com/news/world/hamas-leader-ismail-haniyeh-sons-killed-israeli-airstrike-gaza-rcna147200,Hamas leader Ismail Haniyeh says 3 of his sons were killed in an Israeli airstrike in Gaza,news
https://www.nbcnews.com/politics/2022-election/illinois-new-york-primaries-test-post-roe-abortion-politics-rcna35570,Illinois governor's race shapes up as test of post-Roe abortion politics,politics
https://www.nbcnews.com/select/shopping/amazon-fathers-day-gifts-ncna1296034,The 19+ best (and unexpected) last-minute Father’s Day gifts on Amazon,select
https://www.nbcnews.com/politics/2024-election/democrats-ivf-messaging-new-billboards-trump-alabama-ruling-rcna140530,"Democrats intensify their IVF messaging in new billboards, tying Trump to the Alabama ruling",politics
https://www.nbcnews.com/select/shopping/best-skin-care-products-rosacea-ncna1299897,"There's no real cure for rosacea, but there are ways to tame flare ups",select
https://www.nbcnews.com/politics/elections/florida-senate-passes-gop-bill-would-create-police-force-election-n1290951,Florida Senate passes GOP bill that would create police force for election crimes,politics
https://www.nbcnews.com/select/shopping/personalized-fathers-day-gifts-ncna1269952,"Personalized Father's Day gifts for dad from Apple, JBL and more",select
https://www.nbcnews.com/tech/social-media/facebooks-oversight-board-consider-river-sea-hate-speech-rcna151076,Facebook's Oversight Board to consider whether 'from the river to the sea' is hate speech,tech
https://www.nbcnews.com/tech/social-media/mark-zuckerberg-apologizes-parents-online-child-safety-hearing-rcna136578,Mark Zuckerberg apologizes to victims' families as senators demand tech platforms do better by kids,tech
https://www.nbcnews.com/select/shopping/best-home-teeth-whitening-products-ncna1253852,At-home v.s. professional teeth whitening: What to know before trying both,select
https://www.nbcnews.com/politics/2024-election/ted-cruz-colin-allred-texas-senate-debate-rcna175115,"Ted Cruz and Colin Allred clash over abortion, trans athletes and Jan. 6 in feisty Texas Senate debate",politics
https://www.nbcnews.com/select/shopping/best-weighted-comforters-weighted-blankets-ncna1193596,"How to buy a weighted comforter, the next step in weighted blankets",select
https://www.nbcnews.com/health/health-news/jd-vance-accuses-tim-walz-lying-ivf-rcna167434,JD Vance accused Tim Walz of lying about his IVF experience. Fertility doctors say confusion is common.,health
https://www.nbcnews.com/select/shopping/best-remote-work-home-tech-screens-ncna1161791,Working remote? A longtime remote worker shares tips for the best tech,select
https://www.nbcnews.com/politics/donald-trump/donald-trump-verdict-hush-money-trial-rcna152492,Donald Trump found guilty in historic New York hush money case,politics
https://www.nbcnews.com/tech/internet/adin-ross-interviews-trump-gifts-cybertruck-rolex-rcna165225,"Trump interviewed by controversial livestreamer Adin Ross, who gave him a Cybertruck and a Rolex",tech
https://www.nbcnews.com/politics/donald-trump/trumps-inconsistent-messaging-clashes-rncs-attempted-embrace-early-vot-rcna165972,Trump's inconsistent messaging clashes with the RNC's attempted embrace of early voting,politics
https://www.nbcnews.com/select/shopping/best-bed-bath-awards-2023-rcna103452,We tried dozens of bed and bath essentials — these are the best,select
https://www.nbcnews.com/politics/2024-election/no-trial-date-trump-classified-documents-case-judge-aileen-cannon-rcna157671,There is no trial date in sight for the Trump classified documents case,politics
https://www.nbcnews.com/news/us-news/indian-man-charged-alleged-plot-kill-sikh-activist-nyc-rcna127212,DOJ charges Indian man in alleged assassination plot to kill Sikh activist in the U.S.,news
https://www.nbcnews.com/select/shopping/best-under-eye-patches-masks-ncna1246428,The best under-eye patches for dark circles — including the new Summer Fridays Jet Lag patches,select
https://www.nbcnews.com/select/shopping/cuisinart-air-fryer-toaster-oven-review-rcna151460,I tried Cuisinart’s toaster oven-style air fryer for two weeks — here’s how it went,select
https://www.nbcnews.com/tech/tech-news/tiktok-creators-file-lawsuit-us-government-over-potential-ban-rcna152265,Eight TikTok creators sue U.S. government over potential ban ,tech
https://www.nbcnews.com/nbc-out/out-news/matthew-shepards-mom-calls-anti-lgbtq-bills-vicious-attack-25-years-mu-rcna121240,Matthew Shepard’s mom calls anti-LGBTQ bills a ‘vicious attack’ 25 years after his murder,nbc-out
https://www.nbcnews.com/news/world/indian-national-extradited-us-stand-trial-plot-kill-sikh-activist-new-rcna157316,Indian national extradited to U.S. to stand trial in alleged plot to kill Sikh activist in New York,news
https://www.nbcnews.com/select/shopping/best-wrist-ankle-weights-ncna1267241,The best exercises to do with ankle and wrist weights,select
https://www.nbcnews.com/politics/2024-primary-elections/minnesota-house-results,Minnesota House Primary Election 2024 Live Results,politics
https://www.nbcnews.com/politics/justice-department/enrique-tarrio-proud-boys-sentenced-jan-6-sedition-case-rcna103280,"Former Proud Boys leader Enrique Tarrio gets 22 years, longest Jan. 6 sentence yet",politics
https://www.nbcnews.com/select/shopping/solar-pool-covers-top-rated-ncna1280026,Best solar pool covers to insulate and save you money,select
https://www.nbcnews.com/select/shopping/best-portable-chargers-ncna1291495#anchor-Howmuchcanyouchargewithaportablecharger,Portable chargers: How to shop and what to know,select
https://www.nbcnews.com/news/world/us-officials-expect-israeli-response-iran-strikes-will-limited-rcna147949,U.S. officials expect Israeli response to Iran strikes will be limited,news
https://www.nbcnews.com/sports/cricket/us-pakistan-cricket-world-cup-historic-upset-rcna155977,The ultimate embarrassment for a cricket powerhouse: Losing to Team USA,sports
https://www.nbcnews.com/news/weather/heavy-rain-rare-flooding-dubai-middle-east-rcna148056,Record floods hit desert city Dubai,news
https://www.nbcnews.com/politics/taylor-swift-transcends-americas-political-divides-barely-rcna125908,How Taylor Swift transcends America's political divides — barely,politics
https://www.nbcnews.com/investigations/afghanistan-not-terrorist-launching-pad-after-us-exit-says-cia-rcna168672,CIA official: Predictions about Afghanistan becoming a terror launching pad 'did not come to pass',investigations
https://www.nbcnews.com/news/nbcblk/biden-campaign-black-voter-outreach-georgia-detroit-rcna152731,Biden campaign set to double down on Black voter outreach with visits to Georgia and Detroit this weekend,news
https://www.nbcnews.com/news/world/china-japan-end-dispute-fukushima-water-discharge-rcna171950,China and Japan end dispute over Fukushima water discharge ,news
https://www.nbcnews.com/politics/2024-election/abortion-rights-groups-seek-ballot-measures-9-states-2024-rcna125177,Abortion rights groups seek ballot measures in 9 more states in 2024,politics
https://www.nbcnews.com/select/shopping/hey-dewy-humidifier-review-ncna1303397,This tiny humidifier keeps my skin looking hydrated,select
https://www.nbcnews.com/news/world/live-blog/israel-hamas-war-live-updates-rcna138259,Israel rescues 2 hostages; IDF launches airstrikes on Rafah despite global concern,news
https://www.nbcnews.com/news/world/israel-netanyahu-likud-far-right-colaition-ben-gvir-jewish-power-rcna58724,Netanyahu signs coalition deal with Israeli far-right,news
https://www.nbcnews.com/news/world/live-blog/live-updates-israel-launches-strikes-hezbollah-lebanon-rcna168111,Israel and Hezbollah strikes put region on edge; Hamas official says delegation has left Cairo,news
https://www.nbcnews.com/politics/2024-election/sen-raphael-warnock-mark-robinson-white-supremacy-blackface-mlk-rcna172153,Sen. Raphael Warnock says embattled NC GOP candidate Mark Robinson is ‘white supremacy in blackface’ ,politics
https://www.nbcnews.com/investigations/un-begins-distributing-food-aid-gaza-brought-us-military-rcna159558,The U.N. begins distributing food aid in Gaza brought ashore by the U.S. military for the first time since June 9,investigations
https://www.nbcnews.com/politics/2024-election/live-blog/election-2024-dnc-live-updates-rcna165227#rcrd52707,DNC 2024 highlights: Barack Obama praises Harris and Biden in keynote convention speech,politics
https://www.nbcnews.com/politics/justice-department/jan-6-rioter-electroshocked-dc-officer-michael-fanone-sentenced-125-ye-rcna89388,Jan. 6 rioter who electroshocked Michael Fanone shouts 'Trump won' after he's sentenced to 12½ years,politics
https://www.nbcnews.com/news/world/hamas-losing-backing-ordinary-people-gaza-are-paying-human-price-war-rcna159707,Hamas is losing the backing of ordinary people in Gaza who are paying the human price of its war,news
https://www.nbcnews.com/politics/donald-trump/trump-mar-lago-search-warrant-property-receipt-show-agents-found-trove-rcna42793,"Trump Mar-a-Lago search warrant, property receipt show agents found trove of classified docs",politics
https://www.nbcnews.com/news/investigations/palestinians-fear-leave-northern-gaza-may-never-able-return-rcna120950,Why Palestinians fear that if they leave northern Gaza they may never be able to return,news
https://www.nbcnews.com/news/world/live-blog/live-updates-israel-hezbollah-lebanon-cease-fire-strikes-rcna172793,Live updates: Netanyahu orders 'full force' in Lebanon despite U.S. push for Israel-Hezbollah cease-fire,news
https://www.nbcnews.com/politics/justice-department/oath-keepers-jan-6-seditious-conspiracy-trial-jury-begins-deliberating-rcna58070,Jury to begin deliberating in Oath Keepers' Jan. 6 seditious conspiracy trial,politics
https://www.nbcnews.com/tech/internet/internets-popular-trump-pundits-ended-paid-messengers-russian-propagan-rcna169803,How some of the internet's most popular pro-Trump pundits ended up as paid messengers for Russian propaganda,tech
https://www.nbcnews.com/politics/donald-trump/tanya-chutkan-judge-assigned-trumps-election-case-rcna97852,"Who is Tanya Chutkan, the judge assigned to Trump’s election case?",politics
https://www.nbcnews.com/news/world/israeli-protests-judicial-overhaul-continue-netanyahus-pause-rcna77793,Israeli protests over judicial overhaul continue despite Netanyahu’s pause ,news
https://www.nbcnews.com/news/world/tensions-simmer-jerusalem-israel-responds-rocket-attacks-strikes-targe-rcna78829,Tensions simmer in Jerusalem after Israel responds to rocket attacks with strikes on targets in Syria,news
https://www.nbcnews.com/select/shopping/best-october-prime-day-deals-2024-rcna173960,"Fall Prime Day is *technically* over, but we found 51+ great deals you can still shop",select
https://www.nbcnews.com/politics/2024-election/desantis-florida-primary-night-losses-rcna167550,Ron DeSantis' political star is tarnished after key Florida primary night losses,politics
https://www.nbcnews.com/politics/2024-election/harris-team-white-house-discussed-plans-distance-biden-rcna175948,Harris team and White House discussed plans for her to distance herself from Biden,politics
https://www.nbcnews.com/news/world/hezbollah-pagers-expolsion-lebanon-handheld-devices-rcna171457,"Exploding pagers belonging to Hezbollah kill at least 9 and injure more than 2,750 in Lebanon",news
https://www.nbcnews.com/politics/congress/-not-progressive-fetterman-breaks-left-israel-immigration-rcna129747,"'I'm not a progressive': Fetterman breaks with the left, showing a maverick side",politics
https://www.nbcnews.com/politics/congress/house-republicans-censure-rep-adam-schiff-trump-era-probes-rcna90451,Republicans take the rare step of censuring Rep. Adam Schiff over Trump-era probes,politics
https://www.nbcnews.com/politics/2024-election/jd-vance-says-trump-veto-national-abortion-ban-rcna168084,JD Vance says Trump would veto a national abortion ban,politics
https://www.nbcnews.com/news/hamas-attack-bears-hallmarks-iranian-involvement-former-us-officials-s-rcna119400,"Hamas attack bears hallmarks of Iranian involvement, former U.S. officials say",news
https://www.nbcnews.com/politics/politics-news/dc-police-officer-died-suicide-jan-6-riot-declared-line-duty-death-rcna19433,D.C. police officer’s suicide after Jan. 6 riot declared line-of-duty death,politics
https://www.nbcnews.com/news/us-news/fbi-releases-declassified-document-saudi-9-11-links-after-biden-n1278997,FBI releases declassified document into Saudi 9/11 links,news
https://www.nbcnews.com/news/us-news/janet-jackson-tells-interviewer-heard-kamala-harris-not-black-echoing-rcna172121,"Janet Jackson tells interviewer she's heard Kamala Harris is not Black, echoing election disinformation",news
https://www.nbcnews.com/select/shopping/how-get-rid-fleas-ncna1262654,"Yes, you can get fleas from your pets — and they can get fleas from you. Here’s how to prevent them",select
https://www.nbcnews.com/politics/congress/new-immigration-asylum-reform-bill-released-senate-text-rcna136602,Senators unveil bipartisan bill to impose tougher asylum and border laws,politics
https://www.nbcnews.com/select/shopping/kindle-paperwhite-update-signature-kids-ncna1279865,What you should know about the new Kindle Paperwhites,select
https://www.nbcnews.com/politics/2022-election/inflation-abortion-lead-list-voter-concerns-nbc-news-exit-poll-finds-rcna56258,"Inflation and abortion lead the list of voter concerns, edging out crime, NBC News Exit Poll finds",politics
https://www.nbcnews.com/politics/2024-election/georgia-election-board-votes-ballots-hand-counted-rcna172015,Georgia election board votes to require ballots be hand-counted in November,politics
https://www.nbcnews.com/news/world/israel-far-right-hostage-families-cease-fire-negotiation-rcna126486,Hostage deal exposes tensions between Israel’s far-right and hostage families,news
https://www.nbcnews.com/news/us-news/how-billions-pandemic-aid-was-swindled-con-artists-crime-syndicates-n1257766,How billions in pandemic aid was swindled by con artists and crime syndicates,news
https://www.nbcnews.com/politics/nevada-abortion-rights-groups-signatures-ballot-measure-rcna146116,Nevada abortion rights groups submit signatures to advance ballot measure,politics
https://www.nbcnews.com/news/us-news/death-row-inmate-wrestled-guilt-addiction-execution-rcna175749,A death row inmate wrestled with guilt and addiction before his execution,news
https://www.nbcnews.com/news/world/live-blog/israel-hamas-conflict-live-updates-rcna119362,Death toll rises as Israel battles Hamas,news
https://www.nbcnews.com/select/shopping/best-eco-friendly-laundry-detergents-ncna1298853,How to tell if laundry detergent is actually eco-friendly,select
https://www.nbcnews.com/select/shopping/best-fruit-vegetable-storage-ncna1298005,"How to store produce and keep it fresh, according to experts",select
https://www.nbcnews.com/politics/white-house/kamala-harris-gaza-speech-watered-down-cease-fire-rcna141750,Administration officials watered down Kamala Harris' Gaza speech before delivery,politics
https://www.nbcnews.com/politics/donald-trump/trump-national-security-adviser-robert-obrien-meets-netanyahu-rcna153185,Trump allies meet with Netanyahu and other Israeli officials as pressure builds on prime minister,politics
https://www.nbcnews.com/news/world/iran-presidential-election-runoff-rcna160393,Iran holds runoff presidential vote pitting hard-line former negotiator against reformist lawmaker,news
https://www.nbcnews.com/news/world/israel-hezbollah-pagers-explosions-what-now-rcna171602,Why did Israel blow up Hezbollah pagers and walkie-talkies — and what might happen next?,news
https://www.nbcnews.com/politics/congress/senate-republicans-block-border-security-bill-campaign-border-chaos-rcna153607,Senate Republicans block border security bill as they campaign on border chaos,politics
https://www.nbcnews.com/select/shopping/best-cyber-monday-deals-2022-ncna1301406,"Cyber Monday deals are still live from brands like Yeti, FitBit, Amazon and more",select
https://www.nbcnews.com/select/shopping/best-vitamin-e-skin-care-products-rcna103948,Is Vitamin E the missing ingredient your skin needs? Here's what derms say.,select
https://www.nbcnews.com/politics/donald-trump/georgia-appeals-court-grants-trumps-request-consider-whether-fani-will-rcna151231,Ga. appeals court grants Trump's request to consider Fani Willis' disqualification from his criminal case,politics
https://www.nbcnews.com/investigations/trump-says-crime-up-fbi-numbers-say-crime-historic-lows-rcna173590,Trump says crime is out of control. The numbers tell a different story.,investigations
https://www.nbcnews.com/business/business-news/apple-sued-doj-antitrust-monopoly-biden-rcna144424,Apple sued by Biden administration over alleged iPhone 'monopoly power',business
https://www.nbcnews.com/politics/2024-election/making-sense-new-polls-seven-weeks-election-day-rcna171894,Making sense of the new polls seven weeks from Election Day,politics
https://www.nbcnews.com/select/shopping/bestselling-tech-products-2023-rcna131349,We covered a wide array of products in 2023 — these are the ones readers loved the most,select
https://www.nbcnews.com/news/us-news/months-after-ahmaud-arbery-death-georgia-governor-plans-sign-hate-n1232049,"Months after Ahmaud Arbery's death, Georgia governor plans to sign hate crimes bill into law",news
https://www.nbcnews.com/select/shopping/target-circle-week-announcement-oct-2024-rcna171322,Target just announced the next Target Circle Week — here’s what you need to know,select
https://www.nbcnews.com/politics/supreme-court/biden-call-supreme-court-reforms-constitutional-limits-presidential-im-rcna163970,Biden says Supreme Court reforms are needed to counter an 'extreme and unchecked agenda',politics
https://www.nbcnews.com/news/world/britain-emergency-heatwave-hot-wildfires-europe-france-spain-portugal-rcna38647,U.K. braces for record heat as it becomes one of the hottest places on Earth,news
https://www.nbcnews.com/news/world/bangladesh-protesters-call-nobel-laureate-muhammad-yunus-lead-rcna165310,Bangladesh protesters call on Nobel laureate Muhammad Yunus to lead,news
https://www.nbcnews.com/politics/2024-election/matt-gaetz-florida-primary-kevin-mccarthy-revenge-tour-rcna167140,Matt Gaetz's primary is the last stop on Kevin McCarthy's revenge tour,politics
https://www.nbcnews.com/politics/white-house/white-house-sees-netanyahu-likely-abandoning-judicial-overhaul-pursue-rcna76930,White House sees Netanyahu as likely to abandon judicial overhaul plan to pursue compromise,politics
https://www.nbcnews.com/news/world/live-blog/israel-hamas-war-live-updates-gaza-israel-humanitarian-rcna120479,"Foreign national Palestinians can cross from Gaza into Egypt on Monday, officials say",news
https://www.nbcnews.com/politics/2024-election/live-blog/trump-harris-election-live-updates-rcna174214,Election 2024: Harris speaks in Phoenix after Obama's Pittsburgh rally; Biden slams Trump,politics
https://www.nbcnews.com/select/shopping/best-moisturizers-mature-skin-rcna149213,Our skin gets drier as we age — look for these 7 ingredients in a moisturizer for mature skin,select
https://www.nbcnews.com/politics/justice-department/guy-reffitt-first-jan-6-rioter-go-trial-found-guilty-counts-rcna19041,"Guy Reffitt, first Jan. 6 rioter to go to trial, found guilty on all counts",politics
https://www.nbcnews.com/select/shopping/best-sun-hats-upf-ncna1235377,"Experts say that sunscreen isn’t enough — for full protection, here’s what they suggest",select
https://www.nbcnews.com/politics/congress/ethics-committee-investigating-allegations-sexual-misconduct-drug-use-rcna157719,Ethics Committee investigating Rep. Matt Gaetz over alleged drug use and sexual misconduct,politics
https://www.nbcnews.com/health/health-news/alabama-fertility-clinic-says-will-resume-ivf-services-bill-passes-pro-rcna141682,Two Alabama fertility clinics say they will resume IVF services after bill to protect doctors passes,health
https://www.nbcnews.com/news/world/china-building-nuclear-weapons-arsenal-faster-rcna121349,"China is building up its nuclear arsenal faster than predicted, U.S. report says",news
https://www.nbcnews.com/news/world/israel-hamas-war-gaza-rafah-invasion-netanyahu-biden-phone-call-rcna144057,"Defying Biden, Netanyahu renews pledge to launch Rafah offensive",news
https://www.nbcnews.com/health/health-news/debate-trump-health-care-plan-replace-obamacare-rcna170665,"After years of threats, Trump still doesn't have a plan to replace Obamacare",health
https://www.nbcnews.com/select/shopping/best-teen-girl-gift-ideas-ncna1300001,"44 gift ideas for teen girls from UGG, Rare Beauty and more",select
https://www.nbcnews.com/news/world/prigozhin-plane-crash-sabotage-explosion-evidence-rcna101756,"YevgenyPrigozhin plane crash was likely sabotage, evidence suggests",news
https://www.nbcnews.com/politics/2024-election/live-blog/trump-harris-presidential-election-live-updates-rcna172156/rcrd56341?canonicalCard=true,Blinken says he's 'profoundly disappointed' over contempt vote,politics
https://www.nbcnews.com/politics/2024-election/trump-says-nothing-was-done-wrong-jan-6-republican-voter-confronts-rcna175755,"Confronted by a Republican voter about the Jan. 6 riot, Trump says 'nothing' was done wrong that day",politics
https://www.nbcnews.com/select/shopping/best-tech-gifts-giftable-tech-awards-rcna121422,"Gift a new set of speakers you won’t have to help them set up. We picked the most giftable tech for everyone on your list.
",select
https://www.nbcnews.com/news/world/germany-issues-1st-arrest-warrant-2022-nord-stream-pipeline-blasts-rcna166526,Germany issues 1st arrest warrant for 2022 Nord Stream pipeline blasts ,news
https://www.nbcnews.com/politics/national-security/us-spy-agencies-are-ready-warn-voters-foreign-election-interference-rcna156895,U.S. officials say intel agencies are ready to warn the public over foreign election interference,politics
https://www.nbcnews.com/nbc-out/out-news/italy-makes-illegal-seek-surrogacy-abroad-rcna175758,Italy makes it illegal to seek surrogacy abroad,nbc-out
https://www.nbcnews.com/select/shopping/apple-airtag-price-features-ncna1264938,How to order the new Apple AirTag,select
https://www.nbcnews.com/news/us-news/nyc-officers-scuffle-14-year-old-girl-handcuffed-selling-fruit-park-vi-rcna155357,"NYC officers scuffle with 14-year-old girl they handcuffed over selling fruit in a park, video shows",news
https://www.nbcnews.com/politics/donald-trump/florida-judge-overseeing-trumps-trial-hobble-justice-departments-case-rcna88694,How the Florida judge overseeing Trump's trial could hobble the Justice Department's case,politics
https://www.nbcnews.com/health/health-news/overdose-deaths-fake-pills-are-rising-especially-younger-adults-rcna102543,"Overdose deaths from fake pills are rising, especially among younger adults",health
https://www.nbcnews.com/news/world/benjamin-netanyahu-israel-prime-minister-sworn-in-right-wing-rcna63616,Netanyahu seals dramatic comeback as he is sworn in as Israel prime minister,news
https://www.nbcnews.com/science/environment/amazon-rainforest-port-records-lowest-water-level-121-years-drought-rcna120575,Amazon rainforest port records lowest water level in 121 years amid drought ,science
https://www.nbcnews.com/news/world/israel-hits-gaza-new-airstrikes-despite-biden-joining-ceasefire-calls-n1267725,Israel and Hamas trade attacks after Biden expresses support for cease-fire,news
https://www.nbcnews.com/select/shopping/black-friday-2022-home-kitchen-deals-ncna1301100,The 25+ best Cyber Monday kitchen and home deals ,select
https://www.nbcnews.com/news/world/biden-top-adviser-saudi-crown-prince-israel-normalization-jake-sulliva-rcna96818,Biden dispatches top adviser for talks with Saudi crown prince,news
https://www.nbcnews.com/politics/politics-news/us-soldier-detained-russia-officials-say-rcna150928,"U.S. soldier detained in Russia and accused of stealing, officials say",politics
https://www.nbcnews.com/news/world/us-recognize-palestinian-state-biden-israel-war-gaza-rcna136708,What the U.S. recognizing a Palestinian state would mean,news
https://www.nbcnews.com/politics/donald-trump/trump-aide-pushed-arlington-national-cemetery-employee-commemoration-d-rcna168768,Army says a Trump aide 'abruptly pushed aside' an Arlington National Cemetery employee,politics
https://www.nbcnews.com/politics/congress/lawmakers-set-grill-defense-secretary-lloyd-austin-secret-hospitalizat-rcna141095,Lawmakers grill Defense Secretary Lloyd Austin over secret hospitalization,politics
https://www.nbcnews.com/news/world/palestinian-gunman-kills-2-officials-meet-discuss-surge-violence-rcna72369,Palestinian gunman kills 2 as officials meet to discuss surge in violence,news
https://www.nbcnews.com/politics/florida-supreme-court-abortion-rights-ballot-measure-rcna142568,"Florida Supreme Court allows 6-week abortion ban to take effect, but voters will have the final say",politics
https://www.nbcnews.com/nbc-out/out-politics-and-policy/trump-false-claims-schools-transgender-surgeries-rcna170217,Trump repeats false claims that children are undergoing transgender surgery during the school day,nbc-out
https://www.nbcnews.com/politics/joe-biden/republicans-personal-attacks-biden-family-granddaughter-grandkid-rcna95667,Republicans up the personal attacks on Biden and his family,politics
https://www.nbcnews.com/politics/meet-the-press/trump-s-second-impeachment-trial-underway-verdict-already-n1257254,Trump’s second impeachment trial is underway and the verdict is already in,politics
https://www.nbcnews.com/tech/misinformation/ai-deepfake-fake-news-youtube-black-celebrities-rcna133368,Fake news YouTube creators target Black celebrities with AI-generated misinformation,tech
https://www.nbcnews.com/politics/donald-trump/trump-bloodbath-loses-election-2024-rcna143746,Trump says there will be a 'bloodbath' if he loses the election,politics
https://www.nbcnews.com/select/shopping/amazon-echo-show-15-preorder-ncna1284126,The Amazon Echo Show 15 is available for preorder,select
https://www.nbcnews.com/politics/donald-trump/trump-pushes-false-claims-about-mail-vote-fraud-here-are-n1180566,Trump pushes false claims about mail-in vote fraud. Here are the facts.,politics
https://www.nbcnews.com/select/shopping/how-often-to-wash-hair-rcna136821,How often should you wash your hair? Experts weigh in,select
https://www.nbcnews.com/news/latino/puerto-rico-hit-5-0-quake-amid-ongoing-seismic-activity-n1123146,Puerto Rico hit by a 5.0 quake amid ongoing seismic activity,news
https://www.nbcnews.com/news/us-news/jimmy-carter-turns-100-rcna172235,Jimmy Carter turns 100,news
https://www.nbcnews.com/select/shopping/best-smart-home-ready-devices-thermostats-lights-smart-plugs-ncna1102186,The best smart assistant-compatible devices for a smart home,select
https://www.nbcnews.com/news/asian-america/harris-trump-poll-asian-american-voters-rcna172255,"Harris leads Trump by almost 40 points among Asian American voters, a new poll shows",news
https://www.nbcnews.com/politics/2024-election/gop-crackdowns-noncitizen-voting-ensnare-newly-naturalized-americans-rcna168234,GOP crackdowns on noncitizen voting ensnare newly naturalized Americans,politics
https://www.nbcnews.com/news/world/russian-veto-brings-end-un-panel-monitors-north-korea-nuclear-sanction-rcna145577,Russian veto brings an end to the U.N. panel that monitors North Korea nuclear sanctions,news
https://www.nbcnews.com/news/world/north-korea-vows-deploy-new-weapons-border-south-rcna126463,North Korea says it is suspending military pact with South,news
https://www.nbcnews.com/politics/justice-department/doj-seeks-longer-sentence-capitol-rioter-labeled-domestic-terrorist-rcna38557,DOJ seeks longer sentence for Capitol rioter they labeled as a domestic terrorist,politics
https://www.nbcnews.com/politics/2024-election/biden-campaign-blames-trump-alabama-supreme-courts-ivf-ruling-rcna139984,"Biden blasts Alabama Supreme Court's IVF ruling as Harris, campaign blame Trump",politics
https://www.nbcnews.com/select/shopping/best-grill-grilling-accessories-ncna1236602,"15 best grilling accessories, according to food experts",select
https://www.nbcnews.com/politics/donald-trump/trump-splits-ally-mccarthy-ashli-babbitt-shooting-jan-6-rcna69018,Trump splits with ally McCarthy over Ashli Babbitt shooting on Jan. 6,politics
https://www.nbcnews.com/politics/2024-election/harris-maintains-strong-lead-black-swing-state-voters-new-poll-rcna175420,Harris maintains strong lead among Black swing-state voters in a new poll,politics
https://www.nbcnews.com/tech/social-media/tiktok-ads-videos-election-politics-2024-rcna161234,Banned political ads found on TikTok weeks ahead of 2024 election,tech
https://www.nbcnews.com/select/shopping/yeti-french-press-review-rcna168442,I tried Yeti’s French press for a month— here’s why I’ll keep using it for months,select
https://www.nbcnews.com/select/shopping/hatch-restore-2-review-rcna143055,I tried the newest Hatch sunrise alarm clock for 4 months — now I can’t sleep without it,select
https://www.nbcnews.com/news/latino/sad-worried-inconsolable-earthquake-triggers-anxiety-puerto-rico-post-hurricane-n1112441,"'Sad, worried, inconsolable': Earthquakes trigger anxiety in Puerto Rico, post-Hurricane Maria",news
https://www.nbcnews.com/news/world/live-blog/live-updates-hamas-leader-yahya-sinwar-possibly-killed-gaza-rcna175922/rcrd60537?canonicalCard=true,"Netanyahu promises more war, dashing peace hopes after Hamas leader killed ",news
https://www.nbcnews.com/politics/justice-department/trump-fan-gets-eight-years-assaulting-officers-jan-6-capitol-breach-rcna171991,Trump fan gets eight years for assaulting officers during Jan. 6 Capitol breach,politics
https://www.nbcnews.com/politics/2024-election/poll-numbers-key-groups-moved-biden-harris-trump-rcna172013,Inside the poll numbers: Which key groups have moved — and which ones haven't — since Biden's exit,politics
https://www.nbcnews.com/health/health-news/fentanyl-stimulants-drives-fourth-wave-overdose-epidemic-us-rcna104953,Fentanyl plus stimulants drives ‘fourth wave’ of overdose epidemic in the U.S.,health
https://www.nbcnews.com/news/world/iranian-human-rights-activist-narges-mohammadi-wins-nobel-peace-prize-rcna119156,Jailed Iranian activist Narges Mohammadi wins Nobel Peace Prize for fight against oppression of women,news
https://www.nbcnews.com/tech/misinformation/russia-operated-nearly-1000-sock-puppet-accounts-x-justice-department-rcna161004,"Russia operated nearly 1,000 sock puppet accounts on X, Justice Department says",tech
https://www.nbcnews.com/science/environment/heat-wave-record-temperatures-california-arizona-october-rcna173796,October heat wave sets dozens of records in California and Arizona,science
https://www.nbcnews.com/politics/politics-news/911-group-blasts-trump-hosting-saudi-backed-golf-league-tournament-see-rcna38691,"9/11 group blasts Trump for hosting Saudi-backed golf league tournament, seeks meeting",politics
https://www.nbcnews.com/news/world/south-korea-suspend-military-pact-north-trash-balloons-rcna155131,South Korea to suspend military pact with North over trash balloons,news
https://www.nbcnews.com/politics/2024-election/former-trump-press-secretary-stephanie-grisham-endorses-harris-convent-rcna167476,Ex-Trump press secretary Stephanie Grisham says he mocked his supporters as 'basement dwellers',politics
https://www.nbcnews.com/news/world/trump-s-mideast-peace-plan-comes-under-surprise-attack-israeli-n1224686,Trump’s Mideast peace plan comes under surprise attack from settlers,news
https://www.nbcnews.com/news/world/pager-new-device-explosions-lebanon-hezbollah-rcna171637,New device explosions reported in Lebanon,news
https://www.nbcnews.com/science/environment/heat-waves-hitting-us-europe-virtually-impossible-climate-change-resea-rcna95956,"Heat waves hitting U.S. and Europe 'virtually impossible' without climate change, researchers say",science
https://www.nbcnews.com/select/shopping/best-roomba-robot-vacuum-ncna1242643,"The best Roomba robot vacuums for pet owners, large homes and more",select
https://www.nbcnews.com/politics/white-house/biden-harris-werent-invited-arlington-abbey-gate-trump-rcna169154,White House says Biden and Harris weren’t invited to Arlington Cemetery by families of service members killed during Afghanistan withdrawal,politics
https://www.nbcnews.com/select/shopping/best-eco-friendly-mattress-ncna1193591,"How to find the best eco-friendly mattresses, according to experts",select
https://www.nbcnews.com/news/world/un-security-council-cease-fire-resolution-us-rcna144556,U.N. Security Council fails to pass U.S. resolution calling for Gaza cease-fire,news
https://www.nbcnews.com/news/world/south-africa-israel-genocide-case-icj-gaza-displacement-rcna132021,Israel faces genocide case as comments on displacing Gazans draw alarm,news
https://www.nbcnews.com/news/world/live-blog/israel-hamas-war-live-updates-us-israel-increasingly-isolated-growing-rcna129223,U.N. General Assembly votes for cease-fire resolution opposed by U.S. and Israel,news
https://www.nbcnews.com/news/world/live-blog/israel-hamas-war-live-updates-rcna132789/rcrd29565?canonicalCard=true,"Anti-U.S. opinion in Arab countries grows over support for Israel, Middle East leaders tell Blinken",news
https://www.nbcnews.com/news/world/israel-sets-goal-doubling-number-jewish-settlers-golan-heights-rcna10029,Israel sets goal of doubling number of Jewish settlers on Golan Heights,news
https://www.nbcnews.com/select/shopping/best-amazon-travel-mugs-rcna104393,These Amazon travel mugs keep your coffee hot all morning long,select
https://www.nbcnews.com/news/world/putin-xi-meet-shanghai-cooperation-organization-rcna160297,Putin and Xi meet at Central Asian summit aimed at countering U.S.,news
https://www.nbcnews.com/news/world/beijing-half-marathon-organizers-investigate-chinese-runners-controver-rcna147782,Beijing Half Marathon organizers investigate Chinese runner's controversial win,news
https://www.nbcnews.com/politics/2024-election/nikki-haley-makes-no-mention-slavery-asked-name-cause-civil-war-rcna131407,Nikki Haley backpedals amid criticism after omitting 'slavery' from Civil War causes,politics
https://www.nbcnews.com/news/world/freed-hamas-hostages-come-home-find-kibbutz-destroyed-rcna128621,Freed Hamas hostages come home to find kibbutz destroyed,news
https://www.nbcnews.com/politics/2024-election/harris-spars-fox-news-host-says-not-continuation-biden-rcna175742,Harris spars with Fox News host and says she wouldn't be a 'continuation' of Biden,politics
https://www.nbcnews.com/politics/justice-department/fbi-arrests-jan-6-rioter-whose-photo-was-featured-biden-campaign-ad-rcna134357,FBI arrests Jan. 6 rioter whose photo was featured in a Biden campaign ad,politics
https://www.nbcnews.com/meet-the-press/first-read/defeat-ohios-abortion-proxy-war-another-red-flag-gop-rcna98962,Defeat in Ohio’s abortion proxy war another red flag for GOP,meet-the-press
https://www.nbcnews.com/tech/social-media/musk-uses-x-push-story-platforms-suspension-brazil-rcna169380,Elon Musk uses X to push his own story about the platform’s suspension in Brazil,tech
https://www.nbcnews.com/politics/donald-trump/-was-slipping-peoples-blood-police-officer-describes-battling-rioters-rcna32903,'I was slipping in people's blood': Police officer describes battling rioters after Capitol became a 'war scene',politics
https://www.nbcnews.com/politics/2024-election/live-blog/election-2024-dnc-live-updates-rcna165227/rcrd52685?canonicalCard=true,Vance slams Beshear for comment on abortion: 'Disgusting',politics
https://www.nbcnews.com/select/shopping/bose-quietcomfort-ii-headphones-launch-ncna1298716,Bose's new QuietComfort II earbuds take ANC to the next level,select
https://www.nbcnews.com/news/world/north-korea-missiles-russia-ukraine-rcna123453,"North Korea has most likely sent missiles to Russia, South says",news
https://www.nbcnews.com/tech/tech-news/nbcuniversal-ad-chief-leaves-twitter-rcna84128,Former NBCUniversal ad chief Linda Yaccarino named CEO of Twitter,tech
https://www.nbcnews.com/politics/white-house/biden-moves-ahead-tariff-hikes-numerous-chinese-goods-rcna152090,Biden moves ahead on tariff hikes for numerous Chinese goods,politics
https://www.nbcnews.com/politics/2024-election/abortion-rights-amendment-ballot-nevada-rcna159103,Abortion rights amendment qualifies for the ballot in Nevada,politics
https://www.nbcnews.com/news/world/israel-s-netanyahu-misses-deadline-form-new-government-n1266353,Israel's Netanyahu runs out of time to form a new government,news
https://www.nbcnews.com/select/shopping/dermatologists-skin-care-routine-ncna1303681,Five dermatologists share their everyday skin care routines,select
https://www.nbcnews.com/select/shopping/best-stationary-bikes-peloton-alternatives-ncna1100116,How to choose an indoor cycling bike (that isn't a Peloton),select
https://www.nbcnews.com/politics/donald-trump/judge-georgia-election-interference-case-dismisses-three-counts-trump-rcna143182,Judge in Georgia election interference case dismisses three counts against Trump,politics
https://www.nbcnews.com/news/world/gaza-hospitals-israel-hamas-international-law-rcna125889,International law questions abound as Israeli forces raid Gaza hospitals,news
https://www.nbcnews.com/politics/2024-election/weeks-early-voting-data-tell-us-democrats-republicans-are-turning-2024-rcna175419,What weeks of early-voting data tell us about how Democrats and Republicans are turning out in 2024,politics
https://www.nbcnews.com/news/us-news/ryan-routh-pleads-not-guilty-charges-sought-assassinate-trump-golf-cou-rcna173254,Ryan Routh pleads not guilty to charges he sought to assassinate Trump at golf course,news
https://www.nbcnews.com/politics/congress/benjamin-netanyahu-address-congress-speaker-mike-johnson-says-rcna153847,"Netanyahu to address Congress, House Speaker Mike Johnson says",politics
https://www.nbcnews.com/investigations/ex-trump-officials-asked-biden-doj-protection-iran-threats-no-answer-rcna162301,Ex-Trump officials say they asked the Biden DOJ for help against Iranian threats but got no answer,investigations
https://www.nbcnews.com/news/world/live-blog/israel-hamas-war-live-updates-rcna126500,24 hostages and 39 Palestinians released in Israel-Hamas truce,news
https://www.nbcnews.com/news/us-news/victims-atlanta-area-spa-shootings-include-recently-married-mother-army-n1261430,"Victims in Atlanta-area spa shootings include recently married mother, Army veteran",news
https://www.nbcnews.com/politics/national-security/us-air-force-general-predicts-war-china-2025-memo-rcna67967,"U.S. general predicts war with China in 2025, tells officers to get ready",politics
https://www.nbcnews.com/news/world/bts-star-jin-begins-military-service-south-korea-rcna61406,BTS star Jin begins military service at front-line boot camp,news
https://www.nbcnews.com/news/will-protesters-police-problem-democratic-national-convention-rcna166535,"Will protesters, or police, be the problem at the Democratic National Convention?",news
https://www.nbcnews.com/select/shopping/best-accessories-travel-awards-2024-rcna158329,We tested over 50  travel accessories for our first ever Travel Awards — these are our favorites,select
https://www.nbcnews.com/politics/2024-election/harris-interview-walz-cnn-takeaways-2024-election-policies-rcna168706,Five takeaways from Harris' first major interview as the Democratic nominee,politics
https://www.nbcnews.com/politics/2024-election/harris-may-locked-first-electoral-vote-nebraska-omaha-rcna172841,Harris may have locked down her first electoral vote this week,politics
https://www.nbcnews.com/select/shopping/how-find-best-soft-mattress-ncna1287409,How to find the best soft mattress for great sleep in 2022,select
https://www.nbcnews.com/politics/2024-election/trump-democrats-enemies-within-rcna175628,'So evil' and 'dangerous': Trump doubles down on calling Democrats 'enemies from within',politics
https://www.nbcnews.com/select/shopping/best-tranexamic-acid-serum-rcna146988,Fade dark spots and brighten your complexion with this lesser-known skin care ingredient that’s safe for all skin types,select
https://www.nbcnews.com/politics/2024-election/harris-campaign-adds-top-adviser-lead-outreach-muslim-arab-voters-rcna166318,Harris' campaign adds top adviser to lead outreach to Muslim and Arab voters,politics
https://www.nbcnews.com/politics/2024-election/harris-agenda-2024-election-policy-plans-rcna166938,Harris is rolling out her agenda. She'll need a Democratic Congress to pass it.,politics
https://www.nbcnews.com/politics/donald-trump/trump-trials-court-cases-2024-what-expect-rcna130465,Trump on trial: What to expect in 2024 from the former president's legal cases,politics
https://www.nbcnews.com/media/live-blog/-fox-news-dominion-trial-live-updates-rcna79492,Fox News and Dominion reach settlement on first day of trial,media
https://www.nbcnews.com/news/us-news/drag-queen-story-hour-disrupted-men-shouting-slurs-authorities-say-rcna33184,"Drag Queen Story Hour disrupted by men shouting slurs, authorities say",news
https://www.nbcnews.com/news/latino/disfiguring-acid-attack-saxophone-mexican-female-musicians-sword-rcna71589,"After disfiguring acid attack, saxophone is Mexican female musician's 'sword'",news
https://www.nbcnews.com/politics/national-security/top-israeli-official-ron-dermer-yelling-meeting-us-officials-gaza-rcna146293,Top Israeli official Ron Dermer began yelling during a meeting with U.S. officials on Gaza,politics
https://www.nbcnews.com/select/shopping/kitchen-cooking-gifts-mom-ncna1294776,Upgrade mom's kitchen with new cookware and bakeware this year,select
https://www.nbcnews.com/politics/politics-news/secretary-state-blinken-says-spoke-paul-whelan-week-rcna138703,"Secretary of State Blinken says he spoke this week with Paul Whelan, former Marine imprisoned in Russia",politics
https://www.nbcnews.com/politics/2024-election/afghan-national-living-us-charged-allegedly-plotting-election-day-terr-rcna174606,Afghan national living in the U.S. charged with plotting an Election Day terrorist attack,politics
https://www.nbcnews.com/politics/2024-election/kamala-harris-toughest-battleground-pennsylvania-trump-rcna168288,Harris faces her 'toughest' battleground fight against Trump in Pennsylvania,politics
https://www.nbcnews.com/tech/security/us-confirms-trump-campaign-claim-was-breached-iranian-hackers-rcna167285,U.S. confirms Trump campaign claim it was breached by Iranian hackers,tech
https://www.nbcnews.com/health/health-care/it-s-hard-flee-your-domestic-abuser-during-coronavirus-lockdown-n1205641,It's hard to flee from your abuser during a coronavirus lockdown,health
https://www.nbcnews.com/politics/congress/rep-jasmine-crockett-humanizes-harris-introduces-nation-rcna167420,Rep. Jasmine Crockett humanizes Harris — and introduces herself to the nation ,politics
https://www.nbcnews.com/politics/2024-election/live-blog/trump-harris-election-live-updates-rcna175179/rcrd60340?canonicalCard=true,Trump says he asked Sen. Katie Britt of Alabama to explain IVF to him,politics
https://www.nbcnews.com/news/world/israel-hamas-war-hostages-family-missing-boy-birthday-rcna121284,Israeli family fears child may spend his 9th birthday as a hostage of Hamas,news
https://www.nbcnews.com/news/world/saudi-dissidents-betrayed-biden-trip-defends-planned-visit-rcna37717,Saudi dissidents 'betrayed' by Biden trip as he defends his planned visit,news
https://www.nbcnews.com/select/shopping/best-scalp-treatments-for-healthy-hair-rcna122565,A healthy scalp equals healthy hair. These products will help.,select
https://www.nbcnews.com/politics/2024-election/vivek-ramaswamy-calls-rep-ayanna-pressley-author-ibram-kendi-part-mode-rcna101873,"Vivek Ramaswamy calls Rep. Ayanna Pressley, author Ibram Kendi part of 'modern KKK'",politics
https://www.nbcnews.com/politics/2024-election/poll-half-gen-z-voters-support-kamala-harris-one-third-back-donald-tru-rcna169025,"Poll: Half of Gen Z voters support Harris, one-third back Trump",politics
https://www.nbcnews.com/politics/2024-election/harris-proposes-raising-corporate-tax-rate-28-rolling-back-trump-law-rcna167208,"Harris proposes raising the corporate tax rate to 28%, rolling back a Trump law",politics
https://www.nbcnews.com/politics/justice-department/feds-say-long-haul-jan-6-investigation-rcna61728,The feds say they're in for the long haul on Jan. 6. Online sleuths want them to pick up the pace.,politics
https://www.nbcnews.com/news/world/dozens-palestinians-wounded-confrontations-police-sacred-site-israel-n1266739,Dozens of Palestinians wounded in confrontations with Israeli police,news
https://www.nbcnews.com/politics/donald-trump/live-blog/capitol-riot-january-6-committee-hearing-n1275078,Live updates: Police officers give firsthand account of Capitol riot,politics
https://www.nbcnews.com/news/world/idf-rescues-four-hostages-gaza-rcna156160,"Israeli military rescues 4 hostages; more than 200 Palestinians killed, Gaza health officials say",news
https://www.nbcnews.com/news/world/andrew-tate-influencer-home-raided-romania-rape-human-trafficking-rcna167502,Police raid Andrew Tate’s home in Romania as new allegations emerge involving minors,news
https://www.nbcnews.com/politics/donald-trump/prosecutors-trump-sentencing-delay-hush-money-election-rcna166813,Prosecutors defer to judge on Trump sentencing delay in hush money case,politics
https://www.nbcnews.com/news/world/israeli-elections-trump-no-longer-centerpiece-netanyahu-s-bid-power-n1261605,Trump no longer centerpiece as Netanyahu again bids for power in Israel,news
https://www.nbcnews.com/news/world/bangladesh-suspends-internet-28-killed-deadly-protests-government-jobs-rcna162665,Bangladesh security forces fire bullets and sound grenades as protests over government jobs escalate ,news
https://www.nbcnews.com/weather/hurricanes/live-blog/hurricane-milton-live-updates-rcna174624/rcrd59353?canonicalCard=true,Florida Highway Patrol rescues dog abandoned by owner ,weather
https://www.nbcnews.com/news/world/us-china-climate-change-kerry-rcna94800,"As the world sizzles, U.S. and China try to restart vital climate talks",news
https://www.nbcnews.com/select/shopping/best-dry-dog-food-ncna1303841,Not all dry dog foods are good for all dogs — here's how to choose,select
https://www.nbcnews.com/news/world/lebanese-fear-return-2006-war-israel-worse-situation-gaza-rcna172583,"Lebanese fear a return to the 2006 war with Israel, or worse — a situation like Gaza",news
https://www.nbcnews.com/politics/2024-election/-are-underdogs-harris-introduces-running-mate-walz-coach-veteran-prote-rcna165350,"'We are the underdogs': Harris introduces running mate Walz as a coach, veteran and protector of reproductive rights",politics
https://www.nbcnews.com/select/shopping/best-eco-friendly-shoes-sustainable-ncna1190646,"How to shop for eco-friendly shoes, according to experts",select
https://www.nbcnews.com/news/world/israeli-woman-kidnapped-by-hamas-fighting-for-hostages-rcna172509,Israeli woman freed from Hamas captivity recalls brutal conditions inside tunnels,news
https://www.nbcnews.com/politics/congress/live-blog/january-6-hearings-day-three-live-updates-rcna32981/rcrd2840?canonicalCard=true,"Luttig concludes testimony with a stark warning for 2024, saying Trump remains 'a danger'",politics
https://www.nbcnews.com/science/environment/day-thousand-year-rainstorm-southern-appalachia-faces-hurricane-helene-rcna172895,"A day after a once-in-a-thousand-year rainstorm, southern Appalachia faces Hurricane Helene",science
https://www.nbcnews.com/politics/joe-biden/biden-cancels-trip-africa-ahead-hurricane-milton-hitting-florida-rcna174470,Biden postpones trip to Germany and Angola ahead of Hurricane Milton's hitting Florida,politics
https://www.nbcnews.com/politics/elon-musk-leaps-action-trump-surrogate-unclear-land-politics-desk-rcna174589,Elon Musk leaps into action as a Trump surrogate — but it's unclear how he'll land: From the Politics Desk,politics
https://www.nbcnews.com/politics/2024-election/matt-gaetz-florida-primary-house-aaron-dimmock-rcna167141,Rep. Matt Gaetz defeats Kevin McCarthy-backed GOP primary challenger,politics
https://www.nbcnews.com/science/science-news/maui-wildfires-grass-overgrown-nonnative-flammable-hawaii-rcna99963,"Left unchecked, Maui’s nonnative grasses turned into wildfire fuel",science
https://www.nbcnews.com/politics/2024-election/trumps-2024-plan-win-iowa-double-digits-wrap-nomination-march-rcna130464,"Trump's 2024 plan: Win Iowa by double digits, wrap up the nomination by March",politics
https://www.nbcnews.com/select/shopping/best-cordless-vacuum-cleaner-ncna1280900,The best cordless vacuums we’ve ever tried that makes cleanup a breeze,select
https://www.nbcnews.com/tech/internet/internet-blackout-hits-gaza-israel-ramps-strikes-rcna122531,Near-total internet and cellular blackout hits Gaza as Israel ramps up strikes,tech
https://www.nbcnews.com/politics/justice-department/federal-judge-imposes-longest-sentence-yet-jan-6-defendant-rcna82982,Federal judge imposes longest sentence yet for Jan. 6 defendant,politics
https://www.nbcnews.com/politics/2024-election/gop-senate-candidates-soften-abortion-stances-2024-roe-losing-streak-rcna125185,GOP Senate candidates soften their abortion stances amid a post-Roe losing streak,politics
https://www.nbcnews.com/news/asian-america/how-sex-addiction-has-historically-been-used-absolve-white-men-n1261623,How 'sex addiction' has historically been used to absolve white men,news
https://www.nbcnews.com/news/world/north-korea-fires-two-missiles-us-submarine-arrives-south-rcna96101,North Korea fires two missiles after U.S. submarine arrives in South,news
https://www.nbcnews.com/politics/politics-news/state-department-failed-plan-respond-fast-enough-afghanistan-collapse-rcna92153,"State Department failed to plan or respond fast enough in Afghanistan collapse, new U.S. report finds",politics
https://www.nbcnews.com/pop-culture/tv/emmys-2024-complete-winners-list-rcna171224,"'Shōgun,' 'Baby Reindeer,' and 'Hacks': Here's a full list of the prime-time Emmy winners",pop-culture
https://www.nbcnews.com/news/world/israel-hamas-truce-greeted-relief-skepticism-celebration-gaza-n1268109,"Truce greeted with relief, skepticism in Israel — and joy in Gaza",news
https://www.nbcnews.com/select/shopping/best-programmable-coffee-makers-ncna1289263,Schedule brews in advance with these programmable coffee makers,select
https://www.nbcnews.com/news/us-news/indiana-police-make-announcement-unsolved-2017-delphi-murders-2-teenag-rcna54767,"Indiana man, 50, arrested on murder charges in 2017 killings of 2 teenage girls",news
https://www.nbcnews.com/politics/politics-news/elaine-chao-issues-rare-rebuke-trump-racist-attacks-rcna67605,Elaine Chao issues rare rebuke of Trump over his racist attacks on her,politics
https://www.nbcnews.com/news/world/israeli-steps-gaza-bombardment-palestinians-flee-fears-ground-invasion-grow-n1267334,Israel steps up Gaza bombardment as fears of ground invasion grow,news
https://www.nbcnews.com/politics/justice-department/trump-official-jeffrey-clark-likely-violated-ethics-rules-2020-electio-rcna146290,"Trump official Jeffrey Clark likely violated ethics rules with 2020 election theories, D.C. Bar panel finds",politics
https://www.nbcnews.com/politics/2022-election/catherine-cortez-masto-clinched-nevada-seat-senate-rcna56964,How Catherine Cortez Masto clinched the Nevada seat — and the Senate,politics
https://www.nbcnews.com/news/world/israeli-strikes-gaza-may-be-war-crimes-u-n-rights-n1268720,U.N. rights chief says Israeli strikes in Gaza may be war crimes,news
https://www.nbcnews.com/politics/2024-election/live-blog/trump-harris-presidential-election-live-updates-rcna172156,Election 2024: Trump campaigns in Georgia; Harris weighs trip to southern border,politics
https://www.nbcnews.com/politics/2024-election/ron-desantis-running-iowa-playbook-hoping-s-still-counts-rcna127175,Ron DeSantis is running the Iowa playbook — and hoping that’s what still counts,politics
https://www.nbcnews.com/politics/2024-election/local-election-officials-georgia-must-certify-results-judge-rules-rcna175467,"Local election officials in Georgia must certify results, state judge rules",politics
https://www.nbcnews.com/select/shopping/different-types-of-chocolate-rcna139598,Is white chocolate really chocolate? Experts settle the debate.,select
https://www.nbcnews.com/news/world/israel-arab-states-set-sign-trump-brokered-deals-white-house-n1240105,"Israel, Bahrain, UAE sign Trump-brokered deals at White House",news
https://www.nbcnews.com/news/asian-america/korean-adoptees-adoption-fraud-rcna172247,"Adoption fraud was widespread for many South Koreans adopted into Western countries, AP finds",news
https://www.nbcnews.com/news/world/jacinda-ardern-says-will-resign-new-zealand-prime-minister-rcna66437,"New Zealand's Jacinda Ardern quits as leader, citing burnout",news
https://www.nbcnews.com/politics/justice-department/jan-6-rioter-holding-stop-steal-sign-swung-officers-trump-flag-fbi-say-rcna142335,"Jan. 6 rioter holding 'stop the steal' sign swung at officers with a Trump flag, FBI says",politics
https://www.nbcnews.com/news/world/live-blog/iran-attack-live-updates-rcna148136,Iran attack: Tehran warns of 'severe' retaliation to any new Israeli attack,news
https://www.nbcnews.com/news/gaza-strip-controls-s-know-rcna119405,Gaza Strip explained: Who controls it and what to know,news
https://www.nbcnews.com/politics/2024-election/obama-endorses-harris-president-whirlwind-week-party-support-rcna163613,Obama endorses Harris for president in a whirlwind week of party support,politics
https://www.nbcnews.com/select/shopping/valentines-day-gifts-him-ncna1288411,You’re not imagining it — men can be hard to shop for. Here are 29+ Valentine’s Day gifts he’ll actually use and love,select
https://www.nbcnews.com/news/asian-america/chinese-korea-global-adoption-adoptees-grateful-rcna175785,"Amid global adoption reckoning, adoptees say they're fighting a long-standing narrative they should be ‘grateful’ ",news
https://www.nbcnews.com/politics/donald-trump/trump-meeting-republicans-first-visit-capitol-hill-jan-6-rcna156779,Republicans host 'pep rally' with Trump in his first visit to Capitol Hill since Jan. 6 attack,politics
https://www.nbcnews.com/select/shopping/best-cooling-mattresses-sheets-pillows-ncna1231895,Get sweaty while you sleep? A cooling mattress can help.,select
https://www.nbcnews.com/politics/2024-election/live-blog/dnc-2024-live-updates-rcna165226/rcrd52510?canonicalCard=true,James Taylor to close out first night of DNC,politics
https://www.nbcnews.com/news/us-news/stun-guns-stinger-whips-crossbow-what-police-found-capitol-protesters-n1254127,"Stun guns, 'stinger whips' and a crossbow: What police found on the Capitol protesters",news
https://www.nbcnews.com/politics/donald-trump/president-trump-wrong-mike-pence-rejects-claim-overturned-election-rcna14952,'President Trump is wrong': Pence rejects claim he could have 'overturned the election' ,politics
https://www.nbcnews.com/news/world/famine-gaza-hunger-israel-hamas-war-rcna141891,"As malnutrition deaths are reported and hunger grows, will 'famine' be declared in Gaza?",news
https://www.nbcnews.com/select/shopping/best-hyaluronic-acid-serums-creams-ncna1290282,"Why hyaluronic acid is the skin care staple you need, no matter your skin type",select
https://www.nbcnews.com/politics/supreme-court/supreme-court-weigh-state-restrictions-gender-affirming-care-youths-rcna142825,Supreme Court to weigh state restrictions on gender-affirming care for youths,politics
https://www.nbcnews.com/nbc-out/out-politics-and-policy/groomer-pedophile-old-tropes-find-new-life-anti-lgbtq-movement-rcna23931,"'Groomer,' 'pro-pedophile': Old tropes find new life in anti-LGBTQ movement",nbc-out
https://www.nbcnews.com/politics/congress/holding-photos-deceased-children-parents-lobby-congress-pass-online-sa-rcna136835,"Holding photos of their deceased children, parents lobby Congress to pass online safety legislation",politics
https://www.nbcnews.com/news/world/israeli-cabinet-members-join-thousands-marching-west-bank-sign-right-w-rcna79146,Israeli Cabinet members join thousands marching to West Bank in a sign the right-wing government hopes to accelerate settlements,news
https://www.nbcnews.com/select/shopping/best-pots-indoor-plants-ncna1276079,"Indoor planters from The Sill, Bloomscape and more",select
https://www.nbcnews.com/science/environment/phoenix-100-days-100-degree-temperatures-rcna169438,Phoenix weathers 100 days of 100-plus degree temperatures,science
https://www.nbcnews.com/select/shopping/best-travel-accessories-amazon-ncna1303874,39+ travel essentials on Amazon guaranteed to make your trip less stressful,select
https://www.nbcnews.com/science/science-news/climate-change-throwing-water-cycle-chaos-us-rcna137892,Climate change is throwing the water cycle into chaos across the U.S. ,science
https://www.nbcnews.com/select/shopping/giftable-tech-awards-2023-bestsellers-rcna129150,We tried over 100 giftable tech products — these are the most popular ones,select
https://www.nbcnews.com/news/world/israel-netanyahu-biden-criticism-judicial-overhaul-plan-tensions-rcna77122,Israeli leaders lash out at Biden's criticism of judicial overhaul plan,news
https://www.nbcnews.com/politics/2024-election/not-accurate-republican-mayor-aurora-pushing-back-trumps-migrant-depic-rcna172743,'Not accurate': The Republican mayor in Aurora is pushing back at Trump's migrant depictions,politics
https://www.nbcnews.com/politics/supreme-court/biden-attacks-supreme-court-immunity-ruling-emboldening-lawless-presid-rcna159883,'I dissent': Biden attacks Supreme Court immunity ruling as emboldening a lawless president,politics
https://www.nbcnews.com/politics/donald-trump/ryan-routh-arrested-trumps-florida-golf-course-charged-attempted-assas-rcna172571,"Ryan Routh, arrested near Trump's Florida golf course, is charged with attempted assassination",politics
https://www.nbcnews.com/news/world/bangladesh-tribunal-issues-arrest-warrant-former-leader-sheikh-hasina-rcna176060,Bangladesh tribunal issues arrest warrant for former leader Sheikh Hasina,news
https://www.nbcnews.com/news/world/hamas-hostages-netanyahu-israel-captives-gaza-assault-forgotten-rcna140015,"Netanyahu has 'forgotten' Hamas' captives, former hostage says",news
https://www.nbcnews.com/news/barack-obama-dnc-speech-jennifer-lopez-divorce-morning-rundown-rcna167496,Barack Obama's fiery DNC speech and highest rate of job seekers in a decade: Morning Rundown,news
https://www.nbcnews.com/politics/donald-trump/judge-narrows-election-interference-case-trump-georgia-rcna170898,Judge narrows election interference case against Trump in Georgia,politics
https://www.nbcnews.com/news/latino/new-probe-confirms-trump-officials-blocked-puerto-rico-receiving-hurri-rcna749,New probe confirms Trump officials blocked Puerto Rico from receiving hurricane aid,news
https://www.nbcnews.com/news/us-news/fbi-raids-winnie-greco-eric-adams-rcna141457,FBI raids 2 homes owned by NYC Mayor Eric Adams' Asian Affairs director,news
https://www.nbcnews.com/select/shopping/october-bestsellers-cerave-oribe-ouai-ncna1300437,"October bestsellers: Loofahs, spoons and more",select
https://www.nbcnews.com/tech/internet/tiktok-s-young-americans-sympathize-palestinians-rcna124476,Is it TikTok? Here’s why some young Americans sympathize with Palestinians,tech
https://www.nbcnews.com/news/latino/latino-10-hispanic-heritage-month-recognition-rcna170278,The Latino 10: A standout year,news
https://www.nbcnews.com/health/womens-health/tim-walz-abortion-rights-ivf-strong-supporter-rcna165390,"With Harris and Walz, Democrats put abortion rights at the top of the agenda",health
https://www.nbcnews.com/politics/2024-election/teamsters-union-declines-endorse-presidential-election-breaking-decade-rcna171711,"Teamsters union declines to endorse in presidential election, breaking decades of precedent",politics
https://www.nbcnews.com/news/us-news/surveillance-video-trump-golf-course-seized-apparent-assassination-att-rcna171815,Security video near Trump golf course seized after apparent assassination attempt  ,news
https://www.nbcnews.com/news/world/israel-lebanon-hezbollah-evacuation-strikes-rcna172180,"Lebanon says nearly 500 people were killed and 1,650 injured in Israel bombing",news
https://www.nbcnews.com/politics/justice-department/giuliani-powell-appear-alleged-trump-co-conspirators-rcna97641,Rudy Giuliani and Sidney Powell appear to be among alleged Trump co-conspirators,politics
https://www.nbcnews.com/news/world/no-sign-israel-gaza-violence-abating-amid-calls-end-bloodshed-n1267548,Israel pounds Gaza with heavy strikes as conflict enters second week,news
https://www.nbcnews.com/news/us-news/mark-cuban-leaving-shark-tank-abc-rcna126969,Mark Cuban says he plans to leave ABC's 'Shark Tank' after season 16,news
https://www.nbcnews.com/politics/congress/senate-republicans-block-democratic-bill-protect-ivf-nationwide-rcna156416,Senate Republicans block Democratic bill to protect IVF nationwide,politics
https://www.nbcnews.com/news/world/bangladesh-prime-minister-reportedly-ousted-student-led-protests-rcna165110,Bangladesh prime minister is ousted after weeks of deadly protests,news
https://www.nbcnews.com/politics/2024-election/ron-desantis-presidential-campaign-twitter-problems-rcna86123,Ron DeSantis' presidential campaign launch melts down in Twitter glitches,politics
https://www.nbcnews.com/politics/2024-election/trumps-2020-fake-electors-charged-state-crimes-arizona-rcna149214,"Mark Meadows, Rudy Giuliani and Arizona 'fake electors' charged with state crimes",politics
https://www.nbcnews.com/news/world/israel-hamas-war-hostage-deal-netanyahu-polls-families-rcna154841,"Netanyahu won’t agree to hostage deal unless it polls well for him, Israeli families say they were told",news
https://www.nbcnews.com/politics/2024-election/generational-divide-black-voters-biden-trump-politics-desk-rcna151089,A generational divide splits Black voters ahead of Biden-Trump rematch,politics
https://www.nbcnews.com/politics/2024-election/100-million-door-knocking-effort-boost-ron-desantis-rcna89517,Inside the $100 million door-knocking effort to boost Ron DeSantis,politics
https://www.nbcnews.com/select/shopping/best-diffusers-for-curly-hair-rcna142081,What experts want you to know about hair diffusers,select
https://www.nbcnews.com/science/environment/helene-rainfall-boosted-human-driven-climate-change-studies-find-rcna173608,"Helene rainfall boosted by human-driven climate change, studies find",science
https://www.nbcnews.com/politics/white-house/blinken-says-no-direct-evidence-iran-was-involved-hamas-attack-israel-rcna120110,Blinken says no 'direct evidence' that Iran was involved in the Hamas attack on Israel,politics
https://www.nbcnews.com/tech/tech-news/tiktok-says-disrupted-15-influence-operations-year-one-china-rcna153831,TikTok says it disrupted 15 influence operations this year — including one from China,tech
https://www.nbcnews.com/news/world/gazans-back-two-state-solution-rcna144183,"Gazans increasingly back a two-state solution, as support for Hamas drops ",news
https://www.nbcnews.com/pop-culture/pop-culture-news/emmy-nominations-2024-live-updates-rcna162133,Emmy nominations 2024: Complete list,pop-culture
https://www.nbcnews.com/select/shopping/best-gifts-under-25-ncna1299948,"41 surprisingly great gifts, all for $25 or less",select
https://www.nbcnews.com/news/world/us-allies-propose-21-day-cease-fire-israel-hezbollah-rcna172786,U.S. and allies propose 21-day cease-fire between Israel and Hezbollah,news
https://www.nbcnews.com/politics/donald-trump/trump-announce-president-2024-rcna36987,"Trump, whose lies about the 2020 election inspired an insurrection, announces third White House bid",politics
https://www.nbcnews.com/news/world/iran-election-votes-president-raisi-rcna159399,Iranians vote to replace late President Raisi,news
https://www.nbcnews.com/news/us-news/ryan-routh-custody-trump-golf-club-incident-rcna171225,Man in custody after Trump golf club incident was once convicted of possessing a machine gun,news
https://www.nbcnews.com/news/world/netanyahu-comeback-israel-election-far-right-jewish-power-rcna54788,"Netanyahu may be on course for a dramatic comeback, Israeli exit polls suggest",news
https://www.nbcnews.com/news/world/israel-icj-order-halt-rafah-offensive-what-next-rcna154102,Isolated Israel argues U.N. court ruling leaves door open to Rafah offensive,news
https://www.nbcnews.com/select/shopping/best-amazon-sleep-products-ncna1305247,11 Amazon sleep products to help you fall asleep and wake up energized,select
https://www.nbcnews.com/select/shopping/what-we-bought-black-friday-cyber-monday-rcna126998,"Our editors spent over $2,300 on Black Friday and Cyber Monday — here’s what we bought",select
https://www.nbcnews.com/nbc-out/out-news/imane-khelif-boxing-win-olympics-gender-eligibility-rcna164662,Boxer previously barred from women’s events wins fight after opponent quits in 46 seconds,nbc-out
https://www.nbcnews.com/news/world/bts-k-pop-stars-military-service-south-korea-rcna52497,BTS stars to serve military duty in South Korea,news
https://www.nbcnews.com/politics/2024-election/skeptical-voters-wrestle-know-kamala-harris-seen-donald-trump-rcna168784,Skeptical voters wrestle with what they know about Harris versus what they've seen from Trump,politics
https://www.nbcnews.com/politics/donald-trump/peter-navarro-gets-heros-welcome-convention-hours-leaving-prison-rcna162440,Peter Navarro gets hero's welcome at convention hours after leaving prison,politics
https://www.nbcnews.com/news/world/israel-palestinians-jewish-settlers-storrm-town-pepper-spray-soldiers-rcna53240,Jewish settlers storm town and pepper spray Israeli soldiers in West Bank,news
https://www.nbcnews.com/news/world/gaza-strip-experiencing-internet-outages-electricity-cuts-bombings-rcna119564,Gaza Strip experiencing internet outages and electricity cuts after bombings,news
https://www.nbcnews.com/news/world/least-25-killed-50-wounded-israeli-strikes-tent-camps-rafah-gaza-healt-rcna158391,"At least 25 killed, 50 wounded in Israeli strikes on tent camps near Rafah, Gaza health officials say",news
https://www.nbcnews.com/politics/2024-election/melania-trump-says-donald-trump-knew-abortion-beliefs-rcna174176,Melania Trump says Donald Trump 'knew my position and my beliefs' on abortion 'since the day we met',politics
https://www.nbcnews.com/news/world/israeli-leaders-discussed-arafat-style-ship-exit-hamas-leader-rcna137295,Israeli leaders have discussed an Arafat-style exit for Hamas leader Yahya Sinwar ,news
https://www.nbcnews.com/news/world/israel-hamas-reach-cease-fire-halt-gaza-conflict-n1268004,"Gaza truce takes hold after Israel, Hamas reach cease-fire to halt conflict",news
https://www.nbcnews.com/politics/elections/republicans-are-spending-millions-turnout-operations-are-deeply-flawed-rcna74920,"Republicans are spending millions on turnout operations that are deeply flawed, insiders say",politics
https://www.nbcnews.com/news/us-news/their-inaction-cost-lives-u-s-capitol-police-union-rebukes-n1255882,'Their inaction cost lives': U.S. Capitol Police union rebukes leadership,news
https://www.nbcnews.com/select/shopping/sustainable-eco-friendly-gift-ideas-ncna1284134,24 eco-friendly gift ideas for everyone on your list,select
https://www.nbcnews.com/politics/2024-election/pennsylvania-gov-josh-shapiro-details-call-elon-musk-politics-rcna174735,"Pennsylvania Gov. Josh Shapiro shares details of his Elon Musk call, says they didn't discuss politics",politics
https://www.nbcnews.com/politics/2024-election/harris-accepts-invitation-second-debate-october-rcna172104,Harris accepts invitation for second potential debate in October,politics
https://www.nbcnews.com/politics/2024-election/harris-eyes-wisconsin-blue-wall-rcna171791,"In effort to shore up blue wall, Harris eyes Wisconsin",politics
https://www.nbcnews.com/tech/security/russian-disinformation-peddlers-are-targeting-harris-walz-campaign-fak-rcna171476,"Russian disinformation peddlers are targeting Harris-Walz campaign with fake videos, Microsoft says",tech
https://www.nbcnews.com/select/shopping/best-tech-devices-focus-ncna1164246,A longtime remote worker's tips on staying focused during remote work,select
https://www.nbcnews.com/politics/2024-election/democratic-playbook-football-tim-walz-rcna168284,This year's Democratic playbook features a lot of football,politics
https://www.nbcnews.com/select/shopping/best-ice-cube-trays-amazon-ncna1306717,Cool Amazon ice cube trays that will add fun to your freezer,select
https://www.nbcnews.com/politics/justice-department/jan-6-rioter-heart-trump-hat-confederate-flag-gets-prison-assaults-off-rcna148840,Jan. 6 rioter with 'I heart TRUMP' hat and a Confederate flag gets prison for assaults on officers,politics
https://www.nbcnews.com/politics/2024-election/live-blog/super-tuesday-live-updates-rcna140438#rcrd36247,"Super Tuesday highlights: Trump, Biden bring in major primary wins as Haley faces a tough delegate outlook",politics
https://www.nbcnews.com/select/shopping/best-under-desk-ellipticals-ncna1247910,You already know sitting all day is bad for you. An under-desk elliptical can help,select
https://www.nbcnews.com/news/world/us-new-palestinian-government-political-reform-rcna145717,U.S. welcomes a new Palestinian government after making repeated calls for political reform,news
https://www.nbcnews.com/meet-the-press/data-download/super-bowl-nfl-defy-partisan-trends-us-rcna70272,"Super Bowl, NFL defy partisan trends in U.S.",meet-the-press
https://www.nbcnews.com/news/world/israel-hamas-war-friendly-fire-incidents-gaza-soldiers-killed-rcna135089,Deaths of Israeli soldiers in explosion highlight friendly fire accidents in Gaza,news
https://www.nbcnews.com/politics/2024-election/live-blog/nevada-caucus-live-updates-rcna137685#rcrd33541,Trump wins the Nevada GOP caucuses: Highlights,politics
https://www.nbcnews.com/news/us-news/iowa-meteorologist-quitting-tv-cites-ptsd-death-threat-climate-change-rcna90791,"Iowa meteorologist quitting TV, cites PTSD from death threat over climate change coverage",news
https://www.nbcnews.com/news/world/live-blog/israel-hamas-war-live-updates-gazas-health-system-collapsing-battles-i-rcna128980,Gaza's health system is 'collapsing' as battles intensify in the south,news
https://www.nbcnews.com/politics/2024-election/doug-emhoff-kamala-harris-democratic-convention-speech-rcna167431,Kamala Harris' husband reveals the personal side of 'Momala',politics
https://www.nbcnews.com/politics/white-house/biden-speak-netanyahu-escalating-tensions-us-israel-relationship-rcna143858,"Biden speaks with Netanyahu amid escalating tensions in U.S.-Israel, warns against Rafah invasion",politics
https://www.nbcnews.com/politics/congress/pelosi-said-new-jan-6-video-wanted-punch-trump-rcna52247,Pelosi said in new Jan. 6 video she wanted to 'punch' Trump out,politics
https://www.nbcnews.com/politics/donald-trump/trump-guilty-biden-november-election-rcna154786,"Guilty but unashamed, Trump says he will see Biden in November",politics
https://www.nbcnews.com/politics/donald-trump/full-list-trump-s-last-minute-pardons-commuted-sentences-n1254806,Full list of Trump's last-minute pardons and commuted sentences,politics
https://www.nbcnews.com/news/latino/quake-stunned-puerto-rico-hit-another-6-0-magnitude-temblor-n1114021,Quake-stunned Puerto Rico hit by another 5.9-magnitude shock,news
https://www.nbcnews.com/news/world/south-korean-president-pledges-focus-economy-election-shock-rcna151411,South Korean president pledges to focus on economy after election shock,news
https://www.nbcnews.com/politics/elections/trump-johnson-noncitizen-voting-illegal-rare-rcna147567,Trump and Mike Johnson zero in on noncitizen voting. It’s already illegal and very rare. ,politics
https://www.nbcnews.com/politics/2024-election/live-blog/south-carolina-republican-primary-live-updates-rcna139423#rcrd35032,Trump defeats Nikki Haley in the South Carolina Republican primary: Recap,politics
https://www.nbcnews.com/politics/joe-biden/dnc-biden-speech-harris-2024-election-rcna165258,Biden delivers an ode to Harris in Democratic convention swan song,politics
https://www.nbcnews.com/news/us-news/indiana-man-accused-killing-teen-girls-allegedly-confessed-phone-call-rcna91999,"Indiana man accused of killing teen girls allegedly confessed in phone call to wife, court documents say",news
https://www.nbcnews.com/news/weather/live-blog/hurricane-helene-live-updates-rcna173973,Hurricane Helene: Over 220 dead as some communities struggle to get basic supplies,news
https://www.nbcnews.com/politics/2024-election/trump-says-wont-participate-presidential-debates-harris-rcna170905,Trump says he won’t debate Harris again ,politics
https://www.nbcnews.com/politics/elections/election-results-point-major-gop-liability-abortion-heading-2024-rcna123103,Election results point to major GOP liability on abortion heading into 2024,politics
https://www.nbcnews.com/pop-culture/awards/emmys-2024-how-watch-what-expect-awards-rcna170600,'Shogun' and 'The Bear' are set to conquer the Emmy Awards,pop-culture
https://www.nbcnews.com/news/world/israel-hamas-war-palestinians-gaza-rafah-nakba-anniversary-rcna152314,Palestinians forced to flee Rafah as Gazans mark bitter Nakba anniversary,news
https://www.nbcnews.com/news/world/israel-united-arab-emirates-agree-full-normalization-relations-n1236606,"Israel, United Arab Emirates agree to full normalization of relations",news
https://www.nbcnews.com/select/shopping/best-point-and-shoot-cameras-rcna130454,I test cameras year-round: These are the best point-and-shoots for capturing any moment,select
https://www.nbcnews.com/news/us-news/man-charged-apparent-trump-plot-wrote-assassination-attempt-court-rcna172199,"Man charged in apparent Trump plot wrote 'This was an assassination attempt,' court filing shows",news
https://www.nbcnews.com/politics/justice-department/trump-indefinitely-delayed-jan-6-criminal-trial-hundreds-supporters-ha-rcna142349,Trump has indefinitely delayed his Jan. 6 criminal trial. Hundreds of his supporters haven't been so lucky.,politics
https://www.nbcnews.com/news/world/idf-hits-beirut-retaliation-golan-majdal-shams-lebanon-rcna164322,Israel says it killed Hezbollah leader in Beirut strike after attack on Golan Heights ,news
https://www.nbcnews.com/politics/donald-trump/tight-circle-aides-trying-keep-trump-trouble-rcna78335,How a tight circle of aides is trying to keep Trump out of (more) trouble,politics
https://www.nbcnews.com/news/world/ramadan-gaza-palestinians-israel-war-famine-rcna142785,"Ramadan in Gaza: Palestinians fast amid war, devastation and looming famine",news
https://www.nbcnews.com/politics/politics-news/kristi-noem-faces-lawsuit-promoting-texas-dentist-social-media-rcna143325,Kristi Noem faces lawsuit after promoting Texas dentist on social media,politics
https://www.nbcnews.com/think/opinion/israel-s-annexing-west-bank-isn-t-disaster-peace-everyone-ncna1232615,"Opinion | No, Israeli annexation of the West Bank does not doom the peace process",think
https://www.nbcnews.com/politics/2024-election/vivek-ramaswamy-wounded-trumps-movement-needs-new-leader-rcna131921,Vivek Ramaswamy argues Trump is ‘wounded’ and his movement needs a new leader,politics
https://www.nbcnews.com/select/shopping/best-bags-travel-awards-2024-rcna158286,"We took over 30 duffels, backpacks and weekenders on planes, trains and more for our Travel Awards. These are the best",select
https://www.nbcnews.com/politics/justice-department/teen-testifies-surreal-experience-tipping-fbi-dad-jan-6-riot-rcna18526,Teen testifies about ‘surreal’ experience tipping off FBI about his dad before Jan. 6 riot,politics
https://www.nbcnews.com/news/asian-america/muslims-navigate-restrictions-second-pandemic-ramadan-rcna671,Muslims navigate restrictions in the second pandemic Ramadan,news
https://www.nbcnews.com/select/shopping/fitbit-charge-6-review-rcna144998,I tested the Fitbit Charge 6 for weeks — I love that it doesn’t overwhelm me with data,select
https://www.nbcnews.com/science/environment/gulf-mexico-hot-hurricane-season-ominously-quiet-rcna168040,"The Gulf of Mexico is blazing hot, but hurricane season is ominously quiet",science
https://www.nbcnews.com/politics/2024-election/harris-courts-male-voters-fantasy-sports-sports-betting-video-game-pla-rcna176128,"Harris courts male voters on fantasy sports, sports betting and video game platforms ",politics
https://www.nbcnews.com/select/shopping/amazon-october-prime-day-2024-dates-rcna171355,Amazon’s fall Prime Day sale is here — what you need to know,select
https://www.nbcnews.com/select/shopping/how-to-clean-mattress-rcna138853,"You should be cleaning your mattress, not just your sheets. Here’s how to do it",select
https://www.nbcnews.com/news/world/hamas-israel-cease-fire-talks-ended-rcna150779,CIA director may travel to Israel for more cease-fire and hostage negotiations,news
https://www.nbcnews.com/investigations/un-finds-clear-convincing-information-hostages-raped-gaza-rcna141789,U.N. finds 'clear and convincing' information that hostages have been raped in Gaza ,investigations
https://www.nbcnews.com/select/shopping/best-smart-lawn-sprinkler-controller-systems-ncna1222056,8 best smart sprinkler controller systems for watering your lawn,select
https://www.nbcnews.com/tech/internet/lieutenant-dan-hurricane-milton-florida-tampa-boat-tiktok-video-rcna174860,Tampa man survives Hurricane Milton in his sailboat ,tech
https://www.nbcnews.com/news/world/israel-music-festival-massacre-grounds-rcna120148,"Discarded sandals, open liquor bottles: Israel music festival grounds show remnants of a celebration cut short",news
https://www.nbcnews.com/tech/internet/hunting-ai-bots-four-words-trick-rcna161318,Hunting for AI bots? These four words could do the trick,tech
https://www.nbcnews.com/select/shopping/best-hair-brushes-combs-rcna122377,"How to pick the best brush or comb, depending on your hair type",select
https://www.nbcnews.com/news/us-news/iowa-school-shooter-showed-warning-signs-copycat-behavior-police-say-rcna176136,"Iowa school shooter showed 'warning signs' and 'copycat behavior,' police say",news
https://www.nbcnews.com/select/shopping/how-to-clean-cast-iron-skillet-rcna172345,"Everything you need to properly season, clean and maintain a cast iron skillet",select
https://www.nbcnews.com/news/latino/song-wins-latin-grammy-one-songwriters-cuban-prison-rcna6150,A hit song wins a Latin Grammy. One of its songwriters is in a Cuban prison. ,news
https://www.nbcnews.com/news/world/flooding-beijing-china-rain-rcna97473,20 dead and 27 missing in flooding around Beijing after days of rain,news
https://www.nbcnews.com/news/world/korea-trash-balloons-loudspeaker-broadcasts-rcna162883,South Korea responds to North’s trash balloons with loudspeaker broadcasts,news
https://www.nbcnews.com/politics/2022-election/abortion-vote-kansas-may-determine-future-right-state-rcna40550,Kansans vote to uphold abortion rights in their state,politics
https://www.nbcnews.com/politics/white-house/student-debt-canceled-74k-borrowers-white-house-loan-forgiveness-rcna134635,White House cancels $5 billion in student debt for 74k borrowers,politics
https://www.nbcnews.com/politics/2020-election/trump-s-election-fight-includes-over-30-lawsuits-it-s-n1248289,Trump's election fight includes over 50 lawsuits. It's not going well.,politics
https://www.nbcnews.com/news/world/israel-palestinians-syria-lebanon-west-bank-gaza-rcna79077,Security and political crises in Israel converge to create a perfect storm,news
https://www.nbcnews.com/news/world/american-hostages-hamas-gaza-kidnapped-rcna170170,Who are the American hostages still held by Hamas?,news
https://www.nbcnews.com/news/world/protests-world-commemorate-76th-anniversary-nakba-call-cease-fire-gaza-rcna151966,Protests around the world commemorate 76th anniversary of the Nakba and call for a cease-fire in Gaza,news
https://www.nbcnews.com/politics/congress/democrats-force-vote-protections-ivf-election-year-messaging-heats-rcna156413,Democrats to force vote for protections for IVF as election-year messaging heats up,politics
https://www.nbcnews.com/politics/donald-trump/charlie-kirk-ronna-mcdaniel-rnc-trump-rcna139288,Conservative activist Charlie Kirk helped oust Ronna McDaniel at the RNC. Now the knives are out for him.,politics
https://www.nbcnews.com/news/asian-america/bts-v-pens-letter-jungkook-jimin-final-two-members-joining-south-korea-rcna129288,"BTS’ V pens letter as Jungkook and Jimin, final two members joining South Korean military, begin service",news
https://www.nbcnews.com/weather/hurricanes/live-blog/hurricane-milton-live-updates-rcna174774,Hurricane Milton: At least 14 deaths confirmed after monster storm slams into Florida,weather
https://www.nbcnews.com/select/shopping/vaccine-card-holders-covid-ncna1278122,Where to buy Covid vaccination card holders,select
https://www.nbcnews.com/news/world/israel-retaliates-lebanon-strike-soccer-field-golan-heights-rcna163953,Fears that war will widen grow as Israel retaliates for a strike that killed 12,news
https://www.nbcnews.com/news/world/israel-allegations-unrwa-gaza-hamas-rcna142116,Inside Israel's allegations against U.N. workers in Gaza,news
https://www.nbcnews.com/politics/2024-election/over-300000-people-visit-taylor-swift-link-register-vote-rcna170740,"More than 337,000 people visit Taylor Swift's link to register to vote",politics
https://www.nbcnews.com/politics/donald-trump/after-acquitting-trump-mcconnell-slams-him-disgraceful-dereliction-duty-n1257900,"After acquitting Trump, McConnell slams him for a 'disgraceful dereliction of duty'",politics
https://www.nbcnews.com/politics/justice-department/capitol-rioter-guy-reffitt-gets-longest-jan-6-sentence-no-terrorism-en-rcna40664,"Capitol rioter Guy Reffitt gets longest Jan. 6 sentence, but no terrorism enhancement",politics
https://www.nbcnews.com/select/shopping/best-uv-c-ultraviolet-light-sanitizers-ncna1119301,"How to sanitize your phone and other tech, according to doctors",select
https://www.nbcnews.com/politics/white-house/war-israel-tests-bidens-foreign-policy-case-2024-rcna119349,War in Israel tests Biden's foreign policy case for 2024,politics
https://www.nbcnews.com/news/us-news/nyc-mayor-eric-adams-charged-bribery-wire-fraud-scheme-spanning-nearly-rcna172804,NYC Mayor Eric Adams charged with bribery and wire fraud in scheme spanning nearly 10 years,news
https://www.nbcnews.com/news/world/qatar-israel-hamas-cease-fire-deal-rcna149702,Key mediator Qatar urges Israel and Hamas to do more to reach a cease-fire deal ,news
https://www.nbcnews.com/news/world/americans-imprisoned-iran-prisoner-exchange-deal-rcna99105,Americans moved to Iran house arrest in planned prisoner swap,news
https://www.nbcnews.com/select/shopping/best-light-alarm-clock-ncna1245545,Sunrise clocks simulate the rising and setting sun — we asked experts if they’re worth it,select
https://www.nbcnews.com/politics/politics-news/elected-official-connecticut-admits-entered-capitol-jan-6-attack-rcna54579,Elected official from Connecticut admits he entered Capitol during Jan. 6 attack,politics
https://www.nbcnews.com/news/world/israel-hostage-hamas-gaza-palestinians-peace-naama-levy-rcna153660,'I have friends in Palestine': Israeli hostage's plea to her Hamas captors lays bare yearning for peace,news
https://www.nbcnews.com/politics/2024-election/bidens-improving-polling-trump-shaky-rcna143968,"Biden's case for re-election is improving, but his polling against Trump is still shaky",politics
https://www.nbcnews.com/nbc-out/out-news/biden-honors-matthew-shepard-condemns-anti-lgbtq-violence-rcna120131,Biden honors Matthew Shepard and condemns anti-LGBTQ violence,nbc-out
https://www.nbcnews.com/politics/justice-department/fbi-captures-three-jan-6-fugitives-florida-ranch-third-anniversary-cap-rcna132626,FBI captures three Jan. 6 fugitives at Florida ranch on the third anniversary of the Capitol attack,politics
https://www.nbcnews.com/politics/donald-trump/judge-sets-hearing-trump-co-defendants-romantic-relationship-allegatio-rcna134542,Judge in Trump Georgia case sets hearing on accusations of misconduct by prosecutors as Fani Willis goes on attack,politics
https://www.nbcnews.com/nbc-out/out-news/boxers-olympics-imane-khelif-lin-yu-ting-gender-eligibility-rcna164257,Boxers previously barred from women's events will fight in Paris Olympics,nbc-out
https://www.nbcnews.com/news/world/reformist-masoud-pezeshkian-wins-irans-presidential-runoff-election-be-rcna160521,"Reformist Masoud Pezeshkian wins Iran’s presidential runoff election, besting hard-liner Saeed Jalili",news
https://www.nbcnews.com/politics/2024-election/montana-senate-candidate-tim-sheehy-women-indoctrinated-abortion-rcna174390,Montana GOP Senate candidate says women have been 'indoctrinated' on abortion,politics
https://www.nbcnews.com/weather/hurricanes/debris-piles-remain-threat-hurricane-milto-rcna174685,"Despite last-minute cleanup efforts, Helene's debris piles remain a threat during Hurricane Milton",weather
https://www.nbcnews.com/news/asian-america/modis-white-house-visit-highlights-deep-diaspora-divides-rcna89275,Modi’s White House visit highlights deep diaspora divides,news
https://www.nbcnews.com/health/health-news/feared-illicit-fentanyl-now-drug-choice-many-opioids-users-rcna40418,Fentanyl used to be a hidden danger of drug use. Now it's sought as a drug of choice.,health
https://www.nbcnews.com/politics/donald-trump/trump-indictment-released-rcna88592,Federal indictment accuses Trump of lying and scheming to keep documents he knew were classified,politics
https://www.nbcnews.com/politics/alabama-senate-house-pass-bills-protect-ivf-rcna141184,Alabama Senate and House pass bills to protect IVF after court ruling,politics
https://www.nbcnews.com/politics/2024-election/harris-playing-safe-democrats-worry-doom-campaign-rcna173504,Harris is playing it safe. Some Democrats worry that could doom her campaign.,politics
https://www.nbcnews.com/sports/nfl/nfl-stadiums-experience-11-billion-climate-related-losses-2050-new-rep-rcna176083,"NFL stadiums could experience $11 billion in climate-related losses by 2050, a new report finds  ",sports
https://www.nbcnews.com/politics/2024-election/former-trump-official-stephanie-grisham-speak-democratic-convention-rcna167296,Former Trump official Stephanie Grisham to speak at the Democratic convention,politics
https://www.nbcnews.com/news/illinois-man-charged-murder-fatal-stabbing-palestinian-american-boy-pl-rcna122757,Illinois man charged with murder in the fatal stabbing of a Palestinian American boy pleads not guilty ,news
https://www.nbcnews.com/news/world/hamas-wins-palestinian-hearts-gaza-conflict-threatens-broader-shift-n1272330,Hamas wins Palestinian hearts as Gaza conflict threatens broader shift,news
https://www.nbcnews.com/tech/tiktoks-content-political-subjects-aligns-chinese-government-study-say-rcna130448,"TikTok’s content on some political subjects aligns with the Chinese government, study says",tech
https://www.nbcnews.com/select/shopping/best-work-home-pants-men-ncna1266296,"The best men's work-from-home pants: Everlane, Bonobos and more",select
https://www.nbcnews.com/news/weather/two-storms-gain-strength-atlantic-devastation-hurricane-helene-rcna173799,Two more storms gain strength in Atlantic following devastation of Hurricane Helene,news
https://www.nbcnews.com/news/nbcblk/maya-rudolph-nabs-sixth-emmy-angela-basset-wins-first-creative-arts-em-rcna170125,Maya Rudolph nabs sixth Emmy and Angela Basset wins her first at Creative Arts Emmys ,news
https://www.nbcnews.com/politics/2024-election/young-voters-take-new-look-harris-are-waiting-instead-committing-rcna166647,"Young voters take a new look at Harris, but some are waiting instead of committing",politics
https://www.nbcnews.com/politics/politics-news/us-military-members-conscientious-objector-status-israel-gaza-war-rcna158265,U.S. military members discuss seeking conscientious objector status over support of Israel in Gaza,politics
https://www.nbcnews.com/select/shopping/wayfair-wayday-announcement-october-2024-rcna172849,Wayfair’s October Way Day will have over one million items on sale — here’s what you need to know,select
https://www.nbcnews.com/politics/2024-election/biden-north-carolina-top-battleground-trump-rcna143970,Biden aims to make North Carolina a top battleground — but Trump isn't worried yet,politics
https://www.nbcnews.com/politics/2024-election/mark-cuban-says-wont-run-president-third-party-2024-rcna94153,Mark Cuban says he won't run for president with third party in 2024,politics
https://www.nbcnews.com/politics/2024-election/live-blog/harris-trump-presidential-election-live-updates-rcna172152/rcrd56258?canonicalCard=true,Trump urges supporters to vote early while calling process 'stupid',politics
https://www.nbcnews.com/tech/gen-z-advocacy-group-launches-tiktok-campaign-voting-jill-stein-rcna175498,Gen Z advocacy group launches TikTok campaign against voting for Jill Stein ,tech
https://www.nbcnews.com/politics/donald-trump/judge-denies-trump-bid-dismiss-classified-documents-case-using-preside-rcna146460,Judge denies Trump bid to dismiss classified documents case using Presidential Records Act,politics
https://www.nbcnews.com/politics/2024-election/tim-walz-makes-direct-appeal-conflicted-muslim-voters-rcna173863,Tim Walz makes direct appeal to conflicted Muslim voters,politics
https://www.nbcnews.com/news/world/jin-k-pop-group-bts-finishes-military-service-south-korea-rcna156693,Jin from K-pop group BTS finishes military service in South Korea,news
https://www.nbcnews.com/select/shopping/valentines-day-gifts-her-ncna1288265,27 Valentine's Day gifts that won't disappoint her this year,select
https://www.nbcnews.com/science/climate-change/evangelical-christian-environmentalists-push-climate-votes-election-rcna174018,Evangelical environmentalists push for climate votes as election nears: 'Care for God's creation',science
https://www.nbcnews.com/politics/joe-biden/biden-sign-major-climate-health-care-spending-bill-rcna43269,"Biden signs major climate, health care and tax bill into law",politics
https://www.nbcnews.com/politics/2024-election/poll-project-2025-broadly-known-severely-unpopular-voters-rcna172660,Poll: Project 2025 is broadly known and severely unpopular with voters,politics
https://www.nbcnews.com/politics/donald-trump/trump-spoke-fundraiser-jan-6-defendants-rcna90806,Trump spoke at a fundraiser for Jan. 6 defendants,politics
https://www.nbcnews.com/news/world/inside-egypt-s-3-000-year-old-lost-golden-city-n1263585,"Inside Egypt’s 3,000-year-old ‘lost golden city’",news
https://www.nbcnews.com/science/environment/amazons-crucial-water-cycle-faces-collapse-scientists-say-rcna138639,"The Amazon’s crucial water cycle faces collapse, scientists say",science
https://www.nbcnews.com/tech/security/russia-iran-china-are-using-ai-election-interference-efforts-us-intell-rcna172476,"Russia, Iran and China are using AI in election interference efforts, U.S. intelligence officials say",tech
https://www.nbcnews.com/news/world/everybody-scared-gaza-faces-threat-ground-invasion-tensions-run-high-i-rcna120346,"'Everybody is scared': As Gaza faces threat of ground invasion, tensions run high in Israel",news
https://www.nbcnews.com/politics/2024-election/democratic-national-committee-releases-party-platform-ahead-convention-rcna167098,Democratic National Committee releases party platform ahead of convention,politics
https://www.nbcnews.com/tech/tech-news/elon-musk-raises-payment-offer-100-voters-sign-petition-rcna176075,Elon Musk announces $1M giveaway for voters who sign petition in battleground states,tech
https://www.nbcnews.com/politics/justice-department/jury-reaches-verdict-proud-boys-seditious-conspiracy-trial-rcna81129,Four Proud Boys members found guilty of seditious conspiracy in Jan. 6 trial,politics
https://www.nbcnews.com/politics/2024-election/kamala-harris-running-president-democratic-challengers-vp-biden-rcna162939,Kamala Harris is officially running for president. Will any Democrats challenge her?,politics
https://www.nbcnews.com/politics/2024-election/harris-seeks-recapture-obama-era-energy-rallies-pennsylvania-rcna174339,Harris seeks to recapture Obama-era energy as he rallies for her in Pennsylvania,politics
https://www.nbcnews.com/politics/bad-blood-republicans-drives-decline-taylor-swifts-poll-numbers-rcna172999,Bad blood with Republicans drives a decline in Taylor Swift's poll numbers,politics
https://www.nbcnews.com/news/world/why-jerusalem-s-ancient-past-once-again-battleground-its-future-n1112861,How Jerusalem’s ancient past is the battleground for its future,news
https://www.nbcnews.com/politics/justice-department/trump-supporter-charged-firing-gun-jan-6-attack-ordered-detained-rcna143217,Trump supporter charged with firing gun during Jan. 6 attack ordered detained,politics
https://www.nbcnews.com/select/shopping/sunscreen-dark-skin-tones-rcna96902,How to find a sunscreen that won't leave a white cast on your skin,select
https://www.nbcnews.com/news/world/israel-fury-biden-threat-weapons-rafah-attack-rcna151221,Israel fumes as Biden signals a harder line against a Rafah ground assault,news
https://www.nbcnews.com/politics/justice-department/ny-funeral-home-owner-arrested-jan-6-sleuths-ided-rcna88111,Long Island funeral home owner arrested two years after Jan. 6 sleuths ID'd him,politics
https://www.nbcnews.com/select/shopping/best-pet-products-reviews-ncna1298522,"19 best pet products for dogs and cats, according to Select staff pet owners",select
https://www.nbcnews.com/politics/white-house/israeli-president-isaac-herzog-biden-meet-tensions-netanyahus-policies-rcna94823,Israeli President Isaac Herzog and Biden meet amid tensions over Netanyahu's policies,politics
https://www.nbcnews.com/news/world/iranian-president-says-not-want-war-israel-rcna172190,Iranian president says he doesn't want war with Israel ,news
https://www.nbcnews.com/tech/tech-news/fewer-people-using-elon-musks-x-struggles-keep-users-rcna144115,"Fewer people are using Elon Musk’s X as the platform struggles to attract and keep users, according to analysts",tech
https://www.nbcnews.com/news/world/iran-vote-results-run-off-reformist-hard-liner-rcna159579,Iran to hold runoff election between reformist Pezeshkian and hard-liner Jalili,news
https://www.nbcnews.com/news/world/china-hamas-fatah-palestinian-unity-middle-east-diplomacy-rcna162825,China raises Middle East diplomatic ambitions with talks between Hamas and rival Fatah,news
https://www.nbcnews.com/politics/2024-election/arizona-abortion-rights-advocates-pour-15-million-ballot-measure-ad-bl-rcna172930,Arizona abortion-rights advocates pour $15 million into ballot measure ad blitz ,politics
https://www.nbcnews.com/news/world/time-despair-gaza-newborn-brings-hope-rcna173401,"At a time of despair in Gaza, a newborn brings hope",news
https://www.nbcnews.com/politics/trump-impeachment-inquiry/closing-argument-democrats-say-not-removing-trump-would-render-him-n1128766,"Schiff's powerful closing speech: 'Is there one among you who will say, Enough!'?",politics
https://www.nbcnews.com/politics/elections/fcc-looks-fine-conservative-activists-5-million-false-mail-voting-n1277569,FCC looks to fine conservative activists $5 million for false mail voting robocalls,politics
https://www.nbcnews.com/news/world/iranian-president-says-tehran-will-spend-6-billion-released-prisoner-e-rcna104475,Iranian president says Tehran will spend the $6 billion released in prisoner exchange ‘wherever we need it’,news
https://www.nbcnews.com/news/us-news/-hamas-group-helped-organize-college-protests-sham-charity-treasury-sa-rcna175529,"Pro-Hamas group that helped organize college protests is a 'sham charity,' Treasury says",news
https://www.nbcnews.com/select/shopping/best-cat-litter-boxes-ncna1303837,"How to buy the best cat litter box, according to veterinarians ",select
https://www.nbcnews.com/politics/donald-trump/know-juan-merchan-judge-trump-indictment-case-rcna77611,Who's Judge Juan Merchan? Trump says he 'hates me' but lawyers say he's fair,politics
https://www.nbcnews.com/select/shopping/how-to-clean-shower-curtain-liner-rcna150660,Stop throwing out moldy shower curtain liners — here’s how to clean them,select
https://www.nbcnews.com/news/world/israel-debates-west-bank-annexation-here-s-what-two-former-n1231302,Israel is debating annexation. Here's what two former peace envoys think.,news
https://www.nbcnews.com/politics/donald-trump/trump-reports-little-truth-social-income-financial-disclosure-rcna79843,Trump reports little income from Truth Social in financial disclosure,politics
https://www.nbcnews.com/news/world/israel-hamas-war-manhunt-leader-yahya-sinwar-video-tunnels-gaza-rcna139032,A glimpse of Hamas’ elusive leader is spurring Israel’s military to catch him 'dead or alive',news
https://www.nbcnews.com/news/world/israel-netanyahu-bibi-makes-comeback-israeli-pm-lapid-concedes-defeat-rcna55331,Israel's Netanyahu makes comeback as Israeli PM Lapid concedes defeat,news
https://www.nbcnews.com/politics/justice-department/proud-boys-blame-trump-defendants-prepare-find-fate-sedition-trial-rcna81234,Proud Boys blame Trump as defendants prepare to find out fate in sedition trial,politics
https://www.nbcnews.com/media/fox-news-settles-dominion-defamation-lawsuit-rcna80285,Fox News and Dominion reach $787.5 million settlement in defamation lawsuit,media
https://www.nbcnews.com/politics/2024-election/ron-desantis-fires-roughly-dozen-staffers-campaign-shake-rcna94470,Ron DeSantis fires roughly a dozen staffers in a campaign shake-up,politics
https://www.nbcnews.com/politics/congress/mcconnell-calls-diminished-trump-vows-not-bow-candidates-2024-rcna62870,"McConnell calls out 'diminished' Trump, vows not to bow to his candidates in 2024",politics
https://www.nbcnews.com/politics/donald-trump/jack-smith-urges-trump-classified-docs-judge-set-clarence-thomas-opini-rcna161669,Jack Smith urges Trump classified docs judge to set aside Clarence Thomas opinion on special counsels,politics
https://www.nbcnews.com/news/latino/power-goes-entire-island-cuba-leaving-10-million-people-dark-rcna176169,"Power goes out on entire island of Cuba, leaving 10 million people without electricity",news
https://www.nbcnews.com/politics/donald-trump/trump-gets-hit-sides-testing-softer-abortion-message-order-win-rcna105802,Trump gets hit from all sides for testing a softer abortion message 'in order to win',politics
https://www.nbcnews.com/politics/justice-department/jan-6-rioter-charged-police-carrying-gun-sentenced-7-years-rcna94940,Jan. 6 rioter who charged police while carrying a gun sentenced to 7 years,politics
https://www.nbcnews.com/news/world/sinwar-killed-hamas-gaza-israel-war-rcna176064,Sinwar's killing is a win for Israel — but many Palestinians are proud of his defiant last stand,news
https://www.nbcnews.com/politics/politics-news/capitol-police-officer-brian-sicknick-died-natural-causes-after-riot-n1264562,"Capitol Police Officer Brian Sicknick died of natural causes after riot, medical examiner says",politics
https://www.nbcnews.com/tech/senate-online-child-safety-hearing-what-to-know-rcna136239,"CEOs of TikTok, Meta, Snap and X to testify at Senate online child safety hearing. Here's what to know.",tech
https://www.nbcnews.com/politics/justice-department/oath-keepers-founder-sentenced-18-years-jan-6-seditious-conspiracy-cas-rcna85852,Oath Keepers founder sentenced to 18 years in Jan. 6 seditious conspiracy case,politics
https://www.nbcnews.com/politics/2024-election/live-blog/harris-trump-presidential-election-live-updates-rcna172152/rcrd56221?canonicalCard=true,Trump targets young men with nicotine pouch and Jake Paul ads,politics
https://www.nbcnews.com/select/shopping/best-chapped-lips-treatments-balms-ncna1138176,All lip balms aren't created equally. Here's what to know when treating chapped lips,select
https://www.nbcnews.com/news/world/victims-hamas-attack-israel-families-blame-iran-new-federal-lawsuit-rcna136571,Victims of Hamas attack in Israel and their families blame Iran in new federal lawsuit,news
https://www.nbcnews.com/politics/2024-election/white-dudes-rally-elect-first-female-president-rcna164208,'White dudes' rally to elect Kamala Harris as the first female president,politics
https://www.nbcnews.com/politics/justice-department/ex-nypd-cop-assaulted-dc-officer-jan-6-gets-record-setting-sentence-rcna45338,Ex-NYPD officer who assaulted D.C. officer on Jan. 6 gets record 10-year sentence,politics
https://www.nbcnews.com/select/shopping/midea-u-air-conditioner-ncna1295404,The Midea U is my first air conditioner splurge,select
https://www.nbcnews.com/news/us-news/she-was-big-kid-son-hyun-jung-grant-killed-atlanta-n1261579,Atlanta shooting victim's son recalls the last moment they spent together,news
https://www.nbcnews.com/news/world/qatar-re-evaluating-role-mediator-gaza-cease-fire-talks-rcna148336,Qatar re-evaluating its role as mediator in Gaza cease-fire talks,news
https://www.nbcnews.com/politics/2024-election/biden-says-election-will-free-fair-dont-know-whether-will-peaceful-rcna174084,"Biden says the election will be 'free and fair,' but 'I don't know whether it will be peaceful'",politics
https://www.nbcnews.com/news/us-news/live-blog/unhealthy-air-quality-canada-wildfires-live-updates-rcna88092,Air quality: New York City has the worst air in the world as smoke from Canadian wildfires rolls in ,news
https://www.nbcnews.com/politics/2024-election/michelle-obama-former-first-lady-not-running-president-2024-rcna141767,Michelle Obama's office says the former first lady 'will not be running for president' in 2024,politics
https://www.nbcnews.com/politics/supreme-court/draft-supreme-court-opinion-indicates-roe-v-wade-will-overturned-polit-rcna27026,"Draft opinion indicates Supreme Court will overturn Roe v. Wade, Politico reports in extraordinary leak",politics
https://www.nbcnews.com/politics/justice-department/capitol-police-officer-eugene-goodman-offers-new-jan-6-details-trial-q-rcna48577,Capitol Police Officer Eugene Goodman offers new Jan. 6 details at trial of QAnon believer,politics
https://www.nbcnews.com/investigations/israel-long-history-targeted-killings-enemies-rcna171888,"Wigs, robotic guns and exploding pagers: Israel has a long history of hunting down its enemies",investigations
https://www.nbcnews.com/news/us-news/charges-beverly-hills-attack-jewish-couple-amount-life-prison-rcna129432,Charges in Beverly Hills attack on Jewish couple could amount to life in prison,news
https://www.nbcnews.com/pop-culture/celebrity/psych-star-dul-hill-hollywood-diversity-legacy-west-wing-n1232192,'Psych' star Dulé Hill on Hollywood diversity and the legacy of 'The West Wing',pop-culture
https://www.nbcnews.com/news/world/putin-heads-north-korea-praises-kims-support-ukraine-war-rcna157469,Putin praises Kim Jong Un's support for Ukraine war as he heads to North Korea,news
https://www.nbcnews.com/politics/congress/house-vote-condemn-biden-kamala-harris-others-2021-afghanistan-withdra-rcna172619,"House votes to condemn Biden, Harris and others over 2021 Afghanistan withdrawal",politics
https://www.nbcnews.com/news/world/wave-protests-iran-reflects-seething-anger-regime-treats-women-rcna48643,Wave of protests in Iran reflects seething anger over how its regime treats women,news
https://www.nbcnews.com/news/world/thaad-israel-hezbollah-defense-system-rcna175235,"U.S. sending powerful defense system to Israel, deepening its involvement in the conflict",news
https://www.nbcnews.com/science/environment/noaa-hurriane-forecast-high-rcna153161,NOAA issues highest-ever early forecast for the coming hurricane season,science
https://www.nbcnews.com/select/shopping/smartish-wallet-slayer-vol-1-iphone-case-ncna1290394,Why I love my iPhone case-and-wallet combo,select
https://www.nbcnews.com/politics/donald-trump/trump-called-jan-6-henious-attack-now-calls-day-love-rcna175942,Trump once called Jan. 6 a 'heinous attack.' Now he calls it a 'day of love.',politics
https://www.nbcnews.com/politics/politics-news/abortion-civil-rights-groups-aim-put-abortion-floridas-2024-ballot-rcna83081,Opponents of Florida's abortion ban aim to put reproductive rights on the state's 2024 ballot,politics
https://www.nbcnews.com/health/health-news/stanley-cups-contain-lead-pose-risk-lead-poisoning-experts-weigh-rcna135584,Do Stanley cups contain lead or pose a risk of lead poisoning? Experts weigh in,health
https://www.nbcnews.com/politics/2024-election/andy-beshear-draws-rebuke-vance-abortion-comments-rcna167388,Andy Beshear draws rebuke from Vance over abortion comments,politics
https://www.nbcnews.com/politics/2024-election/republicans-anti-trump-effort-flounders-rcna116977,Republicans' anti-Trump effort flounders as the former president cruises ahead,politics
https://www.nbcnews.com/investigations/sinwars-death-offers-opening-end-war-gaza-test-netanyahu-rcna175914,Sinwar’s death offers an opening to end the war in Gaza – and a test for Netanyahu,investigations
https://www.nbcnews.com/politics/justice-department/trump-calls-judge-overseeing-jan-6-case-evil-person-rcna176112,Trump calls judge overseeing his Jan. 6 case 'the most evil person',politics
https://www.nbcnews.com/politics/2020-election/iran-targeting-u-s-state-voter-rolls-spreading-election-propaganda-n1245577,"Iran spreading election propaganda and targeting U.S. state voter rolls, officials say",politics
https://www.nbcnews.com/news/world/israel-protests-netanyahu-judicial-reforms-rcna76942,The fight forthe future of Israel's political system isn't over. Here's what to know.,news
https://www.nbcnews.com/news/world/hamas-israel-palestinian-hostages-beeri-attack-rcna119337,Hamas says it has taken ‘dozens’ of Israelis hostage ,news
https://www.nbcnews.com/news/world/israeli-military-recovers-bodies-3-hostages-killed-oct-7-gaza-hamas-rcna153869,Israeli military recovers the bodies of 3 more hostages from Gaza,news
https://www.nbcnews.com/select/shopping/best-advent-calendars-2021-ncna1283726,Legos? Wine? Makeup? Dog treats? These Advent calendars go above and beyond chocolate,select
https://www.nbcnews.com/news/asian-america/china-international-adoption-ban-adoptees-rcna172947?cid=sm_in,Chinese adoptees say they feel conflicted after China announces end to international adoptions,news
https://www.nbcnews.com/politics/politics-news/trump-rally-shooter-identified-rcna161757,Trump rally shooter identified as 20-year-old Pennsylvania man,politics
https://www.nbcnews.com/tech/social-media/smartphones-youth-mental-health-jonathan-haidt-book-debate-rcna145928,"A new book has amplified fierce debate around teens, mental health and smartphones",tech
https://www.nbcnews.com/politics/2024-election/judge-rules-rfk-jrs-bid-appear-new-york-ballot-fall-rcna166316,Judge rules against RFK Jr.'s bid to appear on New York ballot this fall,politics
https://www.nbcnews.com/news/latino/taylor-swift-welcomed-brazil-christ-redeemer-statue-projection-rcna125542,Brazil's Christ the Redeemer welcomes Taylor Swift with unique display,news
https://www.nbcnews.com/select/shopping/best-gifts-for-book-lover-ncna1301573,19 gifts any book lover will absolutely love,select
https://www.nbcnews.com/select/shopping/moccamaster-coffee-maker-review-rcna171847,Coffee enthusiasts love the Moccamaster — but is it worth the price? I tried it for a month to find out,select
https://www.nbcnews.com/news/mideast/netanyahu-era-ends-israel-new-government-survives-key-parliament-vote-n1055301,Netanyahu era ends in Israel as new government survives key parliament vote,news
https://www.nbcnews.com/news/world/iran-israel-retaliation-airstrike-damascus-embassy-rcna145979,"Iran vows retaliation on Israel after commanders' deaths, raising fears of war spiraling",news
https://www.nbcnews.com/news/asia/beijing-106-degrees-hottest-june-day-rcna90749,"Beijing sizzles at 106 degrees, hottest June day recorded in China's capital",news
https://www.nbcnews.com/politics/2024-election/2024-gop-candidates-iowa-6-week-abortion-ban-kim-reynolds-rcna94689,2024 GOP candidates forced to grapple with a 6-week abortion ban to win Iowa,politics
https://www.nbcnews.com/nbc-out/out-news/biden-gives-historic-interview-lgbtq-newspaper-washington-blade-rcna171349,Biden gives historic interview to LGBTQ newspaper,nbc-out
https://www.nbcnews.com/politics/2024-election/florida-supreme-court-arguments-abortion-ballot-measure-rcna137554,Florida Supreme Court hears arguments over an abortion rights ballot measure,politics
https://www.nbcnews.com/news/world/live-blog/israel-hamas-war-live-updates-rcna134440/rcrd31345?canonicalCard=true,Israeli military indicates it searched Gaza cemetery for bodies of hostages,news
https://www.nbcnews.com/select/shopping/best-food-pet-awards-ncna1305988,Select Pet Awards: The best pet food recommended by veterinarians,select
https://www.nbcnews.com/select/shopping/best-sensitive-skin-products-ncna1303313,The best gentle skin care products for sensitive skin,select
https://www.nbcnews.com/tech/misinformation/armed-north-carolina-man-arrested-suspicion-making-threats-fema-worker-rcna175287,"Armed man arrested on suspicion of threatening FEMA workers, authorities say",tech
https://www.nbcnews.com/news/world/banker-to-the-poor-microcredit-muhammad-yunus-bangladesh-prison-rcna141088,Nobel Peace laureate known as ‘banker to the poor’ faces jail in his home country,news
https://www.nbcnews.com/science/environment/new-orleans-braces-drinking-water-emergency-drought-stricken-mississip-rcna117218,New Orleans braces for drinking water emergency from drought-stricken Mississippi River,science
https://www.nbcnews.com/select/shopping/garmin-forerunner-165-review-rcna149853,I wore the Garmin Forerunner 165 for a month and now it’s my new favorite running watch,select
https://www.nbcnews.com/news/world/gaza-palestinian-israel-white-flag-shot-dead-killed-rcna135419,"A group of Palestinian men waving a white flag is shot at, killing 1",news
https://www.nbcnews.com/politics/donald-trump/trumps-many-abortion-positions-timeline-rcna146601,"A timeline of Trump's many, many positions on abortion",politics
https://www.nbcnews.com/news/world/jd-vance-donald-trump-vice-president-ukraine-russia-war-putin-rcna162468,What JD Vance has said about the war in Ukraine,news
https://www.nbcnews.com/news/asian-america/1-year-atlanta-area-spa-shootings-asian-american-community-still-heali-rcna20095,"1 year after Atlanta-area spa shootings, Asian American community is still healing",news
https://www.nbcnews.com/politics/white-house/biden-germany-speaks-hope-ceasefire-gaza-sinwar-death-rcna176079,Biden in Germany speaks of hope of a cease-fire in Gaza after Sinwar death,politics
https://www.nbcnews.com/politics/justice-department/new-jan-6-footage-appears-show-rioter-firing-gun-air-capitol-attack-rcna138137,New Jan. 6 footage appears to show rioter firing a gun in the air during Capitol attack,politics
https://www.nbcnews.com/news/world/israeli-prime-minister-netanyahu-hospitalized-rcna94428,Israeli Prime Minister Netanyahu hospitalized ,news
https://www.nbcnews.com/politics/donald-trump/trump-launches-group-seeking-black-support-detroit-church-event-rcna156825,Trump launches group to build Black support at Detroit church event,politics
https://www.nbcnews.com/politics/2024-election/votes-get-counted-reported-election-night-nbc-news-gathers-checks-data-rcna174579,How votes get counted and reported on election night — and how NBC News gathers and checks the data,politics
https://www.nbcnews.com/news/world/us-uk-8-countries-pausing-funding-unrwa-allegations-12-employees-part-rcna136030,"U.S., U.K. among 9 countries pausing funding to UNRWA amid allegations 12 employees were part of Oct. 7 attack",news
https://www.nbcnews.com/select/shopping/best-turkish-beach-towels-ncna1272529,"Why Turkish towels are the best towels for the beach, pool and travel",select
https://www.nbcnews.com/politics/2022-election/josh-shapiro-declared-winner-2022-pennsylvania-governor-midterm-electi-rcna55169,Democrat Josh Shapiro defeats Republican Doug Mastriano in Pennsylvania governor's race ,politics
https://www.nbcnews.com/politics/white-house/biden-signs-executive-order-shutting-southern-border-rcna155426,Biden signs executive action drastically tightening border,politics
https://www.nbcnews.com/politics/politics-news/federal-judge-appoints-special-master-review-documents-seized-mar-lago-rcna48013,Federal judge appoints special master to review documents seized at Mar-a-Lago,politics
https://www.nbcnews.com/politics/2024-election/harris-says-part-american-tradition-vps-not-criticize-president-rcna176160,Harris says it is part of the American tradition for VPs not to criticize the president,politics
https://www.nbcnews.com/select/shopping/valentines-day-flowers-arrangements-ncna1302882,The best flowers and plants to gift your special someone for Valentine’s Day,select
https://www.nbcnews.com/news/world/israeli-rescue-hamas-hostages-gaza-brutal-painful-rcna120061,Here’s why any Israeli attempt to rescue hostages in Gaza will be ‘brutal’,news
https://www.nbcnews.com/select/shopping/alpha-hydroxy-acids-ahas-ncna1234611,How to use alpha hydroxy acids for smoother skin,select
https://www.nbcnews.com/select/shopping/best-teacher-gift-ideas-ncna1282861,23+ thoughtful gifts for teachers that will help them destress,select
https://www.nbcnews.com/news/us-news/texas-husband-held-1m-bond-wifes-strangulation-death-was-first-reporte-rcna176173,Texas husband held on $1M bond in wife's strangulation death that was first reported as suicide ,news
https://www.nbcnews.com/politics/2024-election/live-blog/harris-trump-presidential-election-live-updates-rcna175177/rcrd60204?canonicalCard=true,"Abortion rights, gun violence in the spotlight at final Michigan Senate debate",politics
https://www.nbcnews.com/nbc-out/out-pop-culture/transgender-models-featured-victorias-secret-fashion-show-rcna175699,Transgender models featured in Victoria’s Secret Fashion Show,nbc-out
https://www.nbcnews.com/select/shopping/how-much-water-to-drink-rcna140219,How much water do you really need to drink?,select
https://www.nbcnews.com/news/world/kremlin-denies-prigozhin-plane-crash-ordered-putin-assassination-rcna101764,Kremlin denies it was behind the Prigozhin plane crash,news
https://www.nbcnews.com/politics/justice-department/doj-charges-two-brothers-jan-6-assault-new-york-photographer-rcna170825,DOJ charges two brothers in Jan. 6 assault on a New York Times photographer,politics
https://www.nbcnews.com/politics/2024-election/presidential-debate-takeaways-trump-harris-rcna169060,6 key takeaways from the first Harris-Trump presidential debate,politics
https://www.nbcnews.com/select/shopping/how-to-clean-water-bottle-rcna136195,You should be cleaning your reusable water bottle every single day,select
https://www.nbcnews.com/politics/donald-trump/trump-describes-detail-shot-assassin-rcna162647,Trump describes in detail being shot by a would-be assassin,politics
https://www.nbcnews.com/select/shopping/walmart-holiday-deals-what-know-2024-rcna172203,Walmart’s first-ever Holiday Deals event is coming — here’s what you need to know,select
https://www.nbcnews.com/health/health-news/opioid-overdose-antidote-narcan-will-widely-available-counter-week-rcna101611,Opioid overdose antidote Narcan will be widely available over the counter next week,health
https://www.nbcnews.com/select/shopping/best-prepared-meal-delivery-services-ncna1295380,Take the guesswork out of what to make for dinner with these prepared meal delivery services,select
https://www.nbcnews.com/news/asian-america/new-jeans-billboard-award-rcna123225,NewJeans says they’re more than solely K-pop stars as they break global barriers ,news
https://www.nbcnews.com/politics/2024-election/trump-turns-political-event-surreal-listening-party-rcna175442,Trump turns political event into surreal listening party ,politics
https://www.nbcnews.com/politics/2024-election/benjamin-netanyahu-meet-gov-ron-desantis-rcna80898,Benjamin Netanyahu says he will meet with Florida Gov. Ron DeSantis in Israel ,politics
https://www.nbcnews.com/select/shopping/best-shampoo-for-dry-hair-rcna125381,Dry hair? Here’s how often you should wash it,select
https://www.nbcnews.com/news/world/outspoken-critic-palestinian-authority-nizar-banat-dies-after-violent-arrest-n1272286,Outspoken critic of Palestinian Authority dies after violent arrest,news
https://www.nbcnews.com/politics/congress/congress-get-enhanced-security-jan-6-2025-electoral-vote-count-rcna170747,Congress to get beefed-up security for electoral vote certification on Jan. 6,politics
https://www.nbcnews.com/politics/donald-trump/federal-judge-set-trump-trial-date-election-interference-case-rcna101669,Federal judge sets Trump trial date in election interference case,politics
https://www.nbcnews.com/pop-culture/pop-culture-news/baby-reindeer-alleged-inspiration-stalker-character-sues-netflix-rcna155948,"Alleged 'Baby Reindeer' inspiration sues Netflix, claiming defamation",pop-culture
https://www.nbcnews.com/news/world/israel-troops-searched-gaza-cemetery-dead-hostages-rcna134762,Israel says troops searched a Gaza cemetery for dead hostages,news
https://www.nbcnews.com/sports/olympics/live-blog/olympic-games-2024-live-updates-rcna162868,"2024 Olympics: Simone Biles takes gold in vault, Sha'Carri Richardson gets silver in 100-meter",sports
https://www.nbcnews.com/news/world/iranian-president-ebrahim-raisi-dead-63-helicopter-cras-rcna152967,"Iranian President Ebrahim Raisi, known for brutal crackdowns against political opposition, dies at 63",news
https://www.nbcnews.com/politics/supreme-court/supreme-court-stays-fight-transgender-student-bathroom-access-rcna132245,Supreme Court stays out of fight over transgender student bathroom access,politics
https://www.nbcnews.com/politics/2024-election/trump-compares-north-carolina-lt-gov-mark-robinson-martin-luther-king-rcna141523,Trump calls GOP candidate with a history of offensive remarks 'Martin Luther King on steroids',politics
https://www.nbcnews.com/news/world/bangladesh-restores-internet-students-job-quota-protests-rcna164015,Bangladesh restores internet as students call off job-quota protests,news
https://www.nbcnews.com/select/shopping/best-flat-irons-hair-straighteners-ncna1234372,Choosing the best flat iron depends on your hair type and texture — here’s what experts recommend,select
https://www.nbcnews.com/politics/2024-election/justice-department-endorse-kamala-harris-fear-trump-rcna163069,"Fearing a Trump takeover, Justice Department alumni endorse Kamala Harris",politics
https://www.nbcnews.com/business/autos/stellantis-sell-shutter-large-testing-facility-cost-cutting-efforts-rcna176126,"Stellantis to sell, shutter large testing facility amid cost-cutting efforts",business
https://www.nbcnews.com/politics/supreme-court/man-gun-arrested-justice-kavanaughs-residence-rcna32535,"Man with gun, knife arrested near Justice Kavanaugh's house",politics
https://www.nbcnews.com/select/shopping/vitruvi-essential-oil-diffuser-ncna1296532,The Vitruvi Stone Diffuser helps me fall asleep faster and is now on sale,select
https://www.nbcnews.com/politics/congress/pelosi-plans-add-republican-rep-kinzinger-jan-6-committee-n1274955,Pelosi appoints Republican Rep. Kinzinger to Jan. 6 committee,politics
https://www.nbcnews.com/select/shopping/best-gluten-free-meal-kit-delivery-services-ncna1294644,These meal delivery services make it easier to have a gluten-free diet,select
https://www.nbcnews.com/select/shopping/best-shampoo-for-damaged-hair-rcna128625,How to find the best shampoo to help repair damaged hair,select
https://www.nbcnews.com/select/shopping/how-often-to-bathe-your-dog-rcna148001,How often should you bathe your dog? There are 3 factors to keep in mind,select
https://www.nbcnews.com/select/shopping/best-body-washes-dry-skin-rcna135086,These 3 factors can be causing dry skin — here’s how to combat them using your body wash,select
https://www.nbcnews.com/politics/2024-election/ron-desantis-fires-staff-campaign-shake-rcna96245,Ron DeSantis fires more staffers in a campaign shake-up,politics
https://www.nbcnews.com/news/world/kenya-led-police-force-arrives-haiti-tackle-gang-violence-rcna158974,Kenya-led police force arrives in Haiti to tackle gang violence,news
https://www.nbcnews.com/news/world/psychological-impact-gaza-war-8-year-old-loses-hair-rcna168939,"'Psychologically broken,' 8-year-old Sama loses her hair",news
https://www.nbcnews.com/news/world/china-qin-gang-removes-foreign-minister-wolf-warrior-diplomacy-rcna96135,China’s foreign minister removed from post,news
https://www.nbcnews.com/news/latino/migrant-deaths-spike-new-mexico-rcna175794,A deadly detour: Migrant deaths spike outside El Paso ,news
https://www.nbcnews.com/news/latino/cuba-hundreds-take-streets-rare-protests-economic-crisis-deepens-rcna143871,"In Cuba, hundreds take to the streets in rare protests as economic crisis deepens",news
https://www.nbcnews.com/news/us-news/alabama-seeks-nitrogen-executions-concern-method-rcna156697,"Alabama seeks more nitrogen executions, despite concern over the method",news
https://www.nbcnews.com/politics/white-house/biden-gaza-israel-plan-end-war-cease-fire-hostages-rcna154945,Biden announces Israel has offered a three-part proposal to end the war in Gaza,politics
https://www.nbcnews.com/politics/justice-department/biggest-fraud-generation-looting-covid-relief-program-known-ppp-n1279664,Theft from the Covid relief plan known as PPP was even worse than we thought,politics
https://www.nbcnews.com/news/significance-hamas-chose-attack-israel-now-rcna119351,The significance of why Hamas chose to attack Israel now,news
https://www.nbcnews.com/tech/internet/republican-bot-campaign-trump-x-twitter-elon-musk-fake-accounts-rcna173692,"An AI-powered bot army on X spread pro-Trump and pro-GOP propaganda, research shows",tech
https://www.nbcnews.com/select/shopping/best-products-3b-curls-hair-ncna1238899,"Curly hair products from Olaplex, Moroccanoil and Kerastase",select
https://www.nbcnews.com/politics/2024-election/dnc-chair-says-majority-delegates-voted-give-harris-democratic-nominat-rcna164743,DNC chair says majority of delegates have voted to give Harris the Democratic nomination,politics
https://www.nbcnews.com/politics/congress/sen-mitch-mcconnell-will-step-republican-leader-term-rcna99337,Sen. Mitch McConnell will step down as Republican leader at the end of the year,politics
https://www.nbcnews.com/news/world/israel-rafah-strike-ground-assault-dont-cross-bidens-red-line-rcna154428,White House says Israel's Rafah strike and ground assault don't cross Biden's 'red line',news
https://www.nbcnews.com/news/world/israel-seizes-trove-intelligence-hamas-gaza-us-help-rcna144365,"Israel seizes trove of intelligence on Hamas in Gaza offensive, with U.S. help",news
https://www.nbcnews.com/politics/justice-department/jan-6-rioter-attacked-cops-lashes-trump-appointed-judge-12-year-senten-rcna153818,Jan. 6 rioter who attacked cops lashes out at Trump-appointed judge after 12-year sentence,politics
https://www.nbcnews.com/news/world/hostages-held-hamas-describe-life-was-captivity-rcna126781,Newly freed hostages describe what life was like while being held by Hamas,news
https://www.nbcnews.com/news/world/netanyahu-israel-judicial-overhaul-protests-civil-war-rcna97235,"Netanyahu: Israel is not heading toward civil war, judicial changes ‘necessary’",news
https://www.nbcnews.com/news/us-news/tiktoker-rachel-yaffe-dies-rare-liver-cancer-27-rcna175880,TikToker Rachel Yaffe dies of rare liver cancer at 27,news
https://www.nbcnews.com/business/business-news/victorias-secret-fashion-show-to-return-rcna152406,Victoria’s Secret Fashion Show will return in the fall after yearslong hiatus  ,business
https://www.nbcnews.com/news/world/saudi-arabia-opec-oil-production-joe-biden-mohammed-bin-salman-russia-rcna52039,Too late for a Saudi rethink? Critics say oil cut was a predictable blow for Biden,news
https://www.nbcnews.com/news/investigations/israel-us-miss-hamas-was-planning-rcna119335,How did Israel and the U.S. miss what Hamas was planning?,news
https://www.nbcnews.com/politics/national-security/israel-destroy-hamas-who-will-govern-gaza-rcna120766,Israel says it wants to destroy Hamas. But who would govern Gaza after that?,politics
https://www.nbcnews.com/select/shopping/october-prime-day-shopping-guide-2023-rcna118714,The best things to buy during October Prime Day — and what not to buy,select
https://www.nbcnews.com/politics/2022-election/maines-paul-lepage-back-changed-rcna33671,Maine’s Paul LePage is back — but has he changed?,politics
https://www.nbcnews.com/news/world/palestinian-children-battle-deadly-foe-gaza-starvation-rcna157168,Palestinian children battle a deadly  foe in Gaza — starvation,news
https://www.nbcnews.com/investigations/three-fugitives-stole-18-million-covid-relief-loans-captured-montenegr-rcna17375,Three fugitives convicted in $18 million Covid relief scam captured in Montenegro,investigations
https://www.nbcnews.com/select/shopping/gaiam-balance-disc-wobble-cushion-ncna1244965,How one podcast producer improved her sitting posture for about $20,select
https://www.nbcnews.com/data-graphics/map-excessive-extreme-heat-vulnerable-your-neighborhood-rcna84666,Map: How vulnerable is your neighborhood to excessive heat?,data-graphics
https://www.nbcnews.com/politics/politics-news/virginia-gov-youngkin-eyes-15-week-abortion-ban-consensus-voters-will-rcna101476,Virginia Gov. Youngkin eyes a 15-week abortion ban as a 'consensus' voters would back,politics
https://www.nbcnews.com/meet-the-press/meet-the-press/fact-checking-trump-meet-press-interview-rcna105297,Fact-checking Trump's 'Meet the Press' interview,meet-the-press
https://www.nbcnews.com/politics/2024-election/trump-campaign-targets-haley-first-time-new-hampshire-airwaves-rcna132192,Trump campaign targets Nikki Haley for first time on New Hampshire airwaves,politics
https://www.nbcnews.com/news/us-news/atlanta-shooting-victim-s-husband-says-police-detained-him-hours-n1261741,Atlanta shooting victim's husband says police detained him for hours,news
https://www.nbcnews.com/weather/winter-weather/winter-weather-forecast-noaa-rcna175995,"Winter weather forecast: Wetter than average for the Northwest and Great Lakes, NOAA says",weather
https://www.nbcnews.com/politics/donald-trump/trump-bring-country-together-abortion-meet-the-press-rcna105311,Trump criticizes Republicans pushing abortion bans with no exceptions: 'You're not going to win',politics
https://www.nbcnews.com/news/world/timeline-idf-mistakenly-killed-3-israeli-hostages-gaza-rcna130092,IDF mistakenly killed 3 Israeli hostages in Gaza. This is what we know so far.,news
https://www.nbcnews.com/politics/2024-election/different-turnout-models-change-nbc-news-poll-results-rcna175096,How different turnout models change the NBC News poll results,politics
https://www.nbcnews.com/politics/2024-election/biden-touts-pact-act-milestone-focuses-pitch-veterans-rcna153357,Biden touts PACT Act milestone as he focuses his pitch on veterans,politics
https://www.nbcnews.com/select/shopping/best-sunscreen-skiing-snowboarding-rcna175919,There’s no such thing as a waterproof sunscreen. Here’s what SPF to wear while skiing,select
https://www.nbcnews.com/tech/security/financial-sextortion-often-targets-teen-boys-instagram-according-new-d-rcna157790,"Financial sextortion most often targets teen boys via Instagram, according to new data
",tech
https://www.nbcnews.com/politics/desantis-election-police-charged-20-voter-fraud-advocates-say-story-rcna45895,DeSantis' election police charged 20 with voter fraud. Advocates say there's more to the story.,politics
https://www.nbcnews.com/news/world/former-top-legal-officials-oppose-judicial-overhaul-israel-rcna65490,Former top legal officials oppose judicial overhaul in Israel,news
https://www.nbcnews.com/news/world/south-korea-bts-member-j-hope-begins-process-join-military-rcna72417,BTS member j-hope begins process to join South Korean military,news
https://www.nbcnews.com/politics/politics-news/biden-student-loan-forgiveness-borrowers-repayments-rcna119032,Biden approved $9 billion in student loan debt relief. Here's what you need to know.,politics
https://www.nbcnews.com/news/world/russia-ukraine-war-vladimir-putin-india-narendra-modi-moscow-visit-rcna160646,Indian Prime Minister Modi makes first visit to ally Russia since Ukraine invasion,news
https://www.nbcnews.com/politics/2024-election/live-blog/harris-trump-presidential-election-live-updates-rcna172152/rcrd56241?canonicalCard=true,Trump meets with farmers at roundtable in Pennsylvania ,politics
https://www.nbcnews.com/select/shopping/amazon-wellness-awards-products-2024-rcna145473,We tried hundreds of products for our Wellness Awards. These are the winners available to shop on Amazon.,select
https://www.nbcnews.com/news/world/israeli-soldiers-clear-bodies-kibbutz-hamas-attack-rcna119861,'It’s a massacre': Bodies of victims still strewn across kibbutz once home to 700,news
https://www.nbcnews.com/news/world/china-economy-falters-middle-class-confidence-xi-business-rcna145809,"As China’s economy falters, so does middle-class confidence",news
https://www.nbcnews.com/news/us-news/second-officer-capitol-riot-dies-suicide-police-chief-says-n1256003,"Second officer from Capitol riot dies by suicide, police chief says",news
https://www.nbcnews.com/news/world/hamas-gaza-releases-hostages-israel-nurit-yitzhak-yocheved-lifshitz-rcna121680,Hamas releases two more hostages,news
https://www.nbcnews.com/politics/justice-department/jan-6-committee-staffers-told-preliminary-plan-final-report-focus-larg-rcna56802,"Jan. 6 committee staffers told preliminary plan for final report would focus largely on Trump, not on law enforcement failures, sources say",politics
https://www.nbcnews.com/politics/2024-election/harris-campaign-ramps-unhinged-unstable-attack-trump-new-ad-rcna175994,"Harris campaign ramps up 'unhinged, unstable' attack on Trump in new ad",politics
https://www.nbcnews.com/politics/congress/mcconnell-privately-called-trump-despicable-human-unfit-office-new-boo-rcna175960,"McConnell privately called Trump a 'despicable human' and unfit for office, new book says",politics
https://www.nbcnews.com/politics/2024-election/trump-vows-stop-gender-affirming-care-minors-re-elected-president-rcna68461,Trump vows to 'stop' gender-affirming care for minors if re-elected president,politics
https://www.nbcnews.com/politics/2024-election/biden-campaign-florida-winnable-2024-rcna145863,Biden campaign says it sees Florida as 'winnable' in 2024,politics
https://www.nbcnews.com/select/shopping/new-ps5-xbox-series-x-ncna1245059,Gifting a new game console?  Xbox and Playsation consoles are shipping,select
https://www.nbcnews.com/news/world/south-korea-warning-shots-north-korean-soldiers-cross-border-rcna156491,South Korean troops fire warning shots after North Korean soldiers cross border,news
https://www.nbcnews.com/politics/2024-election/trump-goes-harris-anti-trans-ads-football-games-rcna174354,Trump goes after Harris with anti-trans ads during football games,politics
https://www.nbcnews.com/news/world/live-blog/israel-hezbollah-live-updates-lebanon-iran-gaza-rcna174430,Israel expands invasion into southwestern Lebanon; Hezbollah fires rockets at Haifa,news
https://www.nbcnews.com/politics/politics-news/appeals-court-rejects-mark-meadows-bid-move-georgia-case-state-court-rcna130058,Appeals court rejects Mark Meadows’ bid to move his Georgia case out of state court,politics
https://www.nbcnews.com/politics/justice-department/jan-6-rioter-sentence-reduced-supreme-court-obstruction-ruling-rcna169442,Former officer gets reduced Jan. 6 sentence thanks to Supreme Court ruling,politics
https://www.nbcnews.com/politics/2024-election/live-blog/trump-harris-presidential-election-live-updates-rcna175178/rcrd60254?canonicalCard=true,Harris embarks on battleground blitz this week,politics
https://www.nbcnews.com/news/world/israel-morocco-agree-normalize-relations-u-s-brokered-deal-n1250746,"Israel, Morocco agree to normalize relations in U.S.-brokered deal",news
https://www.nbcnews.com/news/world/water-crisis-global-food-threatened-rcna175873,"Half of all global food threatened by growing water crisis, report says",news
https://www.nbcnews.com/politics/2022-election/live-blog/midterm-elections-live-updates-rcna56065,"Midterm elections see key runoff, razor-thin races as Senate and House control hangs in the balance",politics
https://www.nbcnews.com/politics/2024-election/obamas-hit-campaign-trail-first-joint-appearances-harris-rcna176034,Obamas to hit the campaign trail in first joint appearances with Harris,politics
https://www.nbcnews.com/politics/justice-department/fbi-swat-team-hunt-ex-national-guardsman-wanted-jan-6-charges-rcna124196,FBI SWAT team on the hunt for ex-National Guardsman wanted on Jan. 6 charges,politics
https://www.nbcnews.com/news/world/live-blog/israel-hamas-war-live-updates-rcna146956,Palestinians return to Khan Younis; Hamas studying Gaza cease-fire proposal,news
https://www.nbcnews.com/news/world/dozens-children-drown-hindu-festival-india-rcna172969,Dozens of children drown during Hindu festival in India,news
https://www.nbcnews.com/politics/abortion-rights-ballot-fall-politics-desk-rcna145908,Where abortion rights could be on the ballot this fall: From the Politics Desk,politics
https://www.nbcnews.com/investigations/agency-crisis-secret-service-decade-old-staffing-shortfall-rcna162698,'Agency in crisis': Secret Service has decade-old staffing shortfall,investigations
https://www.nbcnews.com/politics/2024-election/decision-desk-projections-2024-election-how-work-rcna174116,How the NBC News Decision Desk projects races on general election night 2024,politics
https://www.nbcnews.com/news/world/sinwars-killing-boost-netanyahu-israeli-politics-hamas-war-rcna176067,"Sinwar's killing looks set to boost Netanyahu, the Houdini of Israeli politics",news
https://www.nbcnews.com/tech/social-media/discord-child-safety-social-platform-challenges-rcna89769,"Discord servers used in child abductions, crime rings, sextortion",tech
https://www.nbcnews.com/politics/elections/chuck-todd-will-biden-cost-harris-election-rcna175421,Chuck Todd: Will Biden cost Harris the election?,politics
https://www.nbcnews.com/business/economy/tariffs-vs-tax-breaks-how-trump-harris-proposals-compare-rcna170881,Trump and Harris clashed over tariffs at the debate. Here’s how they affect your wallet.,business
https://www.nbcnews.com/news/world/pakistani-police-fire-tear-gas-protesting-students-anger-spreads-alleg-rcna176062,Pakistani police fire tear gas at protesting students as anger spreads over alleged on-campus rape,news
https://www.nbcnews.com/news/world/north-koreas-kim-boasts-invincible-ties-russia-talks-putin-visit-rcna156701,North Korea's Kim boasts of 'invincible' ties with Russia amid talk of Putin visit,news
https://www.nbcnews.com/news/world/israel-hamas-war-gaza-tent-city-rafah-bombardment-sheets-buckets-rcna129543,'God help us': Displaced Gazans who fled bombardment now face health crisis in a makeshift tent city,news
https://www.nbcnews.com/politics/justice-department/dc-chiropractor-stormed-capitol-arrested-jan-6-charges-rcna32679,D.C. chiropractor who stormed Capitol arrested on Jan. 6 charges,politics
https://www.nbcnews.com/politics/donald-trump/secret-service-boosts-protection-donald-trump-rcna172368,Secret Service takes new steps to boost protection around Trump,politics
https://www.nbcnews.com/politics/2020-election/congress-begin-electoral-vote-count-amid-protests-inside-outside-capitol-n1253013,Congress confirms Biden's win after pro-Trump mob's assault on Capitol,politics
https://www.nbcnews.com/news/us-news/live-blog/columbia-protests-live-update-encampment-continue-college-negotiates-p-rcna149111,Campus protests: Pro-Palestinian demonstrations spread as some schools crack down,news
https://www.nbcnews.com/news/us-news/aoc-says-embattled-nyc-mayor-eric-adams-resign-good-city-rcna172726,Calls for NYC Mayor Eric Adams to resign are growing louder  ,news
https://www.nbcnews.com/news/world/india-lord-ram-temple-ayodhya-narendra-modi-rcna134654,Modi opens grand Hindu temple with eye on India’s upcoming elections,news
https://www.nbcnews.com/news/world/israel-oks-plans-thousands-new-settlement-homes-defying-white-house-ca-rcna91132https://www.nbcnews.com/news/world/israel-temple-mount-extremist-itamar-ben-gvir-palestinian-tensions-rcna85447,Extremist Israeli Cabinet minister visits sensitive Jerusalem holy site,news
https://www.nbcnews.com/news/world/european-countries-develop-new-ways-tackle-domestic-violence-during-coronavirus-n1174301,European countries develop new ways to tackle domestic violence during lockdowns,news
https://www.nbcnews.com/politics/2024-election/kamala-harris-questions-trumps-transparency-releases-medical-report-rcna174896,Harris questions Trump's transparency with voters after she releases her medical report,politics
https://www.nbcnews.com/politics/2024-election/live-blog/harris-trump-presidential-election-live-updates-rcna172152/rcrd56222?canonicalCard=true,Trump says he'll attend Al Smith dinner; Harris is skipping the event,politics
https://www.nbcnews.com/news/world/former-bangladesh-leader-calls-inquiry-killings-unrest-led-ouster-rcna166522,Former Bangladesh leader calls for inquiry into killings during unrest that led to her ouster,news
https://www.nbcnews.com/politics/2024-election/lindsey-graham-mark-robinson-must-defend-himself-north-carolina-rcna172133,South Carolina GOP Sen. Lindsey Graham on Sunday said North Carolina Lt. Gov. Mark Robinson “has an obligation to defend himself” after reports surfaced this week about lewd posts Robinson made on a pornographic website over a decade ago.,politics
https://www.nbcnews.com/nbc-out/out-politics-and-policy/texas-ag-sues-doctor-allegedly-provided-transgender-care-21-minors-rcna175988,Texas AG sues doctor accused of providing transgender care to 21 minors,nbc-out
https://www.nbcnews.com/news/world/netanyahu-protests-philadelphi-corridor-hostage-deal-demand-rcna169484,Netanyahu faces mounting protests and outrage but stands defiant on hostage deal demand,news
https://www.nbcnews.com/news/us-news/9-11-speech-bush-pays-tribute-america-i-know-calls-n1278986,Bush calls out ‘violent extremists at home’ on 9/11 anniversary,news
https://www.nbcnews.com/news/world/shooting-us-embassy-beirut-lebanon-israel-hezbollah-offensive-rcna155552,Gunman attacks U.S. Embassy; Israel 'prepared for intense action' on Lebanon,news
https://www.nbcnews.com/politics/2024-election/misleading-gop-videos-biden-viral-fact-checks-rcna133316,Misleading GOP videos of Biden are going viral. The fact-checks have trouble keeping up.,politics
https://www.nbcnews.com/politics/2024-election/one-minnesota-college-got-nearly-90-voter-turnout-pushing-rcna175968,How one Minnesota college got nearly 90% voter turnout — and is pushing for more,politics
https://www.nbcnews.com/select/shopping/philips-wiz-smart-led-color-bulb-ncna1290770,The Philips Wiz Smart Wi-Fi LED Color Bulb is a simple lighting fix,select
https://www.nbcnews.com/news/latino/cuba-announces-tough-economic-measures-cubans-brace-hardship-rcna130861,Cuba announces tough economic measures as Cubans brace for more hardship.,news
https://www.nbcnews.com/select/shopping/best-squalene-products-rcna101821#anchor-Squaleneversussqualane,Dry skin? Squalene might be your saving grace,select
https://www.nbcnews.com/politics/national-security/china-russia-ai-divide-us-society-undermine-us-elections-power-rcna142880,"AI gives Russia, China new tools to divide U.S. society, undermine U.S. image, spies say",politics
https://www.nbcnews.com/news/latino/cuba-exploded-protests-goes-us-embargo-pandemic-rcna1399,Cuba's protests rocked the entire island. Here's why people flooded the streets.,news
https://www.nbcnews.com/politics/justice-department/doj-finds-officers-suicide-jan-6-was-death-line-duty-rcna100648,DOJ finds police officer’s suicide after Jan. 6 attack was a death in the line of duty,politics
https://www.nbcnews.com/select/shopping/best-scalp-acne-shampoos-treatments-ncna1274741,Can scalp acne actually lead to hair loss? Experts weigh in,select
https://www.nbcnews.com/politics/2024-election/ron-desantis-planning-drop-presidential-bid-sunday-rcna134953,Ron DeSantis suspends his presidential bid and endorses Trump,politics
https://www.nbcnews.com/politics/politics-news/mypillow-lawyers-say-ceo-mike-lindell-owes-millions-dollars-rcna119058,MyPillow lawyers say CEO Mike Lindell owes them millions of dollars,politics
https://www.nbcnews.com/select/shopping/black-owned-coffee-brands-ncna1290420,Shop these brands to get your caffeine fix and support Black entrepreneurs,select
https://www.nbcnews.com/politics/joe-biden/biden-chinas-xi-jinping-meet-effort-smooth-tensions-rcna124924,Biden says 'real progress' was made after meeting with China's Xi Jinping,politics
https://www.nbcnews.com/tech/tech-news/big-tech-companies-reveal-trust-safety-cuts-disclosures-senate-judicia-rcna145435,Big Tech companies reveal trust and safety cuts in disclosures to Senate Judiciary Committee,tech
https://www.nbcnews.com/tech/security/nsa-hacker-ai-bot-chat-chatgpt-bard-english-google-openai-rcna133086,NSA official warns of hackers using AI to perfect their English for phishing schemes,tech
https://www.nbcnews.com/select/shopping/bala-weights-fitness-gear-ncna1267112,"A shopping guide to Bala fitness gear, from Bangles to Bars",select
https://www.nbcnews.com/news/world/lebanons-hezbollah-allies-lose-majority-parliament-election-rcna28962,"Hezbollah, allies lose majority in Lebanon's parliament after election ",news
https://www.nbcnews.com/news/world/india-punjab-amritpal-singh-sikh-separatist-manhunt-rcna76941,"India can’t find a Sikh separatist leader, but its manhunt has the world’s attention",news
https://www.nbcnews.com/politics/2024-election/kamala-harris-mccain-republicans-arizona-trump-rcna175917,Harris leans on ‘McCain Republicans’ to close the deal in Arizona,politics
https://www.nbcnews.com/science/environment/why-i-can-t-breathe-resonating-environmental-justice-activists-n1228561,Environmental activism has a racial blind spot. The science shows the fallout.,science
https://www.nbcnews.com/news/world/violence-erupts-israeli-streets-gaza-conflict-intensifies-n1267189,Israeli ground forces join attacks on Gaza as conflict intensifies,news
https://www.nbcnews.com/weather/hurricanes/92-people-still-missing-north-carolina-hurricane-helene-governor-says-rcna175503,"92 people still missing in North Carolina after Hurricane Helene, governor says",weather
https://www.nbcnews.com/politics/donald-trump/project-2025-trump-heritage-foundation-what-know-rcna161338,"Trump disavows Project 2025, but he has long-standing ties to some key architects",politics
https://www.nbcnews.com/news/us-news/atlanta-area-spa-shootings-suspect-pleads-guilty-cherokee-county-charges-n1275139,Atlanta-area spa shooter to serve 4 life sentences in Cherokee County slayings,news
https://www.nbcnews.com/news/world/live-blog/israel-hezbollah-live-updates-hamas-leader-lebanon-killed-strike-hits-rcna173218,"Israeli forces begin 'targeted' ground operation in Lebanon, IDF says",news
https://www.nbcnews.com/politics/justice-department/reagan-appointed-judge-warns-gops-preposterous-claims-jan-6-pose-threa-rcna135754,Reagan-appointed judge warns GOP's 'preposterous' claims about Jan. 6 could pose threat,politics
https://www.nbcnews.com/politics/bitter-personal-battle-top-fbi-doj-officials-mar-lago-rcna169067,Inside the bitter personal battle between top FBI and DOJ officials over Mar-a-Lago,politics
https://www.nbcnews.com/news/world/live-blog/live-updates-israel-urges-civilians-leave-eastern-rafah-cease-fire-hop-rcna150801,Hamas says it agreed to a cease-fire proposal; Israel strikes Rafah and says deal ‘far from’ meeting its demands,news
https://www.nbcnews.com/investigations/us-garland-indicts-three-iranians-trump-campaign-hack-rcna173001,U.S. indicts three Iranians in Trump campaign hack,investigations
https://www.nbcnews.com/select/shopping/best-retinol-creams-serums-acne-wrinkles-ncna1244298,How to incorporate retinol into your skin care routine without irritating your skin,select
https://www.nbcnews.com/news/world/canadian-prime-minister-justin-trudeau-announces-separation-wife-sophi-rcna97778,"Canadian PM Justin Trudeau announces separation from his wife, Sophie Grégoire Trudeau",news
https://www.nbcnews.com/select/shopping/cyber-monday-black-friday-deals-compared-ncna1279444,Black Friday and Cyber Monday: What's the difference?,select
https://www.nbcnews.com/select/shopping/best-wide-toe-box-shoes-rcna141116,Wide toe box shoes aren't the same as wide-width shoes. Here's how to tell what you need.,select
https://www.nbcnews.com/politics/2024-election/roy-cooper-backs-consideration-harris-running-mate-rcna164203,North Carolina Gov. Roy Cooper backs out of consideration to be Harris’ running mate,politics
https://www.nbcnews.com/nbc-out/out-politics-and-policy/sarah-mcbride-congress-election-race-trans-lgbtq-rcna164773,Sarah McBride’s historic run for Congress was decades in the making,nbc-out
https://www.nbcnews.com/news/world/far-away-tense-jerusalem-squad-pressures-biden-israel-palestinian-conflict-n1267275,Dems on the left pressure Biden on Israel-Palestinian conflict,news
https://www.nbcnews.com/health/health-news/how-humans-gained-ability-digest-starch-study-rcna175350,The evolutionary history of humans' ability to eat starch,health
https://www.nbcnews.com/politics/donald-trump/donald-trump-biggest-challenge-debating-kamala-harris-rcna170388,'You don't know what to expect': Trump outlines his biggest challenge in debating Harris,politics
https://www.nbcnews.com/news/world/netanyahu-rival-benny-gantz-says-ll-quit-israels-war-cabinet-june-8-un-rcna152916,Netanyahu rival Benny Gantz says he'll quit Israel's war Cabinet on June 8 unless new Gaza plan devised,news
https://www.nbcnews.com/news/world/israel-hamas-war-iran-hezbollah-lebanon-militant-group-rcna120092,What is Hezbollah? A look at the Iran-backed militant group on the sidelines of the Israel-Hamas war,news
https://www.nbcnews.com/select/shopping/bose-ultra-open-earbuds-review-rcna138875,Earbuds or ear cuffs? These new headphones from Bose are both,select
https://www.nbcnews.com/select/shopping/best-lumbar-support-pillows-rcna142358,"If you sit in a chair all day, these lumbar support pillows will save your lower back",select
https://www.nbcnews.com/politics/white-house/hundreds-jewish-organization-staffers-call-white-house-back-gaza-cease-rcna128465,Hundreds of Jewish organization staffers call for White House to back Gaza cease-fire,politics
https://www.nbcnews.com/news/world/arabs-living-israels-desert-are-sitting-ducks-hamas-rcna120168,"No bomb shelters, no sirens, no Iron Dome: Israel’s long-neglected Arab Bedouins ",news
https://www.nbcnews.com/news/us-news/deadly-heat-waves-spread-access-air-conditioning-becomes-lifesaving-question-n1277213,"As deadly heat waves spread, access to air conditioning becomes a lifesaving question",news
https://www.nbcnews.com/politics/donald-trump/ohios-senate-race-high-trumps-radar-tough-week-republicans-rcna99511,Ohio's Senate race is high on Trump's radar after a tough week for Republicans,politics
https://www.nbcnews.com/shopping/eco-friendly/favorite-eco-friendly-products-n1264537,"Staff picks: Eco-friendly bags, straws and skincare",shopping
https://www.nbcnews.com/news/latino/three-kings-day-still-big-these-latino-households-despite-santa-n1110076,"Three Kings Day is big in these Latino households, despite Santa's pull",news
https://www.nbcnews.com/politics/politics-news/desantis-refuses-take-sides-trump-pence-clash-2024-speculation-grows-rcna15185,DeSantis refuses to take sides in Trump-Pence clash as 2024 speculation grows,politics
https://www.nbcnews.com/news/world/israel-gaza-hamas-war-cease-fire-talks-us-breakthrough-rcna160368,"U.S. sees promising 'breakthrough' in Israel-Hamas cease-fire talks, officials say",news
https://www.nbcnews.com/select/shopping/slip-silk-sleep-mask-ncna1260550,Why I use my Slip silk sleep mask every night for a good night's sleep,select
https://www.nbcnews.com/news/world/iran-saudi-arabia-agree-restore-diplomatic-relations-china-rcna74314,Regional rivals Iran and Saudi Arabia agree to restore their ties after years of tensions,news
https://www.nbcnews.com/select/shopping/best-dog-dental-chews-ncna1299919,Do dogs actually need dental chews? We asked vets,select
https://www.nbcnews.com/politics/2024-election/kamala-harris-running-mates-democratic-presidential-ticket-rcna162848,The Democrats who could be Kamala Harris' running mate,politics
https://www.nbcnews.com/politics/donald-trump/trump-s-name-will-appear-coronavirus-relief-checks-n1184026,Trump's name will appear on coronavirus relief checks,politics
https://www.nbcnews.com/politics/donald-trump/project-2025-winding-policy-work-months-criticism-trump-rcna164357,Project 2025 winding down policy work following criticism from Trump,politics
https://www.nbcnews.com/select/shopping/best-facial-cleansing-brush-ncna1235250,The best cleansing brush for your face depends on your skin type,select
https://www.nbcnews.com/news/us-news/earthquake-hits-puerto-rico-island-jolted-5-7-magnitude-quake-n1111046,"Puerto Rico jolted by 5.8 magnitude earthquake, the largest in series of quakes",news
https://www.nbcnews.com/pop-culture/taylor-swift-draws-ire-conservatives-chiefs-win-afc-championship-rcna136185,Taylor Swift draws ire of conservatives after Chiefs win AFC championship ,pop-culture
https://www.nbcnews.com/politics/joe-biden/biden-press-ukraine-aid-beat-back-russian-invasion-speech-un-rcna105713,Biden presses allies for Ukraine aid to beat back Russian invasion in U.N. speech,politics
https://www.nbcnews.com/politics/2024-primary-elections/minnesota-senate-results,Minnesota Senate Primary Election 2024 Live Results,politics
https://www.nbcnews.com/news/world/china-sanctions-5-us-defense-companies-taiwan-arms-sales-rcna132694,China sanctions 5 U.S. defense companies over Taiwan arms sales,news
https://www.nbcnews.com/politics/2024-election/jill-biden-honor-husband-convention-monday-appearance-was-going-much-d-rcna166732,Jill Biden to honor her husband at convention Monday — an appearance that once was going to be much different,politics
https://www.nbcnews.com/politics/2024-election/harris-calls-trumps-tariff-proposals-sales-tax-american-people-rcna172627,Harris calls Trump’s tariff proposals a ‘sales tax on the American people’,politics
https://www.nbcnews.com/news/world/north-korea-kim-jong-un-russia-vladimir-putin-ukraine-rcna104563,North Korea’s Kim Jong Un arrives in Russia for possible arms talks with Putin,news
https://www.nbcnews.com/politics/congress/sen-bernie-sanders-opposes-giving-israel-10-billion-aid-rcna128102,Sen. Bernie Sanders opposes giving Israel $10 billion in aid,politics
https://www.nbcnews.com/politics/white-house/bidens-student-loan-forgiveness-plan-can-take-effect-judge-lets-restra-rcna173837,Biden's student loan forgiveness plan can take effect after judge lets restraining order expire,politics
https://www.nbcnews.com/select/shopping/best-carry-travel-backpacks-ncna1267028,"The best backpacks for long and short trips, according to travel bloggers",select
https://www.nbcnews.com/news/world/netanyahus-postwar-plan-gaza-reflects-difficult-balancing-act-experts-rcna140222,Netanyahu’s postwar plan for Gaza reflects difficult balancing act,news
https://www.nbcnews.com/news/us-news/coronavirus-isolation-raises-concerns-domestic-violence-survivors-experts-say-n1165316,Coronavirus isolation raises concerns for domestic violence survivors,news
https://www.nbcnews.com/politics/2024-election/iowa-gov-kim-reynolds-signs-6-week-abortion-ban-conservative-summit-rcna93901,Iowa Gov. Kim Reynolds signs a 6-week abortion ban at conservative summit,politics
https://www.nbcnews.com/politics/rnc-votes-censure-cheney-kinzinger-investigating-capitol-riot-rcna14943,"RNC votes to censure Cheney, Kinzinger for investigating Capitol riot",politics
https://www.nbcnews.com/politics/supreme-court/supreme-court-rule-bidens-student-loan-forgiveness-plan-friday-rcna76874,Supreme Court kills Biden student loan relief plan,politics
https://www.nbcnews.com/news/world/israel-hamas-war-gaza-border-kibbutz-massacre-rebuild-rcna121593,'This is my home': Israel's kibbutz communities look to rebuild after devastation of Hamas attack,news
https://www.nbcnews.com/tech/tech-news/chatgpt-ai-consciousness-rcna71777,What is consciousness? ChatGPT and advanced AI might redefine our answer,tech
https://www.nbcnews.com/news/world/noa-argamani-israeli-celebrates-life-rcna168035,Hostage taken from music festival during Hamas attack returns to the dance floor to celebrate life,news
https://www.nbcnews.com/news/world/humanitarian-crisis-grips-gaza-rcna120467,Humanitarian crisis grips Gaza,news
https://www.nbcnews.com/news/world/pressure-netanyahu-israeli-hostages-rcna122945,'Bring them home now': Pressure mounts on Netanyahu to prioritize Israeli hostages,news
https://www.nbcnews.com/news/latino/cuban-president-defiant-blames-embargo-after-massive-protests-n1273716,"Cuban president defiant, blames embargo after protests",news
https://www.nbcnews.com/tech/taylor-swifts-eras-tour-miami-dnc-youth-voter-campaign-rcna176005,DNC uses final leg of Taylor Swift's Eras tour to energize young voters,tech
https://www.nbcnews.com/select/shopping/best-amazon-fitness-products-ncna1305002,The 14 Amazon fitness accessories that will help you crush your workout goals,select
https://www.nbcnews.com/news/us-news/people-think-crime-rate-up-actually-down-rcna129585,Most people think the U.S. crime rate is rising. They're wrong. ,news
https://www.nbcnews.com/politics/2024-election/live-blog/trump-harris-presidential-election-live-updates-rcna168470,Election 2024: Harris and Walz kick off bus tour in Georgia; Vance hits Pennsylvania and Wisconsin,politics
https://www.nbcnews.com/politics/2024-election/key-trump-allies-charged-fake-electors-scheme-wisconsin-rcna155395,Key Trump allies charged in fake electors scheme in Wisconsin,politics
https://www.nbcnews.com/news/world/iran-enriching-uranium-weapons-grade-nuclear-iaea-rcna72753,"Iran enriching uranium to near weapons-grade levels, nuclear watchdog warns",news
https://www.nbcnews.com/news/nbcblk/historically-black-community-grapples-lasting-impacts-baltimore-bridge-rcna176143,A historically Black community grapples with lasting impacts after Baltimore bridge collapse ,news
https://www.nbcnews.com/news/world/live-blog/live-updates-hamas-israel-gaza-attack-rockets-gunmen-palestinian-rcna119316,Netanyahu vows war as attacks kill hundreds,news
https://www.nbcnews.com/business/consumer/peloton-recalls-22-million-exercise-bikes-safety-hazard-rcna83932,Peloton recalls 2.2 million exercise bikes over safety hazard,business
https://www.nbcnews.com/politics/2024-election/kamala-harris-campaign-suburban-women-north-carolina-strategy-rcna171904,Harris campaign seizes on suburban women as a key part of its North Carolina strategy,politics
https://www.nbcnews.com/politics/congress/congress-vote-second-covid-19-relief-package-n1251966,"Trump blasts Covid relief bill just passed by Congress, demands changes",politics
https://www.nbcnews.com/health/health-news/stage-4-kidney-cancer-diagnosis-didnt-stop-young-woman-getting-great-n-rcna31523,She's 31 and has stage 4 kidney cancer. How she still got a great new job.,health
https://www.nbcnews.com/politics/elections/glenn-youngkin-united-virginia-republicans-15-week-abortion-ban-pushed-rcna119199,Glenn Youngkin united Virginia Republicans around a 15-week abortion ban. Some have pushed to go further.,politics
https://www.nbcnews.com/news/world/death-heartbreak-every-turn-kibbutz-gaza-was-ambushed-hamas-rcna119975,Death and heartbreak at every turn in kibbutz near Gaza that was ambushed by Hamas ,news
https://www.nbcnews.com/politics/supreme-court/supreme-court-immunity-ruling-raises-fears-future-lawless-presidents-rcna159827,'Five alarm fire': Supreme Court immunity ruling raises fears about future lawless presidents,politics
https://www.nbcnews.com/select/shopping/what-are-ip-ratings-rcna99835,Find out how water-resistant your devices are ,select
https://www.nbcnews.com/news/world/women-banned-universities-afghanistan-taliban-rcna62612,Women banned from universities in Afghanistan by the Taliban,news
https://www.nbcnews.com/select/shopping/walmart-deals-october-2024-rcna173935,The Walmart Holiday Deals event is happening now — and some of the deals are better than Amazon,select
https://www.nbcnews.com/feature/nbc-out/laramie-project-stages-special-reading-matthew-shepard-murder-annivers-rcna119957,'The Laramie Project' stages a special reading on the 25th anniversary of Shepard murder,feature
https://www.nbcnews.com/select/shopping/google-shopping-holiday-100-2021-ncna1283647,Google just released its list of 100 of the top-trending gift ideas.,select
https://www.nbcnews.com/news/latino/cubas-president-blasting-us-embargo-takes-blame-protests-rcna1429,"Cuba's president, while blasting U.S. embargo, takes some blame amid protests",news
https://www.nbcnews.com/politics/2024-election/trump-glares-angrily-ahead-harris-stares-tense-debate-rcna170538,"With smirks and head shakes, Harris uses the split-screen format to provoke Trump ",politics
https://www.nbcnews.com/news/world/israel-hamas-war-gaza-water-scarce-dehydration-warnings-unrwa-rcna162257,Clean water becomes an increasingly scarce resource in Gaza amid Israeli offensive,news
https://www.nbcnews.com/politics/justice-department/jan-6-rioter-brought-two-guns-capitol-sentenced-five-years-prison-rcna53454,Jan. 6 rioter who brought two guns to Capitol sentenced to five years in prison,politics
https://www.nbcnews.com/news/world/climate-change-made-uk-heat-wave-hotter-likely-study-finds-rcna40680,"Climate change made U.K. heat wave hotter and more likely, study finds",news
https://www.nbcnews.com/politics/2024-election/gop-poll-monitors-suburbs-democratic-cities-rcna159059,GOP recruits poll monitors from suburban areas to monitor the vote in Democratic cities,politics
https://www.nbcnews.com/news/nbcblk/black-americans-disinformation-election-social-media-rcna157096,"Influencers and popular podcasts fuel election disinformation among Black voters, report shows",news
https://www.nbcnews.com/politics/donald-trump/jan-6-committee-issues-subpoenas-trump-s-alternate-electors-n1288180,"Jan. 6 committee issues subpoenas to Trump's 'alternate electors,' former spokesman",politics
https://www.nbcnews.com/select/shopping/best-training-workout-shoes-rcna132300,Don’t wear your Hokas to lift weights — personal trainers explain why,select
https://www.nbcnews.com/health/health-news/long-helene-iv-fluid-shortages-plagued-hospitals-rcna175563,"Long before Helene, IV fluid shortages plagued hospitals",health
https://www.nbcnews.com/politics/congress/jan-6-panel-names-republican-lawmakers-sought-pardons-trump-rcna35090,Jan. 6 panel reveals GOP lawmakers sought Trump pardons after Capitol attack,politics
https://www.nbcnews.com/news/world/israel-airstrikes-gaza-rockets-deadly-west-bank-raid-nablus-rcna71917,Israel launches airstrikes in Gaza after deadly West Bank raid sparked rocket fire,news
https://www.nbcnews.com/politics/2024-election/harris-deploys-mark-cuban-elon-musk-stumps-trump-rcna175930,Battle of the billionaires: Harris deploys Mark Cuban as Elon Musk stumps for Trump,politics
https://www.nbcnews.com/news/world/israel-hezbollah-war-nasrallah-airstrikes-hamas-gaza-assassinations-rcna173851,"Analysis: As war rages, some in Lebanon see opportunity in a weakened Hezbollah      ",news
https://www.nbcnews.com/politics/2024-election/trump-golf-election-rcna174834,Trump won't golf until after the election,politics
https://www.nbcnews.com/politics/politics-news/capitol-riot-defendant-planned-kill-fbi-agents-investigated-unsealed-f-rcna62214,"Capitol riot defendant planned to kill FBI agents who investigated him, unsealed filing alleges",politics
https://www.nbcnews.com/news/world/israel-hamas-war-children-starving-famine-warning-death-destruction-rcna141813,"In the ruins of Gaza, children are starving to death and there's no cease-fire in sight",news
https://www.nbcnews.com/news/3-israeli-hostages-tried-only-killed-military-rcna130912,"How 3 Israeli hostages tried to save themselves, only to be killed by their own military ",news
https://www.nbcnews.com/select/shopping/hungryroot-meal-delivery-service-ncna1296414,Hungryroot is the perfect meal delivery service for my pescatarian diet,select
https://www.nbcnews.com/select/shopping/best-salt-for-cooking-baking-rcna138094,What’s difference between cooking salt and finishing salt? Chefs explain,select
https://www.nbcnews.com/select/shopping/most-purchased-uv-light-sanitizing-tech-products-march-ncna1176011,"Most purchased tech, fitness and kitchen products we covered last month",select
https://www.nbcnews.com/pop-culture/victorias-secret-fashion-show-what-expect-controversies-hiatus-rcna175325,Victoria's Secret Fashion Show return: What to expect,pop-culture
https://www.nbcnews.com/select/shopping/best-mouse-gaming-work-ncna1250426,"How to choose the best mouse, according to a tech expert",select
https://www.nbcnews.com/news/world/iran-saudi-arabia-truce-washington-standing-rcna74402,What does the Iran-Saudi Arabia truce mean for Washington’s standing on the global stage?,news
https://www.nbcnews.com/pop-culture/tv/live-blog/emmys-2024-live-updates-rcna167469,"Emmy Awards 2024 highlights: ‘The Bear’, ‘Baby Reindeer,’ ‘Shogun’ led in wins, and a ‘Hacks’ surprise",pop-culture
https://www.nbcnews.com/weather/hurricanes/hurricane-milton-tracker-map-path-forecast-status-rcna174747,"Hurricane Milton tracker: See map, forecast and status",weather
https://www.nbcnews.com/news/world/live-blog/israel-hamas-war-live-updates-rcna134245/rcrd31194?canonicalCard=true,Gazans in Khan Younis allege Israeli soldiers raided cemetery  ,news
https://www.nbcnews.com/politics/2024-election/kamala-harris-interview-tim-walz-cnn-biden-election-rcna168705,Kamala Harris defends her policy changes in first interview: 'My values have not changed' ,politics
https://www.nbcnews.com/select/shopping/last-minute-fathers-day-gifts-ncna1296209,15 last-minute Father's Day gifts,select
https://www.nbcnews.com/news/world/sultan-qaboos-bin-said-who-modernized-oman-dies-79-n1113991,"Sultan Qaboos bin Said, who modernized Oman, dies at 79",news
https://www.nbcnews.com/select/shopping/best-video-games-beginners-ncna1303300, The best video games for beginners to try this year,select
https://www.nbcnews.com/politics/congress/mcconnell-trump-aides-discussing-endorsement-former-president-rcna140509,McConnell and Trump aides have been discussing an endorsement of the former president,politics
https://www.nbcnews.com/select/shopping/cyber-monday-2022-amazon-deals-ncna1301378,40+ best ongoing Cyber Monday 2022 deals on Amazon,select
https://www.nbcnews.com/news/world/zelenskyy-says-ukraine-needs-weapons-allies-continue-defense-russia-rcna140174,Zelenskyy says Ukraine needs weapons from allies to continue defense against Russia,news
https://www.nbcnews.com/politics/congress/trump-surrogate-byron-donalds-harkens-back-jim-crow-era-black-family-w-rcna155663,Trump surrogate Byron Donalds hearkens back to Jim Crow era when 'the Black family was together',politics
https://www.nbcnews.com/news/nbcblk/trump-comments-kamala-harris-race-multiracial-voters-2024-election-rcna164856,Mixed-race voters say Donald Trump’s attacks on Kamala Harris’ race are painfully familiar,news
https://www.nbcnews.com/politics/2024-primary-elections/arizona-senate-results,Arizona Senate Primary Election 2024 Live Results,politics
https://www.nbcnews.com/news/world/israeli-settlers-rampage-palestinian-town-hawara-west-bank-shooting-rcna72406,Israeli settlers rampage through a Palestinian town in revenge for shooting,news
https://www.nbcnews.com/politics/justice-department/gun-toting-jan-6-defendant-says-instinct-took-charged-police-line-wood-rcna79755,Gun-toting Jan. 6 defendant says 'instinct took over' when he charged police line with wooden pallet,politics
https://www.nbcnews.com/news/world/live-blog/israel-iran-live-updates-beirut-strikes-hezbollah-ayatollah-rcna173983,Israel targets presumed new Hezbollah leader in massive Beirut strikes; Iran's leader issues warnings in rare speech,news
https://www.nbcnews.com/politics/politics-news/mcconnell-says-he-would-absolutely-support-trump-2024-nominee-n1258911,McConnell says he would 'absolutely' support Trump as 2024 nominee,politics
https://www.nbcnews.com/politics/politics-news/steve-kramer-admitted-deepfaking-bidens-voice-new-hampshire-primary-rcna153626,"Political consultant who admitted deepfaking Biden's voice is indicted, fined $6 million",politics
https://www.nbcnews.com/politics/justice-department/trump-fan-assaulted-capitol-cops-trump-flag-billboard-jan-6-gets-priso-rcna44988,"Trump fan who assaulted Capitol cops with Trump flag, billboard on Jan. 6 gets over 3.5 years in prison",politics
https://www.nbcnews.com/feature/nbc-out/transgender-model-valentina-sampaio-makes-sports-illustrated-swimsuit-history-n1233478,Sports Illustrated Swimsuit Issue features its first trans model,feature
https://www.nbcnews.com/tech/tech-news/nft-boom-digital-collectibles-rcna430,What's an NFT? Behind the boom for digital collectibles,tech
https://www.nbcnews.com/politics/2024-election/justice-department-sues-alabama-effort-purge-voter-rolls-90-days-elect-rcna173107,Justice Department sues Alabama over effort to purge voter rolls within 90 days of election,politics
https://www.nbcnews.com/tech/tech-news/hurricane-helene-disinformation-social-media-public-officials-response-rcna174305,Public officials urge halt to the spread of rampant disinformation around Hurricane Helene,tech
https://www.nbcnews.com/politics/justice-department/judge-orders-jan-6-rioter-showed-obamas-home-detained-trial-rcna93411,Judge orders Jan. 6 rioter who showed up outside Obama's home detained until trial,politics
https://www.nbcnews.com/news/world/china-north-korea-official-talks-rcna147523,Chinese official talks with North Korean counterpart in the nations' highest-level meeting in years,news
https://www.nbcnews.com/news/live-blog/israel-hamas-war-live-updates-rcna135801,"Israel-Hamas war: ICJ stops short of ordering cease-fire, tells Israel to prevent acts of genocide in Gaza",news
https://www.nbcnews.com/politics/2024-election/damning-non-answer-vance-refuses-acknowledge-trump-lost-2020-election-rcna173569,'Damning non-answer': Vance refuses to acknowledge Trump lost the 2020 election,politics
https://www.nbcnews.com/politics/2024-election/poll-biden-trump-economy-presidential-race-rcna136834,Poll: 20-point deficit on handling economy highlights Biden’s struggles against Trump,politics
https://www.nbcnews.com/news/world/taliban-publish-laws-ban-womens-voices-bare-faces-public-rcna167904,The Taliban publish vice laws that ban women's voices and bare faces in public,news
https://www.nbcnews.com/politics/white-house/biden-king-jordan-meet-hostage-release-talks-israel-hamas-war-rcna138379,Biden and king of Jordan discuss hostage release efforts at White House meeting,politics
https://www.nbcnews.com/select/shopping/how-to-determine-foot-arch-type-rcna146100,How to identify your foot arch type with water and a piece of cardboard,select
https://www.nbcnews.com/news/afghan-accused-plotting-terror-attack-worked-cia-guard-officials-say-rcna174783,"Afghan accused of plotting terror attack worked as CIA guard, officials say",news
https://www.nbcnews.com/politics/justice-department/oath-keepers-verdict-seditious-conspiracy-trial-rcna58415,"Two Oath Keepers, including founder, found guilty of seditious conspiracy in Jan. 6 case",politics
https://www.nbcnews.com/politics/donald-trump/idaho-man-charged-threatening-kill-trump-phone-calls-mar-lago-rcna172374,Idaho man charged with threatening to kill Trump in phone calls to Mar-a-Lago,politics
https://www.nbcnews.com/select/shopping/best-cyber-monday-tech-deals-2022-ncna1301401,47+ best Cyber Monday tech deals you won't want to miss ,select
https://www.nbcnews.com/select/shopping/best-face-washes-acne-ncna1269588,These face washes use ingredients like salicylic acid and benzoyl peroxide to clear acne,select
https://www.nbcnews.com/news/asian-america/andy-kim-mike-crispi-north-korea-flag-rcna175890,'Not everything in life is a conspiracy': Andy Kim rejects claim he wore North Korean flag ,news
https://www.nbcnews.com/meet-the-press/meet-press-may-12-2024-n1309747,"Meet the Press - May 12, 2024",meet-the-press
https://www.nbcnews.com/news/world/palestinians-reel-repeated-strikes-humanitarian-zones-rcna158126,Palestinians reel from repeated strikes on 'humanitarian zones',news
https://www.nbcnews.com/select/shopping/best-fitness-apparel-wellness-awards-ncna1304730,The best fitness apparel we tried for workouts and recovery,select
https://www.nbcnews.com/select/shopping/best-pilates-equipment-apparel-rcna133536,Why Pilates is one of the best low-impact workouts for strength and flexibility,select
https://www.nbcnews.com/news/world/press-freedom-chilled-kashmir-reporting-criminalized-rcna35132,Press freedom chilled in Kashmir as reporting is ‘criminalized’,news
https://www.nbcnews.com/news/investigations/nyc-police-commissioner-expected-resign-today-nightclub-probe-sources-rcna170792,NYC police commissioner resigns amid nightclub probe,news
https://www.nbcnews.com/news/world/north-korea-blows-up-parts-inter-korean-road-south-says-rcna175425,North Korea blows up inter-Korean road and rail lines near the border,news
https://www.nbcnews.com/news/latino/living-war-cuba-race-vaccinate-covid-surges-rcna1635,"'Living through a war': In Cuba, a race to vaccinate as Covid surges",news
https://www.nbcnews.com/investigations/new-twist-covid-relief-fraud-case-third-fraudster-run-rcna14827,New twist in Covid relief fraud case: Third fraudster is on the run,investigations
https://www.nbcnews.com/select/shopping/body-wash-sensitive-skin-rcna126240,When to use a soap-free body wash,select
https://www.nbcnews.com/tech/social-media/meta-start-blocking-content-reaching-teens-facebook-instagram-rcna133027,Meta to start blocking some content from reaching teens on Facebook and Instagram,tech
https://www.nbcnews.com/tech/tech-news/progressive-content-creators-kamala-harris-reaction-rcna162967,Progressive content creators gear up for Kamala Harris,tech
https://www.nbcnews.com/nbc-out/out-news/lgbtq-pride-march-israel-hamas-war-protests-rcna156595,Israel-Hamas war protests have disrupted Pride marches across the U.S.,nbc-out
https://www.nbcnews.com/politics/donald-trump/trump-pardon-jan-6-capitol-rioters-rcna149900,Trump says he may free every Jan. 6 rioter. His team is eyeing 'case-by-case' pardons.,politics
https://www.nbcnews.com/news/world/hamas-chief-ismail-haniyeh-killed-israeli-airstrike-iran-hamas-says-rcna164425,"Hamas political leader Ismail Haniyeh killed in Iran, group says",news
https://www.nbcnews.com/news/world/live-blog/live-updates-hamas-leader-ismail-haniyeh-killed-iran-rcna164428,Hamas leader Ismail Haniyeh killed in Iran,news
https://www.nbcnews.com/politics/2024-election/live-blog/dnc-2024-live-updates-rcna165226/rcrd52581?canonicalCard=true,"Harris makes surprise early appearance, thanks Biden for his service",politics
https://www.nbcnews.com/politics/congress/clear-capitol-pence-pleaded-timeline-riot-shows-n1263729,"‘Clear the Capitol,’ Pence pleaded, timeline of riot shows",politics
https://www.nbcnews.com/news/world/shehbaz-sharif-elected-pakistans-prime-minister-second-term-rcna141541,Shehbaz Sharif elected Pakistan’s prime minister for second term,news
https://www.nbcnews.com/select/shopping/target-circle-week-deals-july-2024-rcna160485,Target Circle Week has begun — we found all the best deals to shop now,select
https://www.nbcnews.com/news/us-news/texas-woman-sought-abortion-court-order-leave-state-rcna129087,Texas Supreme Court rules against woman who sought abortion hours after she says she’ll travel out of state,news
https://www.nbcnews.com/news/us-news/hundreds-palestinian-protesters-arrested-campuses-universities-crack-e-rcna149705,Hundreds of pro-Palestinian protesters arrested at campuses as colleges crack down on encampments,news
https://www.nbcnews.com/select/shopping/foreo-luna-3-cleansing-brush-ncna1290783,Foreo's Luna 3 took my carefully assembled skin care routine to a new level,select
https://www.nbcnews.com/politics/justice-department/jan-6-defendant-arrested-obamas-home-guns-400-rounds-ammunition-van-rcna92094,Jan. 6 defendant arrested near Obama's home had guns and 400 rounds of ammunition in his van,politics
https://www.nbcnews.com/pop-culture/one-direction-fans-mourn-liam-payne-rcna175822,"For One Direction fans, Liam Payne's death is a 'watershed' moment",pop-culture
https://www.nbcnews.com/news/world/hamas-hostage-video-hersh-goldberg-polin-wake-up-call-parents-rcna169888,"Final Hamas video of slain hostage Hersh Goldberg-Polin should be a 'wake-up call,' parents say",news
https://www.nbcnews.com/politics/2024-election/mark-cuban-says-no-plans-run-white-house-2024-rcna127199,Mark Cuban says he has 'no plans to run' for the White House in 2024,politics
https://www.nbcnews.com/politics/2024-election/mitch-mcconnell-endorses-donald-trump-president-rcna142049,Mitch McConnell endorses Donald Trump for president,politics
https://www.nbcnews.com/business/business-news/zyn-maker-increases-production-capacity-new-600-million-facility-color-rcna162072,Zyn maker Philip Morris announces $600 million facility to produce the popular pouches in Colorado,business
https://www.nbcnews.com/news/world/hostage-families-share-disturbing-video-israeli-soldiers-abducted-hama-rcna153558,Hostage families share disturbing video of Israeli soldiers being abducted by Hamas on Oct. 7,news
https://www.nbcnews.com/politics/donald-trump/trump-campaign-says-former-president-safe-possible-gunshots-vicinity-rcna171206,"Trump safe after suspect in apparent assassination attempt is arrested; officials say he had semi-automatic rifle, scope and GoPro",politics
https://www.nbcnews.com/news/world/israel-hamas-war-images-palestinians-stripped-blindfolded-gaza-rcna128685,"Stripped, blindfolded and ‘humiliated’: Images show dozens of Palestinian men detained by Israeli forces in Gaza",news
https://www.nbcnews.com/politics/justice-department/stewart-rhodes-wrote-message-trump-jan-6-calling-republic-arrest-membe-rcna55216,Stewart Rhodes wrote message to Trump after Jan. 6 calling on him to 'save the Republic' and arrest members of Congress,politics
https://www.nbcnews.com/politics/2024-election/poll-harris-trump-democrats-advantage-latino-voters-continues-shrink-rcna172686,Poll: Democrats' advantage with Latino voters continues to shrink,politics
https://www.nbcnews.com/politics/national-security/cia-director-iranian-attack-israel-was-spectacular-failure-rcna148461,CIA director: Iranian attack on Israel was a 'spectacular failure',politics
https://www.nbcnews.com/news/world/oman-mosque-shooting-muscat-police-rcna162044,"9 killed, including 3 suspects, in rare shooting near mosque in Oman's capital",news
https://www.nbcnews.com/politics/2024-election/private-donor-retreat-trump-team-minnesota-virginia-2024-rcna150726,"At a private donor retreat, Trump team says Minnesota and Virginia are in play",politics
https://www.nbcnews.com/select/shopping/editors-picks-september-rcna118660,"25 items we tried and loved in September — from Stanley, Dyson, Touchland and more",select
https://www.nbcnews.com/politics/2024-election/harris-trying-cut-trumps-edge-economy-decide-election-rcna169343,Harris is trying to cut into Trump's edge on the economy. It could decide the election.,politics
https://www.nbcnews.com/news/us-news/police-see-rise-domestic-violence-calls-amid-coronavirus-lockdown-n1176151,"Domestic violence calls increase amid coronavirus lockdown, police say",news
https://www.nbcnews.com/news/latino/cuba-says-us-embargo-genocidal-really-rcna1733,Cuba says the U.S. embargo is 'genocidal.' What does it really do?,news
https://www.nbcnews.com/select/shopping/best-meal-kit-delivery-services-ncna1287814,We tested more than a dozen meal delivery services — these are the ones we recommend,select
https://www.nbcnews.com/politics/2024-election/president-joe-biden-drops-2024-presidential-race-rcna159867,President Joe Biden drops out of 2024 presidential race,politics
https://www.nbcnews.com/select/shopping/walmart-plus-week-sales-2024-rcna157809,"Walmart Plus Week is back, and these are the best deals to shop now",select
https://www.nbcnews.com/politics/2024-election/trumps-dark-rhetoric-big-cities-returns-campaign-trail-rcna175274,Trump's dark rhetoric about big cities returns to the campaign trail,politics
https://www.nbcnews.com/investigations/foreign-adversaries-will-try-cast-doubt-election-results-nov-5-rcna174423,"Foreign adversaries will try to cast doubt on election results after Nov. 5, U.S. intel officials say",investigations
https://www.nbcnews.com/politics/congress/house-vote-senate-passed-bill-provide-security-supreme-court-justices-rcna33427,Congress passes bill to provide security to Supreme Court justices’ family members,politics
https://www.nbcnews.com/news/world/israel-hostage-rescue-what-we-know-rcna156937,IDF faces increased scrutiny as more details come out in wake of deadly hostage rescue,news
https://www.nbcnews.com/news/nbcblk/un-chief-calls-slavery-reparations-overcome-generations-discrimination-rcna145218,U.N. chief calls for slavery reparations to overcome ‘generations of discrimination’,news
https://www.nbcnews.com/politics/supreme-court/supreme-court-agrees-hear-jan-6-cases-affect-trump-prosecution-rcna128202,Supreme Court agrees to hear Jan. 6 case that could affect Trump prosecution,politics
https://www.nbcnews.com/politics/nebraska-2024-presidential-map-politics-desk-rcna146257,How Nebraska could shake up the presidential map: From the Politics Desk,politics
https://www.nbcnews.com/politics/donald-trump/trump-hush-money-trial-resumes-second-week-witness-testimony-rcna149848,Key witnesses in Trump’s criminal trial describe how the hush money deals came together,politics
https://www.nbcnews.com/politics/congress/chuck-schumer-calls-new-elections-israel-criticizing-netanyahus-leader-rcna143397,"Chuck Schumer calls for new elections in Israel, criticizing Netanyahu's leadership",politics
https://www.nbcnews.com/politics/elections/republicans-say-time-wake-call-abortion-rcna124118,Republicans say it's time for a wake-up call on abortion. Again.,politics
https://www.nbcnews.com/health/health-news/narcan-opioid-overdose-drug-otc-access-varies-us-stores-rcna135324,"Where's the Narcan? At pharmacies across the U.S., the OTC antidote can be hard to find",health
https://www.nbcnews.com/politics/justice-department/re-gonna-die-tonight-trump-fan-admits-dragging-cop-capitol-steps-rcna47737,‘You’re gonna die tonight’: Trump fan admits dragging cop down Capitol steps,politics
https://www.nbcnews.com/select/shopping/best-buy-holiday-sales-rcna171683,Best Buy just announced all of its holiday sale events for the year — and it’s a long list,select
https://www.nbcnews.com/news/world/live-blog/israel-hamas-war-live-updates-netanyahu-vows-nothing-will-stop-us-rcna129682,U.S. urges Israel to end large-scale ground war,news
https://www.nbcnews.com/tech/internet/israel-hamas-war-discourse-fraught-nature-online-speech-rcna119589,Israel-Hamas war discourse shows the increasingly fraught nature of online speech,tech
https://www.nbcnews.com/news/world/us-pauses-weapons-shipment-bombs-israel-rafah-assault-cease-fire-gaza-rcna151187,U.S. pauses bombs shipment to Israel amid Rafah assault dispute,news
https://www.nbcnews.com/news/world/israel-gaza-hamas-hospital-bombing-rcna175237,Israeli strike on Gaza hospital ignites devastating fire,news
https://www.nbcnews.com/investigations/us-un-israeli-officials-discuss-restarting-gaza-food-aid-distribution-rcna159225,"U.S., U.N. and Israeli officials meet to discuss restarting food aid distribution in Gaza",investigations
https://www.nbcnews.com/politics/mideast-trip-biden-face-calls-tougher-action-iran-rcna36741,"In Mideast trip, Biden to face calls for tougher action against Iran",politics
https://www.nbcnews.com/select/shopping/cuticle-care-oils-cutters-pushers-ncna1279777,"How to remove, nourish and care for your cuticles safely",select
https://www.nbcnews.com/politics/2024-election/north-carolina-begins-voting-hurricane-devastation-complicates-casting-rcna175805,"As North Carolina begins voting, hurricane devastation complicates casting ballots",politics
https://www.nbcnews.com/politics/immigration/jocelyn-nungaray-houston-trump-biden-debate-immigration-rcna158394,Death of 12-year-old girl in Texas fuels Trump-Biden debate on immigration,politics
https://www.nbcnews.com/news/world/north-korea-claims-progress-developing-hypersonic-missile-rcna144201,North Korea claims progress in developing a hypersonic missile designed to strike distant U.S. targets,news
https://www.nbcnews.com/politics/donald-trump/meeting-zelenskyy-trump-says-will-negotiate-ukraine-russia-deal-good-b-rcna172987,"Meeting with Zelenskyy, Trump says he will negotiate a Ukraine-Russia deal 'that's good for both sides' ",politics
https://www.nbcnews.com/news/world/wael-dahdouh-palestinian-journalist-son-killed-israeli-strike-gaza-rcna132791,Palestinian vows to keep reporting after losing another son in an Israeli strike,news
https://www.nbcnews.com/politics/2024-primary-elections/wisconsin-house-results,Wisconsin House Primary Election 2024 Live Results,politics
https://www.nbcnews.com/news/world/live-blog/israel-hamas-war-live-updates-rcna121849,U.S. intel says it has ‘high confidence’ Israel didn’t cause Gaza hospital blast,news
https://www.nbcnews.com/news/latino/migrants-selling-fruit-candy-new-yorks-subway-are-plagued-fear-uncerta-rcna175712,Migrants selling fruit and candy in New York's subway are plagued by fear and uncertainty,news
https://www.nbcnews.com/news/world/canada-india-killing-sikh-activist-hardeep-singh-nijjar-rcna105749,"Canada accuses India of an assassination on its soil, leading both countries to expel diplomats",news
https://www.nbcnews.com/news/world/hamas-says-hostage-guards-gaza-are-operating-new-instructions-rcna169276,Hamas says hostage guards in Gaza are operating under new instructions,news
https://www.nbcnews.com/politics/congress/new-jersey-governor-appoints-former-aide-fill-sen-bob-menendezs-seat-rcna166679,New Jersey governor appoints former aide to fill Sen. Bob Menendez's seat,politics
https://www.nbcnews.com/politics/2024-election/jd-vance-says-allegations-mark-robinson-arent-necessarily-reality-rcna172122,Vance says allegations against Mark Robinson 'aren't necessarily reality',politics
https://www.nbcnews.com/news/world/live-blog/united-nations-general-assembly-live-updates-rcna172388,World leaders flock to U.N. General Assembly,news
https://www.nbcnews.com/news/world/israel-iran-attack-escalation-war-fears-drones-missiles-rcna147739,Biden officials fret that Israeli response to Iran’s attack may trigger wider war,news
https://www.nbcnews.com/sports/college-football/college-football-showdown-texas-will-try-beating-georgia-game-rcna175573,"In college football showdown, Texas will try beating Georgia at its own game ",sports
https://www.nbcnews.com/news/world/israels-netanyahu-faces-growing-pressure-gaza-plan-war-cabinet-rcna152953,Israel's Netanyahu faces growing pressure over Gaza plan from his own war Cabinet,news
https://www.nbcnews.com/politics/2024-election/lock-hillary-clinton-smiles-nods-chants-echoing-trump-supporters-rcna167299,'Lock him up!': Hillary Clinton smiles and nods amid chants echoing Trump supporters,politics
https://www.nbcnews.com/news/world/shin-bet-interrogation-hamas-rcna125748,Inside Shin Bet’s interrogation of 50 Hamas fighters,news
https://www.nbcnews.com/tech/social-media/instagram-palestinian-journalists-digital-creators-document-gaza-strik-rcna123067,"On Instagram, Palestinian journalists and digital creators documenting Gaza strikes see surge in followers",tech
https://www.nbcnews.com/news/latino/goldman-environmental-prize-awarded-latina-organizer-fighting-air-poll-rcna149449,Goldman Environmental Prize awarded to Latina organizer fighting air pollution crisis,news
https://www.nbcnews.com/select/shopping/best-hair-beard-trimmer-men-ncna1184431,These expert-recommend beard trimmers are versatile and long-lasting,select
https://www.nbcnews.com/select/shopping/amazon-prime-benefits-cost-ncna1269672,Should you sign up for Prime? Here's everything you need to know,select
https://www.nbcnews.com/news/world/north-koreas-kim-enjoys-russian-luxury-limousine-gifted-putin-two-nati-rcna143710,North Korea’s Kim enjoys a Russian luxury limousine gifted by Putin as the two nations expand ties,news
https://www.nbcnews.com/news/asian-america/anti-asian-bias-rose-after-media-officials-used-china-virus-n1241364,"'China virus' rhetoric caused sharp anti-Asian bias increase, report shows",news
https://www.nbcnews.com/health/health-news/university-alabama-pauses-ivf-services-court-rules-embryos-are-childre-rcna139846,Three Alabama clinics pause IVF services after court rules that embryos are children,health
https://www.nbcnews.com/news/world/israeli-found-dead-shot-west-bank-rcna158428,An Israeli found dead after being shot in the West Bank as deadly strikes hit northern Gaza ,news
https://www.nbcnews.com/news/investigations/russias-2024-election-interference-already-begun-rcna134204,Russia’s 2024 election interference has already begun,news
https://www.nbcnews.com/select/shopping/grill-cleaning-supplies-brushes-scrapers-ncna1295310,The best way to clean your grill,select
https://www.nbcnews.com/politics/2022-election/ohio-democrats-see-abortion-restrictions-opening-dewine-rcna36629,Ohio Democrats see abortion restrictions as an opening against DeWine,politics
https://www.nbcnews.com/news/world/putin-visit-north-korea-kim-jong-un-rcna157463,Putin to visit North Korea starting Tuesday for talks with Kim Jong Un,news
https://www.nbcnews.com/news/world/india-modi-accused-hate-speech-calling-muslims-infiltrators-rcna148916,Modi accused of hate speech for calling Muslims 'infiltrators' at a rally days into India's election,news
https://www.nbcnews.com/news/world/india-election-modi-bjp-lost-majority-election-surprise-rcna155557,How Modi lost his magic — and his majority — in India election surprise,news
https://www.nbcnews.com/politics/politics-news/desantis-florida-school-board-endorsements-election-rcna56423,Florida's DeSantis-backed school board candidates win as he declares state as 'where woke goes to die',politics
https://www.nbcnews.com/news/world/intense-phase-israel-war-hamas-end-netanyahu-cease-fire-hezbollah-rcna158531,"Intense phase of Israel's war with Hamas about to end, Netanyahu says",news
https://www.nbcnews.com/news/world/live-blog/israel-hamas-war-live-updates-rcna141090/rcrd35574?canonicalCard=true,"Hundreds of desperate Gazans rush aid truck, lament little food in Gaza City",news
https://www.nbcnews.com/tech/internet/trump-shares-ai-generated-images-taylor-swift-fans-supporting-rcna167126,Trump shares AI-generated images of Taylor Swift and her fans supporting him,tech
https://www.nbcnews.com/news/world/israel-hostage-rescue-hamas-families-captives-gaza-rcna156522,Hostage rescue brings hope — and fear — for families of captives still in Gaza,news
https://www.nbcnews.com/politics/donald-trump/updates-trump-arraignment-florida-classified-documents-rcna88871,Trump pleads not guilty in federal classified documents case,politics
https://www.nbcnews.com/news/world/will-happen-gaza-war-ends-rcna127060,Who will govern or rebuild Gaza after the war?,news
https://www.nbcnews.com/tech/misinformation/taylor-swift-nude-deepfake-goes-viral-x-platform-rules-rcna135669,"Nude deepfakes of Taylor Swift went viral on X, evading moderation and sparking outrage",tech
https://www.nbcnews.com/tech/misinformation/jd-vance-ohio-police-no-reports-haitian-immigrants-harming-pets-rcna170271,"Ohio police have 'no credible reports' of Haitian immigrants harming pets, contradicting JD Vance's claim",tech
https://www.nbcnews.com/politics/2024-election/harris-launches-new-ad-hits-trumps-age-criticizing-vance-rcna173526,Harris' new ad hits Trump's age in criticizing Vance,politics
https://www.nbcnews.com/politics/2024-election/trump-election-chaos-detroit-misinformation-rcna174091,How Trump allies stoked election chaos in Detroit in 2020 — and what they're planning in 2024,politics
https://www.nbcnews.com/politics/politics-news/gop-sen-lamar-alexander-key-impeachment-vote-reveal-decision-witnesses-n1127056,"GOP Sen. Lamar Alexander, a key impeachment swing vote, says he will vote against witnesses",politics
https://www.nbcnews.com/weather/hurricanes/live-blog/hurricane-milton-live-updates-rcna174425,Hurricane Milton: Monster storm re-intensifies to Category 5 as Florida braces for direct hit,weather
https://www.nbcnews.com/select/shopping/best-sunscreens-kids-according-dermatologists-ncna1019866,All kids 6 months and older should be wearing sunscreen — regardless of skin tone,select
https://www.nbcnews.com/select/shopping/best-travel-tech-gadgets-amazon-rcna97967,Make room in your luggage for these travel tech gadgets,select
https://www.nbcnews.com/politics/congress/two-trump-white-house-officials-expected-testify-prime-time-jan-6-hear-rcna38832,2 Trump White House officials expected to testify at prime-time Jan. 6 hearing Thursday,politics
https://www.nbcnews.com/select/shopping/best-sunscreens-sensitive-skin-ncna1305369,"Sensitive skin? Here's what to look for in sunscreen, according to dermatologists",select
https://www.nbcnews.com/politics/national-security/china-wants-avoid-escalation-us-spy-chief-says-rcna73990,"China wants to avoid escalation with U.S., U.S. spy chief says",politics
https://www.nbcnews.com/politics/white-house/biden-administration-advances-potential-1-billion-weapons-sale-israel-rcna152476,Biden administration advances potential $1 billion weapons sale to Israel,politics
https://www.nbcnews.com/investigations/iran-assassination-plot-trump-secret-service-tightened-security-rcna162203,Secret Service tightened security around Trump after learning of alleged Iranian assassination plot,investigations
https://www.nbcnews.com/news/world/israel-hamas-war-gaza-journalists-deadliest-conflict-rcna172282,"Israel-Hamas war in Gaza the deadliest on record for journalists who describe killings, attacks and arrests",news
https://www.nbcnews.com/select/shopping/how-to-clean-fridge-rcna145521,You should be cleaning your fridge every three to six months,select
https://www.nbcnews.com/select/shopping/eco-friendly-cleaning-products-ncna1266586,Here’s how to tell if cleaning products are actually eco-friendly,select
https://www.nbcnews.com/news/world/we-don-t-deserve-10-year-old-girl-reflects-destruction-n1267576,"Girl, 10, asks America for help from Gaza City",news
https://www.nbcnews.com/politics/donald-trump/trump-secret-service-dc-hotel-emoluments-pardons-jobs-democrat-report-rcna175714,"Trump overcharged Secret Service agents to stay at his D.C. hotel, new Democratic report says",politics
https://www.nbcnews.com/select/shopping/best-treatment-undereye-circles-ncna1124191,"Struggling with dark under eyes? Here’s how to treat them, according to derms",select
https://www.nbcnews.com/news/china/xi-warned-biden-summit-beijing-will-reunify-taiwan-china-rcna130087,Xi warned Biden during summit that Beijing will reunify Taiwan with China,news
https://www.nbcnews.com/select/shopping/best-self-care-gifts-ncna1300240,"Give the gift of self care with these items from Dyson, Glossier, Hatch and more",select
https://www.nbcnews.com/select/shopping/mr-coffee-mug-warmer-gift-ncna1285511,The mug warmer I’ll be gifting my dad this year,select
https://www.nbcnews.com/politics/2024-election/rfk-jr-running-mate-outlines-two-options-drop-back-trump-risk-harris-w-rcna167395,RFK Jr.'s running mate outlines 'two options': Drop out and back Trump or 'risk' Harris win,politics
https://www.nbcnews.com/politics/national-security/biden-increases-criticism-israel-gaza-still-provides-military-aid-rcna141775,Biden admin carefully ups criticism of Israel but stops short of cutting off military aid,politics
https://www.nbcnews.com/select/shopping/best-gift-ideas-mom-ncna1286378,Found: the perfect gift for every type of mom out there,select
https://www.nbcnews.com/news/asian-america/connecting-chinese-adoptees-birth-families-couple-makes-discovery-about-china-n1172301,"In connecting Chinese adoptees to birth families, couple makes discovery about China’s one-child policy",news
https://www.nbcnews.com/politics/donald-trump/fulton-county-fani-willis-trump-appeals-court-reinstate-six-charges-rcna175776,Fulton County DA Fani Willis asks appeals court to reinstate six counts in Trump election case,politics
https://www.nbcnews.com/politics/donald-trump/donald-trump-jd-vance-relationship-rcna171181,Inside Trump and Vance's 'buddy level' relationship,politics
https://www.nbcnews.com/nbc-out/out-pop-culture/hbos-last-us-adaptation-milestone-lgbtq-gamers-rcna67082,HBO's 'The Last of Us' adaptation is a milestone for LGBTQ gamers,nbc-out
https://www.nbcnews.com/news/world/visit-far-right-israeli-lawmaker-sparks-jerusalem-unrest-ahead-content-rcna31011,  Far-right Israeli lawmaker's visit sparks Jerusalem unrest before contentious flag march,news
https://www.nbcnews.com/politics/congress/house-new-funding-bill-government-shutdown-stupid-election-year-rcna172044,House to take up new funding bill as some Republicans fear a 'galactically stupid' shutdown,politics
https://www.nbcnews.com/politics/2024-election/trump-rally-butler-pennsylvania-oct-5-rcna172329,Trump to rally next month in Pennsylvania city where his first assassination attempt occurred,politics
https://www.nbcnews.com/politics/donald-trump/sidney-powell-pleads-guilty-georgia-election-interference-case-rcna121210,Ex-Trump lawyer Sidney Powell pleads guilty in Georgia election interference case,politics
https://www.nbcnews.com/tech/meta-unveils-features-combat-teen-sextortion-rcna175929,Meta unveils features to combat teen 'sextortion',tech
https://www.nbcnews.com/politics/2024-election/trumps-lawyers-seek-post-election-day-delay-court-fight-immunity-decis-rcna169022,Trump's lawyers seek post-Election Day delay for court fight over immunity decision fallout in interference case,politics
https://www.nbcnews.com/select/shopping/best-acne-scar-treatments-ncna1273575,"How you can treat acne scars at home, according to dermatologists",select
https://www.nbcnews.com/select/shopping/best-vegetarian-vegan-meal-delivery-ncna1298934,The best meal delivery services if you’re vegetarian or vegan,select
https://www.nbcnews.com/politics/2024-election/trump-says-presidential-civilian-award-better-top-military-honor-whose-rcna166855,Trump says presidential civilian award is 'better' than top military honor whose recipients are 'dead' or 'hit' by bullets,politics
https://www.nbcnews.com/select/shopping/white-elephant-secret-santa-gifts-ncna1285678,21+ Secret Santa and White Elephant gifts that will make holiday shopping so much easier,select
