url,label
https://www.foxnews.com/video/5614615980001,fox
https://www.foxnews.com/video/topics/v-most-recent-episodes,fox
https://www.foxnews.com/video/topics/latest-news-video,fox
https://www.foxnews.com/us/brown-university-reports-active-shooter-campus,fox
https://www.foxnews.com/us/man-uncovers-missing-fathers-bones-buried-beneath-family-home-unleashing-thousand-other-secrets,fox
https://www.foxnews.com/us/one-person-killed-u-haul-truck-explodes-idaho-retail-shopping-center-parking-lot,fox
https://www.foxnews.com/us/wounded-national-guardsman-making-extraordinary-progress-can-breathe-his-own-doctor,fox
https://www.foxnews.com/us/illegal-immigrant-bites-ice-officer-gross-attack-while-resisting-arrest-dhs,fox
https://www.foxnews.com/us/brian-walshe-declines-testify-murder-trial-hes-accused-destroying-dads-will-before-murder-case,fox
https://www.foxnews.com/us/luigi-mangione-raised-red-flags-mcdonalds-confrontation-police-body-language-expert-says,fox
https://www.foxnews.com/us/luigi-mangione-apologizes-looking-suspicious-newly-released-body-camera-arrest-footage,fox
https://www.foxnews.com/us/luigi-mangione-judge-weighs-potentially-fatal-evidence-fight-over-search-suspects-backpack-attorney,fox
https://www.foxnews.com/us/macys-stabbing-suspect-history-mental-illness-released-psych-ward-day-attack,fox
https://www.foxnews.com/us/georgia-woman-suffers-severe-burns-someone-corrosive-chemical-her-during-evening-walk,fox
https://www.foxnews.com/us/illegal-immigrant-caught-released-biden-administration-now-charged-washington-vehicular-homicide,fox
https://www.foxnews.com/us/airline-passenger-attempted-open-plane-door-mid-air-authorities-say,fox
https://www.foxnews.com/us/royal-caribbean-sued-over-cruise-passengers-death-ship-rules-prove-fast-loose-expert,fox
https://www.foxnews.com/us/california-home-explosion-caught-doorbell-camera,fox
https://www.foxnews.com/us/viral-footage-shows-doordash-driver-allegedly-pepper-spraying-customers-food-order-during-delivery,fox
https://www.foxnews.com/us/police-warned-luigi-mangione-hed-face-more-trouble-using-fake-name-bodycam-video,fox
https://www.foxnews.com/us/kentucky-child-killer-walks-free-good-behavior-gets-arrested-again-days,fox
https://www.foxnews.com/us/alleged-gang-hitman-captured-after-years-long-manhunt-3-separate-murders-philadelphia,fox
https://www.foxnews.com/us/ex-kentucky-sheriff-admits-shooting-judge-claims-he-had-no-control-over-actions-report,fox
https://www.foxnews.com/us/human-skull-other-remains-found-bushes-brooklyns-coney-island-investigators-work-unravel-mystery,fox
https://www.foxnews.com/politics/top-automaker-unleashes-limited-edition-corvettes-inspired-americas-founding,fox
https://www.foxnews.com/us/colorado-repeat-offender-freed-from-jail-less-than-two-weeks-before-allegedly-killing-mother-three-report,fox
https://www.foxnews.com/us/retired-elementary-teacher-who-worked-santa-arrested-child-abuse-material-charges,fox
https://www.foxnews.com/us/arkansas-mom-found-shot-death-two-children-wrote-cryptic-facebook-post-months-before-killings,fox
https://www.foxnews.com/us/florida-man-allegedly-crashes-stolen-bmw-gives-bizarre-explanation-deputies-teleported,fox
https://www.foxnews.com/us/experienced-hiker-rescued-after-getting-trapped-quicksand-utahs-arches-national-park,fox
https://www.foxnews.com/us/fugitive-repeat-offender-keeps-walking-free-courts-let-him-loose-hurt-people-experts-warn,fox
https://www.foxnews.com/world/europe-literally-being-flooded-cocaine-narco-subs-evade-detection-crossing-atlantic,fox
https://www.foxnews.com/us/new-cockpit-audio-reveals-chaos-off-duty-alaska-airlines-pilot-tried-shut-engines-off-mid-flight,fox
https://www.foxnews.com/us/plane-crash-lands-top-toyota-florida-freeway-following-engine-trouble,fox
https://www.foxnews.com/politics/mamdanis-new-safety-advisor-confessed-serious-pill-addiction-turned-ex-nba-star-help,fox
https://www.foxnews.com/us/arkansas-woman-children-found-dead-mansion-home-day-after-final-divorce-hearing-estranged-husband,fox
https://www.foxnews.com/us/barefoot-father-son-airlifted-from-everglades-mudhole-after-atv-runs-out-gas-alligators-hungry,fox
https://www.foxnews.com/us/texas-am-student-brianna-aguilera-fall-death-sparks-police-response-familys-explosive-claims-report,fox
https://www.foxnews.com/us/louisiana-father-heart-gold-dies-rifle-accidentally-discharges-during-hunting-trip,fox
https://www.foxnews.com/us/florida-mom-says-teens-lured-14-year-old-daughter-into-woods-before-shooting-setting-her-fire-report,fox
https://www.foxnews.com/us/man-with-12-arrests-this-year-busted-again-after-allegedly-attacking-doctor-hospital-elevator-report,fox
https://www.foxnews.com/politics/florida-designates-muslim-brotherhood-cair-foreign-terrorist-organizations-desantis-says,fox
https://www.foxnews.com/us/luigi-mangione-pumps-fist-court-police-body-cam-allegedly-reveals-loaded-magazine-found-inside-wet-underwear,fox
https://www.foxnews.com/us/repeat-offender-accused-stabbing-parents-death-family-deli-while-free-bond-report,fox
https://www.foxnews.com/politics/pressure-mounts-on-mamdani-to-continue-the-fight-on-illicit-chinese-vapes-flooding-nyc,fox
https://www.foxnews.com/us/crime-rings-hackers-join-forces-hijack-trucks-nationwide-fueling-major-holiday-shipping-security-fears,fox
https://www.foxnews.com/world/police-recover-19k-faberge-egg-swallowed-new-zealand-man,fox
https://www.foxnews.com/us/pearl-harbor-remembrance-ceremony-marks-84-years-since-attack,fox
https://www.foxnews.com/us/schemes-stacked-upon-schemes-1b-human-services-fraud-fuels-scrutiny-of-minnesotas-somali-community,fox
https://www.foxnews.com/us/florida-teens-custody-after-14-year-old-girl-found-shot-death-burnt-sheriff,fox
https://www.foxnews.com/us/disgraced-teacher-accused-using-google-docs-groom-underage-student-before-alleged-sex-crimes,fox
https://www.foxnews.com/us/louisiana-manhunt-continues-dangerous-inmate-charged-attempted-murder-remains-run,fox
https://www.foxnews.com/us/mass-killings-fall-lowest-level-nearly-two-decades-national-database-shows,fox
https://www.foxnews.com/us/911-calls-from-deadly-texas-hill-country-flood-reveal-heartbreaking-pleas,fox
https://www.foxnews.com/us/wounded-national-guardsman-beginning-look-more-like-himself-remains-acute-care-west-virginia-gov,fox
https://www.foxnews.com/us/disgraced-ex-sen-bob-menendez-banned-from-holding-any-public-office-new-jersey,fox
https://www.foxnews.com/us/bondi-describes-wounded-national-guardsman-miracle-says-hes-able-open-both-eyes,fox
https://www.foxnews.com/us/arrest-made-after-explosive-street-takeover-video-shows-mob-ambushing-couple-during-fiery-car-meetup,fox
https://www.foxnews.com/us/repeat-offender-violent-past-accused-murdering-woman-during-home-invasion,fox
https://www.foxnews.com/video/6386459720112,fox
https://www.foxnews.com/video/6386457315112,fox
https://www.foxnews.com/video/6386457177112,fox
https://www.foxnews.com/video/6386455735112,fox
https://www.foxnews.com/video/6386453498112,fox
https://www.foxnews.com/media/border-patrol-chief-urges-illinois-follow-louisiana-blueprint-threats-against-agents-surge,fox
https://www.foxnews.com/us/irynas-law-branded-political-agenda-sheriff-warns-jail-overcrowding,fox
https://www.foxnews.com/us/charlotte-residents-say-feel-less-safe-city-faces-second-transit-stabbing,fox
https://www.foxnews.com/us/lenient-judges-ignore-red-flags-cave-soft-crime-pressures-release-repeat-offenders-attorney,fox
https://www.foxnews.com/us/nyu-attack-suspect-allegedly-assaulted-woman-days-earlier-found-burglarizing-off-campus-apartments-report,fox
https://www.foxnews.com/us/suspect-arrested-twice-after-allegedly-carrying-out-two-separate-unprovoked-assaults-only-minutes-apart,fox
https://www.foxnews.com/politics/trump-calls-chicago-out-control-after-train-attack-left-woman-critically-burned,fox
https://www.foxnews.com/us/chicago-train-attack-victim-bethany-magee-known-smart-from-wonderful-small-town-family,fox
https://www.foxnews.com/us/charlotte-gop-chair-says-mayor-creates-perception-does-not-match-reality-amid-violent-crime-wave,fox
https://www.foxnews.com/us/video-shows-wild-neighborhood-street-takeover-violent-mob-pummels-couple-burns-truck,fox
https://www.foxnews.com/us/chicago-train-fire-attack-shows-why-decarceration-policies-putting-lives-risk-expert,fox
https://www.foxnews.com/us/chicago-repeat-offender-accused-punching-women-arrested-again-after-years-violent-crimes-report,fox
https://www.foxnews.com/us/baltimore-killer-commits-third-murder-after-being-paroled-twice-prior-slayings,fox
https://www.foxnews.com/us/human-trafficking-soars-blue-city-gangs-highways-fuel-perfect-storm-child-exploitation-experts,fox
https://www.foxnews.com/us/houston-thug-charged-murder-after-8-arrests-shows-revolving-door-failures-gop-lawmaker,fox
https://www.foxnews.com/us/charlotte-bus-stabbing-suspect-arrested-15-times-3-years-freed-weeks-before-attack,fox
https://www.foxnews.com/us/repeat-offender-terrorizes-sorority-break-in-steal-underwear-spy-women-shower-police,fox
https://www.foxnews.com/us/see-it-video-shows-charlotte-train-stabbing-suspect-before-attack-minutes-before-arrest,fox
https://www.foxnews.com/us/vietnam-veteran-kills-naked-home-invader-while-defending-neighbor-suffers-broken-legs-fight,fox
https://www.foxnews.com/us/chicago-man-25-prison-sentences-commits-new-burglaries-within-48-hours-release,fox
https://www.foxnews.com/us/texas-man-accused-child-sex-crimes-avoids-jail-plea-deal-soros-backed-prosecutor-report,fox
https://www.foxnews.com/us/blue-city-police-search-suspect-unprovoked-stabbing-college-train-stop,fox
https://www.foxnews.com/us/chicago-carjacker-gets-10-years-prison-stealing-elderly-womans-luxury-rolls-royce-police,fox
https://www.foxnews.com/us/california-mental-health-loophole-frees-killers-crooks-terrible-laws-sheriff-warns,fox
https://www.foxnews.com/us/father-son-gunned-down-blue-city-after-jewelry-store-robbery-thousands-offered-information,fox
https://www.foxnews.com/us/three-dc-homicides-six-hours-test-trumps-claim-safer-washington,fox
https://www.foxnews.com/opinion/newt-gingrich-trump-could-fix-our-broken-prison-system-help-make-america-safe-again,fox
https://www.foxnews.com/us/joe-rogan-elon-musk-slam-blue-city-judges-after-repeat-offender-charged-charlotte-train-murder,fox
https://www.foxnews.com/us/massachusetts-police-arrest-5-after-massive-street-takeover-shuts-down-city-streets-hours,fox
https://www.foxnews.com/us/blue-city-repeat-offender-arrested-nine-times-released-again-despite-alleged-violent-history,fox
https://www.foxnews.com/us/blue-city-perp-50-arrests-accused-pushing-stranger-onto-train-tracks-fifth-attack-day-report,fox
https://www.foxnews.com/us/driver-who-mowed-down-blue-city-officer-yelled-cops-sparks-outrage-over-light-sentence,fox
https://www.foxnews.com/us/california-jail-cuts-seattle-murder-suspect-loose-mistake-triggering-manhunt-victims-mom-fumes,fox
https://www.foxnews.com/us/bloody-blue-city-crime-wave-shatters-college-homecoming-one-years-most-violent-stretches-report,fox
https://www.foxnews.com/media/pirro-hails-trumps-dc-crime-crackdown-blueprint-america-after-dramatic-results,fox
https://www.foxnews.com/us/blue-citys-homicide-increase-flashing-red-warning-light-soft-crime-experiment-expert,fox
https://www.foxnews.com/us/blue-city-sex-offender-accused-violent-attack-elite-university-campus-weeks-after-release-report,fox
https://www.foxnews.com/us/everythings-on-table-former-detective-breaks-down-murder-manager-famed-strip-club,fox
https://www.foxnews.com/us/murder-suspect-arrested-over-40-times-before-allegedly-killing-hotel-guest,fox
https://www.foxnews.com/us/blue-city-mayor-rocked-gunfire-hits-home-says-none-us-are-immune-from-crime,fox
https://www.foxnews.com/us/soros-backed-blue-city-da-under-fire-after-freeing-suspect-tied-miss-usa-hopefuls-death,fox
https://www.foxnews.com/us/no-kings-agitator-vowed-fight-ice-firebombs-blue-citys-protest-report,fox
https://www.foxnews.com/us/charlotte-teen-arrested-111-times-2-years-still-walking-free-soft-crime-blue-city-police,fox
https://www.foxnews.com/us/organized-crime-rings-drive-street-takeovers-using-kids-steal-cars-wild-stunts-expert,fox
https://www.foxnews.com/us/blue-state-governor-vows-zero-tolerance-approach-street-takeovers-after-violent-attack-law-enforcement,fox
https://www.foxnews.com/us/blue-city-repeat-offender-accused-metal-pipe-rampage-just-days-after-release,fox
https://www.foxnews.com/us/blue-city-rail-station-killing-linked-same-suspect-eyed-second-transit-attack,fox
https://www.foxnews.com/media/pam-bondi-says-trump-absolutely-has-authority-invoke-insurrection-act-curb-chicago-crime,fox
https://www.foxnews.com/us/trump-storms-most-violent-us-city-federal-muscle-police-group-warns-soft-crime-consequences,fox
https://www.foxnews.com/politics/trump-floats-using-insurrection-act-combat-chicago-crime-says-pritzker-should-beg-his-help,fox
https://www.foxnews.com/us/machete-wielding-career-criminal-charged-deadly-hit-and-run-after-20-arrests,fox
https://www.foxnews.com/us/blue-city-da-says-repeat-drug-offenders-will-not-respect-law-under-current-system,fox
https://www.foxnews.com/politics/untethered-from-reality-lawyers-trump-oregon-spar-over-national-guard-deployment-court-clash,fox
https://www.foxnews.com/us/blue-city-officers-open-feds-help-fighting-crime-crisis-leaders-spew-anti-police-rhetoric-union-pres,fox
https://www.foxnews.com/us/pro-palestinian-agitators-attack-police-riot-erupts-dem-run-city-officials-say,fox
https://www.foxnews.com/us/manager-famed-strip-club-gunned-down-near-home-blue-city-police-hunt-killer,fox
https://www.foxnews.com/us/blue-city-street-takeover-suspects-released-after-police-cruiser-torched-officials,fox
https://www.foxnews.com/us/staten-island-teen-charged-murder-after-allegedly-beheading-mothers-boyfriend-report,fox
https://www.foxnews.com/us/murder-rate-drops-in-blue-city-as-prosecutor-vows-you-will-go-to-prison,fox
https://www.foxnews.com/opinion/victor-davis-hanson-when-liberals-play-confederates-portlands-revolt-against-america,fox
https://www.foxnews.com/us/chicago-police-chief-puts-criminals-notice-after-federal-agents-targeted-weekend-confrontations,fox
https://www.foxnews.com/us/blue-city-records-22-shootings-four-murders-over-weekend-feud-feds,fox
https://www.foxnews.com/us/blue-city-crime-drives-trump-doj-battle-major-democrat-led-county-concealed-carry-rights,fox
https://www.foxnews.com/opinion/david-marcus-portlands-dystopia-delusion-coming-city-near-all-us,fox
https://www.foxnews.com/politics/trump-admin-reviewing-portland-federal-funding-amid-anti-ice-clashes-journalists-detention,fox
https://www.foxnews.com/politics/campus-rifle-arrest-repeat-offender-draws-sharp-rebuke-dems-from-gop-lawmaker,fox
https://www.foxnews.com/opinion/david-marcus-democrat-portland-luxury-vagrancy-total-disorder,fox
https://www.foxnews.com/us/suspected-blue-city-gunmen-kill-innocent-girl-revenge-shooting-home-sheriff,fox
https://www.foxnews.com/us/blue-city-felon-violent-history-arrested-deadly-train-platform-stabbing-after-parole-release-report,fox
https://www.foxnews.com/us/teen-shootout-sends-blue-city-residents-running-cover-youth-gangs-surge-ahead-mayoral-race-expert,fox
https://www.foxnews.com/us/blue-city-commuter-ambushed-random-stabbing-attack-weeks-after-charlotte-train-murder,fox
https://www.foxnews.com/us/blue-city-murder-victims-brother-rips-ex-mayor-calling-crime-crisis-manufactured-families-beg-help,fox
https://www.foxnews.com/opinion/liz-peek-trump-sets-trap-democrats-crime-theyre-walking-right,fox
https://www.foxnews.com/us/daniel-penny-attorney-calls-progressive-policies-homicidal-says-charlotte-train-murder-preventable,fox
https://www.foxnews.com/us/burberry-bandit-dozens-prior-arrests-walks-free-after-latest-blue-city-crime-spree-report,fox
https://www.foxnews.com/us/americas-commuters-under-siege-violent-transit-crimes-endanger-blue-cities,fox
https://www.foxnews.com/opinion/im-son-mexican-immigrant-democrats-hate-america-she-loves,fox
https://www.foxnews.com/media/crockett-argues-person-committing-crime-doesnt-make-them-criminal,fox
https://www.foxnews.com/us/blue-city-bus-attack-heightens-commuters-fears-after-charlotte-train-stabbing,fox
https://www.foxnews.com/politics/congress-hold-crime-hearing-charlotte-following-deadly-light-rail-attack,fox
https://www.foxnews.com/politics/trump-orders-national-guard-fbi-memphis-new-crime-crackdown,fox
https://www.foxnews.com/us/blue-states-crime-crisis-threatening-tourism-college-parents-killing-small-businesses-report,fox
https://www.foxnews.com/opinion/trumps-dc-crime-success-puts-spotlight-chicagos-deadly-war-zone,fox
https://www.foxnews.com/politics/iryna-zarutska-killing-exposes-gop-split-possible-federal-intervention-charlotte,fox
https://www.foxnews.com/politics/trump-says-national-guard-deploying-memphis-tennessee-next-amid-anti-crime-push,fox
https://www.foxnews.com/politics/blackburn-cheers-trumps-move-make-memphis-safe-again,fox
https://www.foxnews.com/politics/pam-bondi-says-death-penalty-possibility-iryna-zarutska-killer,fox
https://www.foxnews.com/us/train-stabbing-suspect-makes-claims-about-deadly-attack-jailhouse-call,fox
https://www.foxnews.com/sports/ex-espn-host-calls-nyc-mayor-take-clearly-unwell-violent-men-off-streets-after-charlotte-stabbing,fox
https://www.foxnews.com/politics/charlotte-train-murder-front-and-center-crucial-2026-senate-battle-soft-on-crime-policies,fox
https://www.foxnews.com/politics/trump-calls-death-penalty-suspect-charlotte-light-rail-stabbing,fox
https://www.foxnews.com/us/iryna-zarutskas-family-demands-justice-first-statement-since-horrific-stabbing,fox
https://www.foxnews.com/media/liberal-media-fuels-republicans-pounce-narrative-charlotte-stabbing-ukrainian-refugee-sparks-outcry,fox
https://www.foxnews.com/politics/baltimore-residents-reject-narrative-city-leaders-violent-crime-dropping-not-going-low,fox
https://www.foxnews.com/us/charlotte-pro-crime-policies-under-fire-career-criminal-charged-killing-commuter-expert,fox
https://www.foxnews.com/politics/charlotte-mayor-scores-primary-re-election-victory-amid-national-backlash-over-gruesome-murder,fox
https://www.foxnews.com/media/wikipedia-editors-attempted-delete-charlotte-murder-article-removed-suspects-name-from-entry-report,fox
https://www.foxnews.com/media/crockett-blasted-saying-point-law-enforcement-isnt-prevent-crime,fox
https://www.foxnews.com/us/couple-found-tied-up-burned-death-home-near-famous-racetrack-police-hunt-suspect,fox
https://www.foxnews.com/us/kash-patel-fbi-hit-train-stabbing-suspect-federal-charge-commuters-on-camera-attack,fox
https://www.foxnews.com/politics/mamdani-ripped-after-word-salad-response-question-about-key-issue-nyc-no-plan,fox
https://www.foxnews.com/media/charlotte-city-council-member-calls-out-paper-thin-crime-statistics-after-ukrainian-refugees-killing,fox
https://www.foxnews.com/opinion/chicagos-killing-fields-activists-cry-trump-families-bury-kids,fox
https://www.foxnews.com/us/blue-city-police-blasted-for-embarrassing-tips-to-robbery-victims-as-crime-spikes-veteran-officer-says,fox
https://www.foxnews.com/media/cnns-brian-stelter-says-pro-trump-activists-seized-charlotte-stabbing-rips-baldly-racist-comments,fox
https://www.foxnews.com/politics/trump-says-democrats-have-blood-hands-after-deadly-charlotte-train-stabbing,fox
https://www.foxnews.com/opinion/iryna-zarutska-fled-ukraine-safety-democrats-soft-on-crime-policies-failed-her,fox
https://www.foxnews.com/politics/dem-governor-breaks-silence-murder-ukrainian-refugee-after-social-media-backlash,fox
https://www.foxnews.com/politics/chicago-cops-struggle-staff-streets-trump-presses-crime,fox
https://www.foxnews.com/us/gofundme-pulls-fundraisers-felon-accused-killing-commuter-random-charlotte-train-attack,fox
https://www.foxnews.com/politics/how-trump-could-restore-capital-punishment-washington-amid-crime-crackdown,fox
https://www.foxnews.com/us/residents-in-exclusive-enclave-demand-dem-mayor-act-on-crime-surge,fox
https://www.foxnews.com/us/trumps-cashless-bail-crackdown-gets-expert-backing-power-purse-strings-can-force-compliance,fox
https://www.foxnews.com/us/chilling-video-shows-moments-before-ukrainian-refugee-stabbed-death-charlotte-light-rail,fox
https://www.foxnews.com/media/baldwin-wallace-student-government-votes-down-turning-point-usa-chapter-after-campus-hostility,fox
https://www.foxnews.com/media/columbia-review-finds-jewish-students-were-called-murderers-blasted-anti-israel-tirades,fox
https://www.foxnews.com/media/north-carolina-lawmaker-accuses-school-officials-violating-parental-rights-bill-fiery-hearing,fox
https://www.foxnews.com/media/north-carolina-teen-sues-school-after-tribute-charlie-kirk-sparked-criminal-investigation-censorship,fox
https://www.foxnews.com/media/stefanik-exposes-moral-rot-elite-universities-upcoming-tell-all-book-release-announcement,fox
https://www.foxnews.com/media/washington-swimmer-takes-state-government-says-girls-shouldnt-pressured-undress-around-boys,fox
https://www.foxnews.com/us/campus-radicals-their-childhoods-disrupted-by-politics-courageous-girls-are-fighting-back,fox
https://www.foxnews.com/us/minnesota-college-administrator-accused-impeding-ice-arrest-protect-student-sexual-predator,fox
https://www.foxnews.com/us/rutgers-controversial-dr-antifa-scheduled-teach-communism-seminar-spring,fox
https://www.foxnews.com/us/university-oklahoma-removes-professor-alleged-discrimination-related-ta-who-gave-christian-student-0,fox
https://www.foxnews.com/us/vermont-school-district-flies-somali-flag-amid-massive-fraud-investigation-divisive-move-gop-chair,fox
https://www.foxnews.com/media/nearly-40-young-americans-say-political-violence-can-justified-certain-situations,fox
https://www.foxnews.com/politics/maryland-middle-schools-transgender-awareness-week-lesson-gave-kids-binding-tips-coming-out-advice,fox
https://www.foxnews.com/politics/watchdog-finds-dei-crt-baked-accreditation-rules-hundreds-university-social-work-programs,fox
https://www.foxnews.com/us/alaska-school-district-erases-veterans-day-from-official-calendar-absolutely-unacceptable,fox
https://www.foxnews.com/us/hamline-university-student-brags-video-that-he-celebrated-charlie-kirk-assassination,fox
https://www.foxnews.com/us/high-brow-new-jersey-suburbs-high-school-launches-socialist-club-karl-marx-imagery,fox
https://www.foxnews.com/us/loyola-new-orleans-tpusa-chapter-denied-again-after-absolutely-appalling-student-government-meeting-student,fox
https://www.foxnews.com/us/opponents-maine-campus-pro-life-group-invoke-charlie-kirk-social-media-threat-gotta-careful,fox
https://www.foxnews.com/us/this-week-campus-radicals-christian-student-flunked-jewish-students-shaken-conservative-groups-blocked,fox
https://www.foxnews.com/us/turning-point-chapter-head-rips-christian-school-banning-political-groups-after-org-forced-underground,fox
https://www.foxnews.com/world/josh-shapiro-urges-philly-schools-take-very-seriously-antisemitism-congress-opens-investigation,fox
https://www.foxnews.com/media/colorado-college-student-claims-he-spat-on-harassed-drawing-bible-verses-campus,fox
https://www.foxnews.com/politics/house-gop-launches-blitz-of-bills-to-shut-down-ccp-infiltration-of-u-s-schools-commonsense,fox
https://www.foxnews.com/politics/pa-school-faces-fury-after-muslim-clubs-pro-palestinian-display-leaves-jewish-students-shaken,fox
https://www.foxnews.com/us/california-christian-college-student-founds-pro-life-club-after-school-rejects-students-life-chapter,fox
https://www.foxnews.com/us/catholic-college-defends-hosting-trans-day-remembrance-event,fox
https://www.foxnews.com/us/chicago-public-schools-policy-allows-unlimited-absences-for-illegal-alien-children-amid-ice-operations,fox
https://www.foxnews.com/us/conservative-gettysburg-college-group-catches-student-video-tearing-down-promotional-flyers,fox
https://www.foxnews.com/us/conservative-professor-slams-0-grade-oklahoma-students-biblical-essay-punitive-very-inappropriate,fox
https://www.foxnews.com/us/mamdani-appointed-nyc-professor-who-wrote-book-ending-policing-now-tasked-with-shaping-community-safety,fox
https://www.foxnews.com/us/oklahoma-student-flunked-by-ta-after-touting-christian-beliefs-gender-essay-directs-others-push-back,fox
https://www.foxnews.com/us/ou-students-zero-christian-based-gender-critique-triggers-congressional-pushback-over-academic-bias,fox
https://www.foxnews.com/media/rhode-island-teacher-who-called-charlie-kirk-piece-garbage-set-return-classroom-after-suspension,fox
https://www.foxnews.com/media/syracuse-student-calls-thanksgiving-celebration-genocide-campus-newspaper-op-ed,fox
https://www.foxnews.com/politics/british-teen-says-urine-glue-chucked-him-while-trying-carry-charlie-kirks-legacy-uk,fox
https://www.foxnews.com/politics/uncovered-docs-show-top-teachers-union-guiding-gender-transitions-bashing-conservatives-insane-asylum,fox
https://www.foxnews.com/politics/universities-school-districts-nationwide-call-decolonizing-thanksgiving-day-mourning,fox
https://www.foxnews.com/politics/university-minnesota-site-warns-whiteness-pandemic-urges-white-parents-re-educate,fox
https://www.foxnews.com/us/alaska-school-district-admits-mistake-after-adding-does-not-endorse-disclaimer-to-constitution-pamphlet,fox
https://www.foxnews.com/us/assistant-high-school-principal-brother-allegedly-planned-violence-against-ice-agents-police,fox
https://www.foxnews.com/us/chicago-public-schools-blow-millions-travel-expenses-while-students-cant-read-grade-level,fox
https://www.foxnews.com/us/onlyfans-star-preaches-university-students-professor-says-manifestation-worked,fox
https://www.foxnews.com/us/students-find-more-violent-imagery-near-university-wisconsin-campus-after-anti-ice-displays-probed,fox
https://www.foxnews.com/media/university-kentucky-professor-sues-after-being-barred-from-law-school-after-calling-end-israel,fox
https://www.foxnews.com/media/university-michigan-faculty-votes-overwhelmingly-resolution-reverse-ban-minor-gender-procedures,fox
https://www.foxnews.com/opinion/antifa-violence-exposes-uc-berkeleys-hypocrisy-free-speech-tolerance,fox
https://www.foxnews.com/politics/blue-school-district-hit-with-federal-complaint-alleging-it-sidestepped-law-depriving-parent-of-transparency,fox
https://www.foxnews.com/politics/chicago-schools-blasted-by-parents-rights-watchdog-over-appalling-lgbt-agenda-revealed-in-unearthed-docs,fox
https://www.foxnews.com/politics/socialist-group-by-any-means-necessary-escalates-campaign-stop-turning-point-usa,fox
https://www.foxnews.com/politics/top-michigan-official-sparks-online-firestorm-when-asked-name-number-genders-beyond-embarrassing,fox
https://www.foxnews.com/us/first-historically-black-university-tells-trump-admin-wants-join-academic-compact-after-schools-decline,fox
https://www.foxnews.com/us/loyola-new-orleans-student-court-overturns-previous-decision-barring-turning-point-chapter,fox
https://www.foxnews.com/us/university-wisconsin-tpusa-member-disgusted-school-after-more-violent-anti-ice-imagery-surfaces,fox
https://www.foxnews.com/us/white-house-fires-back-after-left-wing-professor-said-trump-wants-re-segregate-schools,fox
https://www.foxnews.com/media/colorado-professor-emeritus-calls-tpusa-supporters-nazis-flips-off-camera-after-chapter-approved,fox
https://www.foxnews.com/media/immigrant-math-teacher-says-he-branded-traitor-people-color-questioning-woke-lessons,fox
https://www.foxnews.com/media/inside-chaos-bloody-berkeley-protesters-go-wild-during-turning-point-usa-event,fox
https://www.foxnews.com/media/northwestern-student-committee-gets-donated-reproductive-vending-machine-free-plan-b-condoms-narcan,fox
https://www.foxnews.com/us/arkansas-public-university-offers-course-queer-childhoods-taught-fairy-tale-scholar,fox
https://www.foxnews.com/us/graphic-anti-ice-imagery-university-wisconsin-shows-agent-bullet-head-speak-language,fox
https://www.foxnews.com/us/legal-group-accuses-virginia-public-school-district-felony-after-hosting-dem-political-rally-free,fox
https://www.foxnews.com/us/loyola-new-orleans-law-students-team-up-turning-point-members-appeal-subjective-chapter-denial,fox
https://www.foxnews.com/us/most-brown-university-conservatives-fear-expressing-beliefs-campus-school-poll,fox
https://www.foxnews.com/us/university-iowa-conservative-group-leader-defiant-after-recent-table-flipping-attacks-builds-character,fox
https://www.foxnews.com/us/university-wisconsin-faces-civil-rights-complaint-from-watchdog-group-alleged-trans-bathroom-violations,fox
https://www.foxnews.com/media/berkeley-group-uses-song-etched-charlie-kirks-suspected-killers-bullet-casings-promote-tpusa-protest,fox
https://www.foxnews.com/media/charlie-kirks-mentor-looks-forward-berkeley-turning-point-event-free-speech-battleground,fox
https://www.foxnews.com/media/harvard-professor-says-theres-grain-truth-trump-calling-school-liberal-mess,fox
https://www.foxnews.com/politics/parents-rights-group-releases-scathing-lookout-warning-targeting-top-2-teachers-unions-indoctrination,fox
https://www.foxnews.com/politics/red-state-university-ripped-offering-entry-level-job-foreign-workers-not-grads-woke-mind-virus,fox
https://www.foxnews.com/politics/uc-berkeleys-bloody-protest-tpusa-allegedly-funded-far-left-nonprofit,fox
https://www.foxnews.com/politics/watch-hidden-camera-catches-red-state-university-admins-admitting-how-they-cleverly-disguised-dei-agenda,fox
https://www.foxnews.com/politics/watchdog-how-universities-rebranding-dei-skirt-trumps-crackdown,fox
https://www.foxnews.com/us/bloody-brawl-breaks-out-agitators-protest-tpusa-event-uc-berkeley-california,fox
https://www.foxnews.com/us/doj-launches-investigation-uc-berkeley-unrest-outside-turning-point-usa-event,fox
https://www.foxnews.com/us/uc-berkeley-chaos-outside-turning-point-gathering-ends-multiple-arrests-conservative-event-runs-smoothly,fox
https://www.foxnews.com/media/uc-berkeley-tpusa-pushes-ahead-host-major-event-charlie-kirk-set-headline,fox
https://www.foxnews.com/media/washington-state-university-suspends-course-examining-evidence-gender-medicine-after-activist-complaints,fox
https://www.foxnews.com/opinion/new-mafia-trump-civil-rico-global-intifada,fox
https://www.foxnews.com/politics/chinese-nationals-arrested-at-top-school-shows-how-ccp-views-u-s-universities-as-weak-link-experts-warn,fox
https://www.foxnews.com/politics/top-university-hit-with-scathing-federal-complaint-calling-for-probe-into-unsafe-and-unlawful-dei-agenda,fox
https://www.foxnews.com/us/iowa-student-flipped-turning-point-usa-table-campus-viral-video-led-arrest-docs,fox
https://www.foxnews.com/us/left-wing-new-hampshire-professor-smeared-charlie-kirk-for-white-supremacy-after-assassination,fox
https://www.foxnews.com/us/nyc-students-expose-extremist-professors-fostering-campus-antisemitism-major-universities,fox
https://www.foxnews.com/us/princeton-offering-gender-studies-course-exploring-reproductive-life-gaza-genocide,fox
https://www.foxnews.com/us/student-arrested-flipping-turning-point-table-charged-days-prior-similar-anti-conservative-incident,fox
https://www.foxnews.com/us/uchicago-silent-anti-ice-professors-employment-status-month-after-rally-arrest-violent-felonies,fox
https://www.foxnews.com/media/civil-rights-group-accuses-uc-irvine-engineering-school-unlawful-race-based-quotas,fox
https://www.foxnews.com/media/oklahoma-state-conservative-students-press-charges-demand-accountability-after-harassment-table,fox
https://www.foxnews.com/media/young-americas-foundation-table-gets-trashed-osu-person-tells-conservatives-f-off,fox
https://www.foxnews.com/politics/pro-trump-legal-group-launches-toolkit-help-parents-challenge-woke-lessons-schools,fox
https://www.foxnews.com/us/arlington-schools-defy-trumps-transgender-order-despite-federal-funding-threat-from-administration,fox
https://www.foxnews.com/us/harvard-students-unload-school-over-prospect-stricter-grading-after-inflation-report-i-crying,fox
https://www.foxnews.com/us/prominent-university-chancellor-says-anti-israel-campus-protests-were-encouraged-from-iran,fox
https://www.foxnews.com/us/public-school-districts-coast-coast-adopting-radical-curriculum-from-org-named-60s-radical,fox
https://www.foxnews.com/us/survey-school-admins-dont-want-you-see-asks-young-children-about-gender-identity-climate-change-fears,fox
https://www.foxnews.com/us/uchicago-professor-posts-vile-social-media-comment-dick-cheney-hours-after-his-death,fox
https://www.foxnews.com/us/university-pennsylvania-investigating-fraudulent-vulgar-emails-sent-campus-community,fox
https://www.foxnews.com/media/rutgers-professor-allegedly-shows-class-slides-about-girls-penises-gender-unicorn,fox
https://www.foxnews.com/politics/top-medical-school-moved-dei-office-secret-location-tries-evade-accountability-legal-group,fox
https://www.foxnews.com/politics/watch-staff-at-top-university-reveal-scheme-to-continue-dei-under-changed-names-doin-the-same-work,fox
https://www.foxnews.com/us/first-college-offers-join-trumps-academic-excellence-compact-after-others-nationwide-dodge-agreement,fox
https://www.foxnews.com/us/harvard-hosts-panel-bridging-political-divide-featuring-only-democrats-naacp-president,fox
https://www.foxnews.com/us/louisiana-gop-throws-weight-behind-turning-point-usa-chapter-rejected-new-orleans-university-injustice,fox
https://www.foxnews.com/us/lsu-professor-emeritus-compares-charlie-kirk-kkk-leader-after-governor-proposes-statue-campus,fox
https://www.foxnews.com/us/top-blue-city-universitys-newspaper-tracks-ice-operations-amid-frequent-violent-clashes-feds,fox
https://www.foxnews.com/us/tpusa-table-flipper-arrested-alleged-trump-threats-ignored-fbi-warning-about-violent-posts-affidavit,fox
https://www.foxnews.com/us/turning-point-table-flipper-threatened-trump-arrested-feds-after-firing-from-teaching-assistant-job-fbi,fox
https://www.foxnews.com/us/wisconsin-professor-slams-isolating-environment-conservatives-campuses,fox
https://www.foxnews.com/media/harvard-dean-claimed-whiteness-self-destructive-told-police-resign-being-evil,fox
https://www.foxnews.com/media/illinois-state-teaching-assistant-fired-after-trying-flip-tpusa-table-twice-viral-clash,fox
https://www.foxnews.com/media/rutgers-pushes-replacements-tpusa-officers-who-launched-petition-against-antifa-professor-mark-bray,fox
https://www.foxnews.com/politics/chicago-schools-silent-on-punishment-or-public-condemnation-of-teacher-who-mocked-charlie-kirks-death,fox
https://www.foxnews.com/politics/dozens-of-parents-rights-groups-call-for-50-state-audit-to-rid-k-12-schools-of-dei-clean-up-the-mess,fox
https://www.foxnews.com/politics/red-state-university-student-caught-on-video-threatening-lives-of-charlie-kirk-supporters-watch-your-neck,fox
https://www.foxnews.com/us/conservative-harvard-students-expose-fear-academic-reprisal-social-shunning-over-right-wing-beliefs,fox
https://www.foxnews.com/us/largest-teachers-union-teams-up-with-60s-radical-professors-namesake-org-peddling-anti-american-curriculum,fox
https://www.foxnews.com/us/turning-point-usa-chapter-denied-official-status-loyola-university-new-orleans-student-government,fox
https://www.foxnews.com/us/universities-defiant-trumps-academic-excellence-compact-feedback-deadline-passes,fox
https://www.foxnews.com/us/university-drops-job-posting-after-dei-requirement-exposed-professor-says-i-would-not-be-hired-today,fox
https://www.foxnews.com/media/bill-maher-blasts-keffiyeh-wearing-college-kids-silence-hamas-slaughters-palestinians-gaza,fox
https://www.foxnews.com/media/rutgers-chancellor-launches-safety-review-academic-freedom-task-force-amid-dr-antifa-uproar,fox
https://www.foxnews.com/politics/bombshell-report-exposes-deeply-concerning-midwest-university-initiative-pushing-far-left-k-12-lesson-plans,fox
https://www.foxnews.com/politics/social-media-erupts-over-deranged-teacher-mocking-charlie-kirks-death-in-no-kings-viral-video,fox
https://www.foxnews.com/politics/undercover-video-reveals-red-state-university-employee-suggesting-dei-simply-being-rebranded,fox
https://www.foxnews.com/politics/watch-no-kings-protester-steps-up-mic-calls-ice-agents-shot-wiped-out,fox
https://www.foxnews.com/us/after-charlie-kirk-assassination-left-wing-professors-double-down-shredding-legacy,fox
https://www.foxnews.com/us/dr-antifa-fled-us-after-doxxing-infamous-handbook-promotes-tactic-violence-against-far-right,fox
https://www.foxnews.com/us/howard-university-professor-calls-white-political-allies-emulate-vigilante-mass-murderer,fox
https://www.foxnews.com/us/nyu-communists-vow-fight-capitalism-marxist-revolution-no-kings-rally,fox
https://www.foxnews.com/us/university-fires-turning-point-usa-table-flipper-from-teaching-assistant-role-after-campus-outburst,fox
https://www.foxnews.com/media/rutgers-leader-demands-tpusa-officers-ousted-after-called-out-antifa-linked-professor,fox
https://www.foxnews.com/media/rutgers-student-government-resolution-demands-university-president-back-antifa-aligned-professor,fox
https://www.foxnews.com/media/turning-point-usa-shares-31-ways-live-like-charlie-kirk-tribute-his-birthday,fox
https://www.foxnews.com/opinion/antisemitic-threats-escalate-nationwide-protesters-call-repeat-oct-7-massacre,fox
https://www.foxnews.com/opinion/how-trump-team-rooting-out-legacy-violent-60s-radicals-spiritual-heirs,fox
https://www.foxnews.com/us/christian-student-exposes-pricey-college-textbook-calling-her-white-supremacist,fox
https://www.foxnews.com/us/dr-antifa-mediterranean-move-partially-financed-by-fellow-rutgers-professors-other-american-academics,fox
https://www.foxnews.com/us/harvard-universitys-feud-trump-affecting-students-research-reputation-adjunct-professor,fox
https://www.foxnews.com/us/jay-jones-tied-virginia-tech-professor-spewed-anti-charlie-kirk-messaging-discouraged-political-debate,fox
https://www.foxnews.com/us/professor-advocates-doxxing-ice-agents-impeding-operations-social-posts,fox
https://www.foxnews.com/us/turning-point-leader-demands-repercussions-uchicago-professor-arrested-anti-ice-rally,fox
https://www.foxnews.com/politics/ivy-league-professor-who-mocked-charlie-kirks-death-still-employed-despite-public-outcry-and-resignation,fox
https://www.foxnews.com/politics/leftist-club-smears-charlie-kirk-campus-flyers-spotted-ahead-event-honoring-george-floyd,fox
https://www.foxnews.com/politics/protesters-attempt-justify-hamas-attack-israel-columbia-intifada-newspaper-oct-7-anniversary,fox
https://www.foxnews.com/us/far-left-university-chicago-professor-charged-violent-felonies-during-anti-ice-riots-broadview,fox
https://www.foxnews.com/us/harvard-faculty-expressed-support-potential-left-wing-political-violence-during-2018-panel,fox
https://www.foxnews.com/us/rutgers-professor-signs-petition-disband-turning-point-usa-from-campus,fox
https://www.foxnews.com/us/student-uproar-erupts-elite-college-after-professor-put-on-leave-over-ties-far-left-gun-club,fox
https://www.foxnews.com/us/unc-professor-leave-over-ties-far-left-gun-club-once-headlined-harvard-panel-armed-activism,fox
https://www.foxnews.com/us/unc-professor-placed-leave-after-far-left-redneck-revolt-gun-club-membership-exposed,fox
https://www.foxnews.com/us/unc-professor-revealed-anarchist-group-requested-security-from-far-left-gun-club-during-2017-riot,fox
https://www.foxnews.com/us/university-of-chicago-condemns-violence-but-dodges-questions-about-professor-arrested-in-anti-ice-riots,fox
https://www.foxnews.com/politics/leftist-gun-club-tied-violence-recruiting-georgetown-campus-echoes-kirk-killing-hey-fascist-catch,fox
https://www.foxnews.com/us/professor-elite-college-belongs-offshoot-leftist-gun-club-celebrating-violence-georgetown-group,fox
https://www.foxnews.com/media/dhs-official-says-churchs-nativity-scene-depicts-what-never-happens-immigration-enforcement,fox
https://www.foxnews.com/media/tulsi-gabbard-warns-direct-threat-from-suspected-terrorists-now-living-united-states,fox
https://www.foxnews.com/politics/dhs-focus-arresting-illegal-immigrants-serious-offenses-amid-negative-polling-ice-raids-report,fox
https://www.foxnews.com/politics/house-republicans-unveil-national-memorial-plan-honoring-americans-killed-illegal-immigrants,fox
https://www.foxnews.com/politics/trump-admin-fights-block-boasberg-contempt-probe-doj-testimony,fox
https://www.foxnews.com/video/6386418503112,fox
https://www.foxnews.com/video/6386421057112,fox
https://www.foxnews.com/video/6386432659112,fox
https://www.foxnews.com/video/6386438452112,fox
https://www.foxnews.com/video/6386440690112,fox
https://www.foxnews.com/politics/dhs-sweeps-twin-cities-arrests-400-feds-blast-walz-failing-protect-minnesota,fox
https://www.foxnews.com/politics/kilmar-abrego-garcia-seen-first-time-since-release-pledges-continue-fight-trump-admin,fox
https://www.foxnews.com/politics/trump-cuts-family-reunification-programs-seven-countries-citing-fraud-security-concerns,fox
https://www.foxnews.com/us/ice-arrests-criminal-illegal-immigrant-accused-fleeing-head-on-crash-that-severely-injured-maryland-woman,fox
https://www.foxnews.com/us/oklahoma-man-accused-threatening-federal-agents-online,fox
https://www.foxnews.com/video/6386387627112,fox
https://www.foxnews.com/video/6386392803112,fox
https://www.foxnews.com/video/6386394768112,fox
https://www.foxnews.com/video/6386406287112,fox
https://www.foxnews.com/video/6386406294112,fox
https://www.foxnews.com/opinion/sen-tom-cotton-afghan-attack-guardsmen-preventable-we-must-do-better-next-time,fox
https://www.foxnews.com/politics/dhs-unleashes-scathing-response-after-walz-asks-agency-reassess-enforcement,fox
https://www.foxnews.com/politics/dhs-victory-lap-after-arresting-over-10k-illegal-aliens-deep-blue-city-despite-violent-riots,fox
https://www.foxnews.com/politics/ilhan-omars-ex-appears-dirty-dandy-social-account-trump-revives-married-siblings-claim,fox
https://www.foxnews.com/politics/trump-plan-sells-gold-card-visas-1m-critics-warn-pay-to-play-could-abused,fox
https://www.foxnews.com/politics/whistleblower-warns-massive-fraud-happening-ohio-somali-community-minnesota-just-tip-spear,fox
https://www.foxnews.com/us/shooting-reported-after-us-border-patrol-agents-involved-struggle-near-texas-riverbank-sheriffs-office,fox
https://www.foxnews.com/video/6386360430112,fox
https://www.foxnews.com/video/6386363323112,fox
https://www.foxnews.com/video/6386365814112,fox
https://www.foxnews.com/video/6386386253112,fox
https://www.foxnews.com/media/charlotte-church-depicts-ice-arresting-holy-family-trump-era-nativity-scene,fox
https://www.foxnews.com/media/louisiana-intensifies-immigration-crackdown-border-chief-warns-far-left-rhetoric-endangers-agents,fox
https://www.foxnews.com/politics/federal-judge-orders-kilmar-abrego-garcia-released-from-ice-custody,fox
https://www.foxnews.com/politics/kilmar-abrego-garcia-released-judge-rules-trump-admin-lacked-valid-removal-order,fox
https://www.foxnews.com/politics/senator-warns-powder-keg-people-condone-behavior-anti-ice-protesters,fox
https://www.foxnews.com/politics/top-homeland-security-dem-blasted-calling-wv-national-guard-shooting-unfortunate-accident,fox
https://www.foxnews.com/politics/top-republican-rebukes-notions-arrest-ice-agents-plan-pull-fed-funding-from-problem-cities,fox
https://www.foxnews.com/video/6386331278112,fox
https://www.foxnews.com/video/6386335298112,fox
https://www.foxnews.com/video/6386341201112,fox
https://www.foxnews.com/video/6386347923112,fox
https://www.foxnews.com/media/nikki-haleys-son-says-this-isnt-country-you-you-cant-choose-your-loyalty,fox
https://www.foxnews.com/opinion/president-trump-right-get-tough-maduro-what-comes-next-critical,fox
https://www.foxnews.com/politics/dhs-blasts-newsom-taxpayer-funded-healthcare-illegals-california-ambulance-costs-may-soar-382-percent,fox
https://www.foxnews.com/politics/former-uk-pm-defends-trump-highlighting-sharia-law-britain-during-un-speech,fox
https://www.foxnews.com/politics/ice-accuses-dem-lawmaker-joining-rioting-crowd-arizona-interfering-mass-arrest,fox
https://www.foxnews.com/politics/newsom-trolls-white-house-ai-video-depicting-trump-hegseth-miller-handcuffs,fox
https://www.foxnews.com/politics/timeline-largest-covid-19-fraud-scheme-united-states,fox
https://www.foxnews.com/politics/trump-administration-establishes-militarized-zone-california-strengthen-border-security-operations,fox
https://www.foxnews.com/video/6386308110112,fox
https://www.foxnews.com/video/6386318929112,fox
https://www.foxnews.com/video/6386324939112,fox
https://www.foxnews.com/media/democratic-senator-calls-out-party-bull-caving-secure-border-talk,fox
https://www.foxnews.com/politics/dhs-exposes-violent-record-illegal-alien-shot-police-officers-critically-injured-civilian,fox
https://www.foxnews.com/politics/exclusive-millions-illegal-immigrants-leave-us-record-breaking-year-trump-policies-dhs-says,fox
https://www.foxnews.com/politics/trump-announces-gold-card-immigration-initiative-here-today-live-applications,fox
https://www.foxnews.com/politics/trumps-dhs-locks-its-own-boeing-fleet-administration-turbocharges-deportation-crackdown,fox
https://www.foxnews.com/politics/walz-urges-noem-reassess-immigration-enforcement-strategy-minnesota-alleged-citizen-arrests,fox
https://www.foxnews.com/us/feds-release-photo-illegal-alien-accused-wounding-4-nebraska-officers-say-he-crossed-border-child,fox
https://www.foxnews.com/us/man-stabbed-charlotte-light-rail-twice-deported-illegal-immigrant-says-body-plenty-damaged,fox
https://www.foxnews.com/video/6386296569112,fox
https://www.foxnews.com/video/6386300137112,fox
https://www.foxnews.com/video/6386302757112,fox
https://www.foxnews.com/politics/expert-reveals-key-factor-led-massive-minnesota-fraud-scheme,fox
https://www.foxnews.com/politics/homeland-security-moves-toward-scrutinizing-foreign-tourists-social-media-accounts-before-entry,fox
https://www.foxnews.com/politics/hud-chief-blames-unchecked-illegal-immigration-pricing-out-families-amid-new-housing-report,fox
https://www.foxnews.com/politics/pritzker-signs-bill-further-shield-illegal-immigrants-illinois-deportations,fox
https://www.foxnews.com/politics/walz-deputy-erupts-ice-fellow-dem-torches-laken-riley-act-fiery-tweetstorm-scandals-pile-up,fox
https://www.foxnews.com/us/video-shows-23-illegal-immigrants-found-hidden-truck-cab-during-tense-traffic-stop-police,fox
https://www.foxnews.com/video/6386245746112,fox
https://www.foxnews.com/video/6386252117112,fox
https://www.foxnews.com/video/6386254451112,fox
https://www.foxnews.com/video/6386286683112,fox
https://www.foxnews.com/media/noem-says-zohran-mamdani-could-violating-constitution-advice-evading-ice-agents,fox
https://www.foxnews.com/opinion/supreme-court-give-president-trump-major-opening-immigration,fox
https://www.foxnews.com/politics/new-jersey-twins-charged-threats-kill-dhs-official-shoot-ice-sight,fox
https://www.foxnews.com/us/dhs-launches-worst-worst-webpage-targeting-alleged-criminal-illegal-immigrants-nationwide,fox
https://www.foxnews.com/video/6386205672112,fox
https://www.foxnews.com/video/6386206924112,fox
https://www.foxnews.com/video/6386212581112,fox
https://www.foxnews.com/video/6386212965112,fox
https://www.foxnews.com/video/6386213318112,fox
https://www.foxnews.com/video/6386218112112,fox
https://www.foxnews.com/world/two-teen-afghan-asylum-seekers-learn-fate-raping-15-year-old-local-park,fox
https://www.foxnews.com/politics/us-deports-more-iranians-islamic-republic-says,fox
https://www.foxnews.com/politics/white-house-calls-report-about-trump-considering-firing-noem-total-fake-news,fox
https://www.foxnews.com/us/ice-warns-illinois-releasing-violent-criminal-illegal-aliens-despite-detainers-risking-public-safety,fox
https://www.foxnews.com/video/6386192395112,fox
https://www.foxnews.com/video/6386193585112,fox
https://www.foxnews.com/video/6386197470112,fox
https://www.foxnews.com/video/6386199034112,fox
https://www.foxnews.com/video/6386201779112,fox
https://www.foxnews.com/video/6386205760112,fox
https://www.foxnews.com/world/state-department-reportedly-orders-visa-denials-tied-speech-censorship-trump-team-slams-europe,fox
https://www.foxnews.com/media/bidens-own-advisers-warned-his-border-policies-would-create-chaos-report,fox
https://www.foxnews.com/media/border-czar-tom-homan-fires-back-cnn-host-defense-ice-tactics-theyve-been-shot-at,fox
https://www.foxnews.com/politics/dc-sandwich-throwing-case-laughingstock-court-jurors-reveal,fox
https://www.foxnews.com/politics/nyc-mayor-elect-tells-residents-how-resist-ice-agents-knocking-door-new-video,fox
https://www.foxnews.com/us/police-say-criminal-illegal-alien-injured-4-officers-nebraska-gas-station-shootout,fox
https://www.foxnews.com/video/6386153716112,fox
https://www.foxnews.com/video/6386165431112,fox
https://www.foxnews.com/video/6386176764112,fox
https://www.foxnews.com/video/6386177839112,fox
https://www.foxnews.com/video/6386188053112,fox
https://www.foxnews.com/video/6386190541112,fox
https://www.foxnews.com/media/ice-director-boston-archdiocese-demand-ice-here-nativity-removed-from-mass-church,fox
https://www.foxnews.com/politics/dr-oz-warns-walz-address-alleged-somali-medicaid-fraud-lose-federal-funding-stop-paying,fox
https://www.foxnews.com/us/charlotte-hit-another-light-rail-stabbing-suspect-identified-previously-deported-illegal-immigrant,fox
https://www.foxnews.com/us/idaho-bar-owner-faces-death-threats-after-viral-promo-offering-free-beer-assisting-ice,fox
https://www.foxnews.com/us/inside-little-mogadishu-minnesotas-somali-community-its-push-belonging,fox
https://www.foxnews.com/video/6386119844112,fox
https://www.foxnews.com/video/6386121503112,fox
https://www.foxnews.com/video/6386124149112,fox
https://www.foxnews.com/video/6386136760112,fox
https://www.foxnews.com/video/6386137161112,fox
https://www.foxnews.com/world/white-house-roadmap-europe-unrecognizable-20-years-migration-raises-doubts-us-allies,fox
https://www.foxnews.com/politics/dem-backed-dignity-bill-could-strip-ice-detention-powers-erase-immigration-enforcement-critics-warn,fox
https://www.foxnews.com/politics/detained-illegal-immigrants-face-5k-apprehension-fee-border-patrol-chief,fox
https://www.foxnews.com/politics/dhs-fires-back-dem-lawmaker-claims-she-pushed-aside-pepper-sprayed-during-ice-raid,fox
https://www.foxnews.com/politics/fresh-trump-linked-case-puts-boasberg-back-gop-crosshairs,fox
https://www.foxnews.com/politics/ice-arrests-azerbaijan-national-multiple-criminal-convictions-including-animal-cruelty-arson,fox
https://www.foxnews.com/politics/ice-operation-minneapolis-arrests-seven-worst-worst-criminal-illegal-aliens,fox
https://www.foxnews.com/politics/tim-walz-slams-trump-calling-minnesotas-somali-community-garbage-unprecedented,fox
https://www.foxnews.com/us/two-arrested-dozens-guns-including-cop-killer-model-found-spare-tire-southern-border-dps,fox
https://www.foxnews.com/us/wild-scene-protesters-trap-federal-agents-taco-shop-parking-lot-multiple-arrests-made,fox
https://www.foxnews.com/video/6386114350112,fox
https://www.foxnews.com/video/6386116759112,fox
https://www.foxnews.com/politics/dem-state-election-board-under-fire-after-ice-arrested-superintendent-surfaces-voter-rolls,fox
https://www.foxnews.com/politics/louisiana-ag-urges-nopd-cooperate-fully-federal-immigration-authorities,fox
https://www.foxnews.com/politics/photos-emerge-somali-illegals-ties-top-minnesota-dems-after-ice-arrest,fox
https://www.foxnews.com/politics/tom-homan-fumes-protester-who-called-him-racist-during-clash-tpusa-event-grow-backbone,fox
https://www.foxnews.com/politics/trump-national-security-blueprint-declares-era-mass-migration-over-targets-chinas-rise,fox
https://www.foxnews.com/politics/trump-pledges-reassert-monroe-doctrine-restore-american-power,fox
https://www.foxnews.com/us/church-sparks-controversy-empty-nativity-scene-ice-enforcement-message-politicizing-christmas,fox
https://www.foxnews.com/us/ice-operation-minneapolis-nabs-dozen-worst-of-worst-criminal-illegal-aliens-including-somalis,fox
https://www.foxnews.com/video/6386016504112,fox
https://www.foxnews.com/video/6386054275112,fox
https://www.foxnews.com/video/6386054764112,fox
https://www.foxnews.com/politics/dhs-arrests-dozens-illegal-immigrants-24-hours-launching-new-orleans-operation,fox
https://www.foxnews.com/politics/ice-arrests-multiple-afghan-nationals-criminal-convictions-released-us-biden-era-programs-dhs,fox
https://www.foxnews.com/politics/violent-retaliation-against-us-citizens-possible-venezuela-conflict-expert-warns,fox
https://www.foxnews.com/sports/us-prepares-influx-international-visitors-ahead-world-cup-security-forefront,fox
https://www.foxnews.com/us/anti-ice-protesters-storm-new-orleans-council-meeting-unleashing-chaos-amid-immigration-crackdown,fox
https://www.foxnews.com/us/arkansas-county-jail-becomes-major-ice-pipeline-arrests-surge-trump-crackdown,fox
https://www.foxnews.com/us/harvard-professor-detained-ice-after-boston-synagogue-shooting-agrees-voluntarily-leave-us,fox
https://www.foxnews.com/video/6385973602112,fox
https://www.foxnews.com/video/6385992999112,fox
https://www.foxnews.com/video/6385998253112,fox
https://www.foxnews.com/world/russian-spies-infiltrate-uk-cargo-ships-scout-military-sites-find-weaknesses,fox
https://www.foxnews.com/media/democratic-congressman-claims-trumps-ice-primarily-going-after-innocent-people-including-us-citizens,fox
https://www.foxnews.com/opinion/david-marcus-illegal-immigrant-truckers-insult-americans-who-play-rules,fox
https://www.foxnews.com/politics/2021-afghan-remarks-haunt-gop-lawmakers-senate-bid-after-dc-guard-shooting,fox
https://www.foxnews.com/politics/afghan-evacuees-child-fondling-terror-arrests-swept-up-dhs-crackdown-after-botched-vetting-exposed,fox
https://www.foxnews.com/politics/florida-cfo-rolls-out-new-push-block-illegal-immigrants-from-tapping-state-systems-lives-have-been-lost,fox
https://www.foxnews.com/politics/uscis-slashes-work-permit-validity-from-5-years-18-months-noncitizens-citing-security-concerns,fox
https://www.foxnews.com/us/illinois-church-nativity-shows-baby-jesus-zip-tied-ice-agents,fox
https://www.foxnews.com/video/6385945781112,fox
https://www.foxnews.com/video/6385962194112,fox
https://www.foxnews.com/video/6385964837112,fox
https://www.foxnews.com/video/6385965658112,fox
https://www.foxnews.com/media/top-democrat-says-president-trump-given-credit-border-finally-being-secured,fox
https://www.foxnews.com/opinion/how-make-president-donald-trumps-immigration-pause-stick-court,fox
https://www.foxnews.com/politics/trump-warns-us-may-launch-land-operations-inside-venezuela-very-soon-says-regime-sent-killers-america,fox
https://www.foxnews.com/us/feds-arrest-felon-illegal-immigrant-after-seizing-tens-millions-meth-stashed-blackberries,fox
https://www.foxnews.com/us/illegal-immigrant-prior-duis-deportation-order-suspected-crash-killing-8-year-old-california-girl,fox
https://www.foxnews.com/video/6385920835112,fox
https://www.foxnews.com/video/6385922715112,fox
https://www.foxnews.com/video/6385925696112,fox
https://www.foxnews.com/video/6385933047112,fox
https://www.foxnews.com/video/6385934966112,fox
https://www.foxnews.com/video/6385937623112,fox
https://www.foxnews.com/politics/ag-bondi-touts-record-high-number-lawsuits-filed-against-trump-admin-year,fox
https://www.foxnews.com/politics/california-launches-misconduct-portal-reporting-federal-agents-ice-deportation-operations,fox
https://www.foxnews.com/politics/chicago-suburb-slammed-rehiring-police-officer-arrested-ice-crazy-hell,fox
https://www.foxnews.com/politics/dhs-launches-new-immigration-crackdown-operation-new-orleans,fox
https://www.foxnews.com/politics/federal-probe-targets-alleged-minnesota-somali-fraud-network-covid-aid-crime-rings-persist,fox
https://www.foxnews.com/politics/major-county-sheriff-rejects-ice-detainer-illegal-immigrant-who-killed-11-young-boy-and-run,fox
https://www.foxnews.com/politics/national-guard-killing-reignites-immigration-war-congress-republicans-demand-sweeping-reforms,fox
https://www.foxnews.com/politics/trump-admin-pauses-immigration-from-19-countries,fox
https://www.foxnews.com/politics/venezuela-resumes-accepting-us-deportation-flights-after-trump-closes-airspace-country,fox
https://www.foxnews.com/us/third-afghan-national-biden-era-program-arrested-week-ice-agents-virginia-dhs,fox
https://www.foxnews.com/video/6385915927112,fox
https://www.foxnews.com/media/ex-msnbc-host-condemns-latino-ice-agents-saying-betray-own-community-deporting-criminal-migrants,fox
https://www.foxnews.com/media/homan-vows-enforce-immigration-laws-twin-cities-without-apology-amid-mayor-opposition,fox
https://www.foxnews.com/opinion/i-did-my-first-h-1b-visa-interview-25-years-ago-its-failing-put-americans-first,fox
https://www.foxnews.com/us/illegal-immigrant-gang-member-killed-police-k9-spike-before-officers-returned-fire-california-source,fox
https://www.foxnews.com/us/judge-blocks-ice-from-making-warrantless-arrests-dc-without-flight-risk-proof,fox
https://www.foxnews.com/us/la-man-seen-throwing-molotov-cocktail-federal-building-feds-say,fox
https://www.foxnews.com/video/6385871924112,fox
https://www.foxnews.com/video/6385874880112,fox
https://www.foxnews.com/video/6385881127112,fox
https://www.foxnews.com/video/6385887530112,fox
https://www.foxnews.com/video/6385897775112,fox
https://www.foxnews.com/politics/afghan-evacuee-arrested-before-dc-shooting-federally-charged-threatening-terror-attack,fox
https://www.foxnews.com/politics/dhs-demands-letitia-james-take-action-over-new-yorks-refusal-honor-ice-detainers,fox
https://www.foxnews.com/politics/how-green-card-can-revoked-where-trumps-new-review-order-fits-process,fox
https://www.foxnews.com/politics/kristi-noem-says-biden-used-dhs-to-invade-country-terrorists,fox
https://www.foxnews.com/politics/state-department-yanks-visas-from-mexican-executives-migrant-smuggling-crackdown,fox
https://www.foxnews.com/politics/top-expert-exposes-how-elites-are-encouraging-immigrants-to-not-assimilate-american-culture,fox
https://www.foxnews.com/politics/trump-rips-somali-community-as-federal-agents-reportedly-eye-minnesota-enforcement-sweep,fox
https://www.foxnews.com/us/ice-nabs-child-rapists-gun-toting-robbers-assaults-officers-rise,fox
https://www.foxnews.com/us/illegal-immigrant-allegedly-driving-drunk-extreme-speed-killed-woman-violent-crash-dhs,fox
https://www.foxnews.com/video/6385862576112,fox
https://www.foxnews.com/video/6385864839112,fox
https://www.foxnews.com/media/far-left-commentator-condemns-white-maga-voters-declares-america-become-s-hole-without-immigrants,fox
https://www.foxnews.com/media/homan-dares-democrats-come-get-some-while-brushing-off-prosecution-concerns,fox
https://www.foxnews.com/media/over-100-california-colleges-accused-discriminating-against-us-born-students-new-doj-complaint,fox
https://www.foxnews.com/politics/illegal-alien-behind-fatal-crash-given-license-sanctuary-california-says-dhs,fox
https://www.foxnews.com/politics/legal-threat-cracks-open-voter-records-illegal-school-superintendent-nabbed-ice,fox
https://www.foxnews.com/politics/us-escalation-maduro-halts-deportation-flights-venezuela,fox
https://www.foxnews.com/us/dhs-launches-cyber-monday-deal-retro-90s-holiday-ad-1000-illegal-immigrants-self-deport,fox
https://www.foxnews.com/video/6385825559112,fox
https://www.foxnews.com/video/6385828061112,fox
https://www.foxnews.com/video/6385832827112,fox
https://www.foxnews.com/video/6385833837112,fox
https://www.foxnews.com/politics/gop-senator-moves-end-dual-citizenship-says-americans-must-choose,fox
https://www.foxnews.com/politics/noem-calls-full-travel-ban-countries-flooding-us-immigrants-dc-attack,fox
https://www.foxnews.com/politics/radical-feminist-group-hot-seat-after-anti-ice-ad-goes-viral-beyond-evil,fox
https://www.foxnews.com/us/ice-arrests-two-illegal-immigrants-convicted-heinous-crimes-against-children-new-jersey-texas,fox
https://www.foxnews.com/video/6385798603112,fox
https://www.foxnews.com/video/6385803702112,fox
https://www.foxnews.com/video/6385812373112,fox
https://www.foxnews.com/video/6385813850112,fox
https://www.foxnews.com/video/6385818461112,fox
https://www.foxnews.com/video/6385820992112,fox
https://www.foxnews.com/video/6385823792112,fox
https://www.foxnews.com/media/alina-habba-blasts-biden-immigration-policies-absolute-failure-after-deadly-national-guard-ambush,fox
https://www.foxnews.com/politics/ahead-ice-ops-new-orleans-police-leader-lambasted-comments-about-enforcement-immigration-law,fox
https://www.foxnews.com/politics/trump-freezes-afghan-visas-after-dc-shooting-he-quietly-eyes-land-strikes-venezuela,fox
https://www.foxnews.com/politics/trump-says-he-would-absolutely-revoke-citizenship-from-naturalized-criminals-he-has-authority,fox
https://www.foxnews.com/us/advocate-warned-afghan-evacuee-not-functional-person-months-before-national-guard-shooting,fox
https://www.foxnews.com/video/6385764262112,fox
https://www.foxnews.com/video/6385765936112,fox
https://www.foxnews.com/video/6385772093112,fox
https://www.foxnews.com/video/6385773686112,fox
https://www.foxnews.com/video/6385792785112,fox
https://www.foxnews.com/video/6385797354112,fox
https://www.foxnews.com/media/idaho-bar-offers-free-beer-patrons-who-help-ice-deport-illegal-immigrants,fox
https://www.foxnews.com/politics/trump-highlights-federal-law-granting-presidential-power-halt-immigration-crackdown-escalates,fox
https://www.foxnews.com/us/afghan-national-admitted-via-operation-allies-welcome-charged-making-terroristic-threat-dhs-says,fox
https://www.foxnews.com/us/rioters-throw-trash-large-garbage-cans-ice-vehicles-new-york-city-multiple-arrested,fox
https://www.foxnews.com/video/6385739174112,fox
https://www.foxnews.com/video/6385741557112,fox
https://www.foxnews.com/video/6385744520112,fox
https://www.foxnews.com/video/6385744781112,fox
https://www.foxnews.com/video/6385747437112,fox
https://www.foxnews.com/video/6385747634112,fox
https://www.foxnews.com/video/6385763652112,fox
https://www.foxnews.com/opinion/jonathan-turley-wasserman-schultz-blames-trump-guns-dc-attack-spares-biden,fox
https://www.foxnews.com/politics/uscis-halts-all-asylum-decisions-after-dc-shooting-national-guard-members,fox
https://www.foxnews.com/us/national-guardsman-shot-dc-hanging-on-family-pleading-prayer-congressman-says,fox
https://www.foxnews.com/us/sheriff-slams-law-enforcement-agencies-releasing-illegal-immigrant-who-allegedly-hit-ohio-nurse,fox
https://www.foxnews.com/video/6385717483112,fox
https://www.foxnews.com/video/6385717549112,fox
https://www.foxnews.com/video/6385720601112,fox
https://www.foxnews.com/video/6385736040112,fox
https://www.foxnews.com/video/6385737500112,fox
https://www.foxnews.com/video/6385737554112,fox
https://www.foxnews.com/politics/trump-rips-former-vp-candidate-immigration-tim-walz-does-nothing-through-fear-incompetence-both,fox
https://www.foxnews.com/politics/vances-past-warnings-reignite-after-afghan-national-named-suspect-dc-guard-shooting,fox
https://www.foxnews.com/video/6385702046112,fox
https://www.foxnews.com/video/6385702813112,fox
https://www.foxnews.com/video/6385707283112,fox
https://www.foxnews.com/video/6385713172112,fox
https://www.foxnews.com/video/6385713292112,fox
https://www.foxnews.com/video/6385714100112,fox
https://www.foxnews.com/video/6385714365112,fox
https://www.foxnews.com/video/6385715767112,fox
https://www.foxnews.com/video/6385716845112,fox
https://www.foxnews.com/politics/dhs-moves-cut-off-south-texas-catholic-charities-over-migrant-grant-misconduct-documents-say,fox
https://www.foxnews.com/politics/trump-unveils-reverse-migration-plan-halt-third-world-immigration-revoke-biden-era-entries,fox
https://www.foxnews.com/us/angel-families-thank-trump-new-thanksgiving-video-for-his-border-security-efforts-we-appreciate-you,fox
https://www.foxnews.com/us/details-emerge-cia-unit-alleged-national-guard-shooter-served-afghanistan,fox
https://www.foxnews.com/us/national-guard-member-sarah-beckstrom-dead-after-dc-shooting-highly-respected,fox
https://www.foxnews.com/video/6385669217112,fox
https://www.foxnews.com/video/6385673521112,fox
https://www.foxnews.com/video/6385694148112,fox
https://www.foxnews.com/video/6385698604112,fox
https://www.foxnews.com/video/6385700654112,fox
https://www.foxnews.com/video/6385702007112,fox
https://www.foxnews.com/politics/dhs-brass-slam-va-beach-principal-accused-chilling-plot-ambush-ice,fox
https://www.foxnews.com/politics/dhs-says-four-house-democrats-chose-stand-criminal-illegal-aliens-visiting-ice-detainee,fox
https://www.foxnews.com/politics/trump-admin-set-let-protected-status-350000-haitian-migrants-expire-february,fox
https://www.foxnews.com/video/6385617014112,fox
https://www.foxnews.com/video/6385626933112,fox
https://www.foxnews.com/video/6385633962112,fox
https://www.foxnews.com/video/6385634270112,fox
https://www.foxnews.com/video/6385635482112,fox
https://www.foxnews.com/video/6385636965112,fox
https://www.foxnews.com/video/6385658225112,fox
https://www.foxnews.com/video/6385664564112,fox
https://www.foxnews.com/media/truth-about-ice-inside-mission-track-down-criminals-protect-communities,fox
https://www.foxnews.com/politics/giving-thanks-republican-lawmakers-express-gratitude-ice-workers-dhs-video,fox
https://www.foxnews.com/politics/noem-greenlit-deportation-flights-after-judges-emergency-order-doj-reveals-fueling-contempt-fight,fox
https://www.foxnews.com/us/cbp-finds-enormous-meth-haul-stashed-mexican-lettuce-truck-texas-crossing,fox
https://www.foxnews.com/us/federal-judge-rules-ice-agents-colorado-may-only-arrest-illegal-immigrants-likely-flee,fox
https://www.foxnews.com/us/migrant-teenagers-charged-fatal-stabbing-homeless-man-chicago,fox
https://www.foxnews.com/video/6385578122112,fox
https://www.foxnews.com/video/6385583887112,fox
https://www.foxnews.com/video/6385588087112,fox
https://www.foxnews.com/video/6385593377112,fox
https://www.foxnews.com/video/6385604376112,fox
https://www.foxnews.com/media/ny-times-story-illegal-immigrant-stealing-minnesota-mans-identity-sparks-debate-gets-blasted-jd-vance,fox
https://www.foxnews.com/politics/dhs-torches-bamboozled-dems-calling-ice-crackdown-vicious-lies,fox
https://www.foxnews.com/politics/nyc-suburb-makes-major-security-move-city-border-after-mamdani-victory,fox
https://www.foxnews.com/politics/trump-admin-ends-temporary-protected-status-burmese-migrants,fox
https://www.foxnews.com/politics/war-badges-house-gop-targets-anti-police-rhetoric-amid-ice-attacks,fox
https://www.foxnews.com/us/bombshell-report-alleges-biden-team-pushed-airports-house-migrants-risking-safety,fox
https://www.foxnews.com/us/ice-seeking-deport-criminal-illegal-immigrant-who-allegedly-threw-coffee-baby-mother-dog,fox
https://www.foxnews.com/us/illegal-immigrant-stole-dhs-secretary-kristi-noems-gucci-bag-pleads-guilty-faces-deportation,fox
https://www.foxnews.com/us/masked-thieves-south-american-crime-ring-loot-american-homes-coordinated-pattern-police-warn,fox
https://www.foxnews.com/us/portland-protester-accused-threatening-kill-officers-sexually-assault-wives-ice-facility,fox
https://www.foxnews.com/us/sanctuary-politicians-rhetoric-led-1150-surge-violence-ice-agents-dhs,fox
https://www.foxnews.com/media/former-dem-senator-says-bidens-failure-border-paved-way-president-trump-defends-crime-crackdown,fox
https://www.foxnews.com/politics/heavily-redacted-voting-records-school-superintendent-nabbed-ice-spark-outrage,fox
https://www.foxnews.com/politics/pritzker-seeks-sympathy-from-pope-leo-over-trumps-chicago-immigration-blitz,fox
https://www.foxnews.com/politics/sanctuary-state-under-fire-granting-license-illegal-alien-killed-young-girl,fox
https://www.foxnews.com/politics/trump-terminates-deportation-protections-somali-nationals-living-minnesota-effective-immediately,fox
https://www.foxnews.com/politics/wave-car-attacks-ice-agents-follows-incendiary-rhetoric-from-target-city-leaders,fox
https://www.foxnews.com/video/6385413158112,fox
https://www.foxnews.com/video/6385457684112,fox
https://www.foxnews.com/video/6385460184112,fox
https://www.foxnews.com/video/6385461440112,fox
https://www.foxnews.com/video/6385493405112,fox
https://www.foxnews.com/media/fox-news-media-promotes-bill-melugin-congressional-correspondent,fox
https://www.foxnews.com/politics/fate-abrego-garcia-hangs-judge-grills-doj-removal-order,fox
https://www.foxnews.com/politics/ice-readies-swamp-sweep-mississippi-pledges-aid-not-block-federal-crackdown,fox
https://www.foxnews.com/politics/immigrants-fined-up-1-8-million-remaining-us-sue-trump-administration,fox
https://www.foxnews.com/politics/mamdani-vows-nypd-will-never-go-back-adams-era-cooperation-ice-enforcement,fox
https://www.foxnews.com/politics/shapiro-responds-illegal-immigrant-trucker-fiasco-says-driver-fed-database-first,fox
https://www.foxnews.com/politics/trump-labels-6-democrats-who-told-troops-refuse-unlawful-orders-traitors-who-should-arrested,fox
https://www.foxnews.com/politics/trump-threatens-cut-75m-from-pennsylvania-over-illegal-immigrant-cdl-scandal,fox
https://www.foxnews.com/us/ice-deports-ms-13-gang-leader-who-tried-game-our-immigration-system-under-biden-administration-dhs-says,fox
https://www.foxnews.com/video/6385355053112,fox
https://www.foxnews.com/video/6385398467112,fox
https://www.foxnews.com/media/pope-leo-says-countries-have-right-control-borders-advocates-humane-treatment-migrants,fox
https://www.foxnews.com/politics/appeals-court-blocks-order-limiting-immigration-agents-use-force-chicago,fox
https://www.foxnews.com/politics/boasberg-plans-move-quickly-trump-contempt-inquiry-major-immigration-case,fox
https://www.foxnews.com/politics/nc-senate-candidate-says-ice-charlotte-ops-result-ex-gov-opponent-repeatedly-blunting-cooperation,fox
https://www.foxnews.com/us/illegal-immigrant-caught-driving-commercial-truck-valid-new-york-cdl-california-checkpoint,fox
https://www.foxnews.com/us/illegal-immigrant-wanted-brutal-bathtub-murder-arrested-texas-after-crossing-southern-border-again,fox
https://www.foxnews.com/video/6385330008112,fox
https://www.foxnews.com/video/6385331231112,fox
https://www.foxnews.com/video/6385332419112,fox
https://www.foxnews.com/video/6385332426112,fox
https://www.foxnews.com/video/6385332606112,fox
https://www.foxnews.com/media/north-carolina-school-district-releases-memo-supporting-student-absences-due-ice-raids,fox
https://www.foxnews.com/opinion/illegal-immigrant-killed-my-daughter-katie-illinois-both-getting-justice,fox
https://www.foxnews.com/politics/250-border-agents-deploy-louisiana-swamp-sweep-report-says,fox
https://www.foxnews.com/politics/charlotte-based-nascar-powerhouse-bolsters-ice-operations-dozens-vehicles,fox
https://www.foxnews.com/politics/dhs-launching-massive-immigration-operation-louisiana-mississippi-swamp-sweep,fox
https://www.foxnews.com/politics/ice-threats-harassment-could-bring-prison-time-under-new-gop-halo-act,fox
https://www.foxnews.com/us/illegal-immigrant-accused-grabbing-officers-taser-shouting-allahu-akbar-arrest,fox
https://www.foxnews.com/us/sanctuary-states-need-crackdown-americans-pay-price-illegal-immigrant-truckers-gop-lawmaker,fox
https://www.foxnews.com/video/6385279491112,fox
https://www.foxnews.com/video/6385309010112,fox
https://www.foxnews.com/world/pope-leo-xiv-strongly-supports-us-bishops-condemnation-trump-immigration-raids-extremely-disrespectful,fox
https://www.foxnews.com/media/ice-arrests-uzbek-terror-suspect-working-truck-driver-tom-homan-slams-biden-team-over-migrant-vetting,fox
https://www.foxnews.com/politics/federal-judges-block-texas-from-using-redrawn-congressional-map,fox
https://www.foxnews.com/politics/lawmakers-warned-penndot-illegal-immigrant-cdl-crisis-before-bust-gop-demands-answers-from-shapiro,fox
https://www.foxnews.com/politics/north-carolina-democrats-fall-silent-after-ice-arrests-dozens-violent-records,fox
https://www.foxnews.com/us/ice-arrests-illegal-immigrant-accused-brutal-tire-iron-attack-sexual-assault-texas-woman,fox
https://www.foxnews.com/us/mexican-man-illegally-entered-us-five-times-arrested-child-abduction-conviction-illinois,fox
https://www.foxnews.com/us/youtube-fishing-creator-mikey-rijavec-found-dead-days-after-mayday-call-off-mexico-coast,fox
https://www.foxnews.com/video/6385271106112,fox
https://www.foxnews.com/video/6385275840112,fox
https://www.foxnews.com/video/6385281094112,fox
https://www.foxnews.com/video/6385281626112,fox
https://www.foxnews.com/media/duffy-vows-were-not-going-take-lying-down-after-court-blocks-cdl-restrictions-illegal-migrants,fox
https://www.foxnews.com/politics/trump-admin-sues-over-california-law-banning-ice-from-wearing-face-masks-shield-identities,fox
https://www.foxnews.com/politics/trump-immigration-enforcement-focus-expands-new-city-mayor-indicates,fox
https://www.foxnews.com/sports/ex-yankees-star-goes-bat-ice-agents-amid-dangerous-threats,fox
https://www.foxnews.com/us/charlotte-raid-targeting-criminal-illegal-immigrants-leads-130-arrests-including-ms-13-gang-member,fox
https://www.foxnews.com/us/granddaughter-charlottes-web-author-blasts-dhs-use-book-title-charlotte-immigration-sweep,fox
https://www.foxnews.com/us/houston-ice-operation-nets-over-3500-criminal-illegal-aliens-six-weeks-during-shutdown,fox
https://www.foxnews.com/video/6385239095112,fox
https://www.foxnews.com/video/6385256267112,fox
https://www.foxnews.com/video/6385264867112,fox
https://www.foxnews.com/video/6385267043112,fox
https://www.foxnews.com/politics/duckworth-fires-staffer-who-claimed-attorney-detained-illegal-immigrant-criminal-history,fox
https://www.foxnews.com/politics/illinois-mayor-declares-civil-emergency-after-out-of-town-protesters-threaten-violence-amid-anti-ice-unrest,fox
https://www.foxnews.com/politics/judge-boasberg-weigh-trump-contempt-deportation-case-week,fox
https://www.foxnews.com/us/human-smugglers-charged-panga-boat-capsizes-killing-4-san-diego-coast,fox
https://www.foxnews.com/us/ice-arrests-illegal-immigrant-trucker-from-uzbekistan-over-alleged-terror-ties,fox
https://www.foxnews.com/us/officer-injured-suspect-allegedly-rams-law-enforcement-vehicles-during-charlotte-immigration-raids,fox
https://www.foxnews.com/us/protesters-scream-get-f-out-my-city-federal-agents-during-immigration-raid,fox
https://www.foxnews.com/us/suspected-illegal-immigrant-arrested-texas-after-allegedly-sending-nude-photos-12-year-old-boy,fox
https://www.foxnews.com/us/texas-raid-targeting-tren-de-aragua-gang-leads-arrest-140-illegal-immigrants,fox
https://www.foxnews.com/video/6385217093112,fox
https://www.foxnews.com/video/6385226227112,fox
https://www.foxnews.com/media/number-international-students-us-down-thanks-trump-immigration-agenda,fox
https://www.foxnews.com/politics/supreme-court-agrees-review-trump-admin-effort-limit-immigrant-asylum-processing-claims-border,fox
https://www.foxnews.com/politics/trump-reveals-maduro-would-like-talk-military-options-remain-table-venezuela,fox
https://www.foxnews.com/us/fbi-warns-crooks-posing-ice-terrorize-communities-former-agent-explains-red-flags,fox
https://www.foxnews.com/us/illegal-immigrant-rap-sheet-charged-hammer-attack-woman-jogging-park-released-under-biden-dhs,fox
https://www.foxnews.com/video/6385180441112,fox
https://www.foxnews.com/video/6385205709112,fox
https://www.foxnews.com/video/6385207075112,fox
https://www.foxnews.com/video/6385210318112,fox
https://www.foxnews.com/video/6385211636112,fox
https://www.foxnews.com/video/6385211655112,fox
https://www.foxnews.com/politics/border-czar-tom-homan-slams-catholic-church-says-secure-border-saves-lives,fox
https://www.foxnews.com/politics/trump-ends-shutdown-faces-backlash-makes-surprise-epstein-move-amid-chaotic-week,fox
https://www.foxnews.com/us/charlotte-braces-federal-immigration-enforcement-murder-rate-rises-200-uptown-area,fox
https://www.foxnews.com/us/federal-immigration-enforcement-sweeps-charlotte-months-ukrainian-refugee-killing-shocked-nation,fox
https://www.foxnews.com/us/former-cbp-officer-sentenced-15-years-prison-role-drug-trafficking-scheme-southern-border,fox
https://www.foxnews.com/video/6385142476112,fox
https://www.foxnews.com/video/6385144401112,fox
https://www.foxnews.com/video/6385170920112,fox
https://www.foxnews.com/video/6385172716112,fox
https://www.foxnews.com/world/britain-announces-sweeping-asylum-policy-shift-cut-protections-refugees,fox
https://www.foxnews.com/world/protesters-attack-police-breach-barrier-mexicos-national-palace-rally-cartel-violence,fox
https://www.foxnews.com/politics/doj-orders-lawyers-report-judicial-obstacles-immigration-antifa-cases,fox
https://www.foxnews.com/politics/exclusive-catholic-bishops-chided-sowing-confusion-deportations-stance,fox
https://www.foxnews.com/politics/federal-judge-slams-brakes-trump-admin-rule-limiting-commercial-drivers-licenses-immigrants,fox
https://www.foxnews.com/politics/judge-rejects-rep-lamonica-mcivers-bid-toss-assault-case-says-her-actions-legislative-purpose,fox
https://www.foxnews.com/us/anti-ice-illinois-agitators-clash-officers-outside-chicago-immigration-facility-arrests-made,fox
https://www.foxnews.com/us/biden-admin-gave-protected-status-honduran-man-later-charged-child-rape-torture-case-niece,fox
https://www.foxnews.com/us/charlotte-promises-resist-pending-federal-immigration-raids-campaign-terror,fox
https://www.foxnews.com/us/dhs-deports-illegal-migrant-charged-violent-crimes-aided-judge-avoid-ice-arrest,fox
https://www.foxnews.com/video/6385103428112,fox
https://www.foxnews.com/video/6385106125112,fox
https://www.foxnews.com/video/6385123112112,fox
https://www.foxnews.com/politics/california-revoke-17000-commercial-drivers-licenses-given-immigrants-amid-trump-admin-pressure,fox
https://www.foxnews.com/politics/newsoms-sanctuary-policies-under-scrutiny-after-drunk-illegal-kills-elderly-man,fox
https://www.foxnews.com/politics/oregon-democrats-outraged-over-reported-ice-facility-plans-near-portland,fox
https://www.foxnews.com/us/californias-largest-migrant-detention-center-accused-horrific-conditions-federal-lawsuit,fox
https://www.foxnews.com/us/illegal-alien-truck-driver-presses-blood-samples-vehicle-analysis-deadly-florida-disaster,fox
https://www.foxnews.com/us/illegal-gangster-demonic-face-tattoo-wanted-homicide-arrested-us-soil-feds,fox
https://www.foxnews.com/us/judge-ordered-release-600-chicago-illegal-immigrants-slammed-dhs-activist-putting-lives-risk,fox
https://www.foxnews.com/video/6385055765112,fox
https://www.foxnews.com/video/6385067957112,fox
https://www.foxnews.com/video/6385068442112,fox
https://www.foxnews.com/video/6385079222112,fox
https://www.foxnews.com/media/kristi-noem-announces-more-than-150-illegal-immigrant-sex-offenders-arrested-massive-florida-crackdown,fox
https://www.foxnews.com/media/university-chicago-faculty-unions-demand-school-end-inaction-against-ice-raids,fox
https://www.foxnews.com/opinion/trump-has-made-border-secure-again-now-hard-part-begins,fox
https://www.foxnews.com/politics/dhs-blasts-chicago-mayor-accusing-raid-leader-racist-terror-comparison-segregationist-governors,fox
https://www.foxnews.com/politics/duckworth-staffer-accused-posing-lawyer-attempt-free-illegal-immigrant-from-ice-custody,fox
https://www.foxnews.com/politics/texas-sues-county-helping-migrants-access-legal-support-fight-deportation-evil-wicked,fox
https://www.foxnews.com/us/dhs-chicago-crime-drops-sharply-after-federal-operation-targeting-criminal-illegal-immigrants,fox
https://www.foxnews.com/us/ice-florida-arrest-230-criminal-illegal-aliens-10-day-operation,fox
https://www.foxnews.com/video/6385018611112,fox
https://www.foxnews.com/video/6385054578112,fox
https://www.foxnews.com/video/6385054745112,fox
https://www.foxnews.com/opinion/gen-z-loves-both-trump-mamdani-same-reason,fox
https://www.foxnews.com/politics/dhs-salutes-veterans-turned-ice-agents-after-major-arrests-across-country,fox
https://www.foxnews.com/politics/ilhan-omar-fires-back-after-trumps-constitution-dig-unlike-you-i-can-read,fox
https://www.foxnews.com/politics/texas-ag-ken-paxton-sues-latino-voter-group-jolt-allegedly-registering-illegal-immigrants,fox
https://www.foxnews.com/politics/trump-declares-victory-dem-run-city-despite-extraordinary-resistance-from-sanctuary-politicians,fox
https://www.foxnews.com/politics/trump-issues-complete-total-endorsement-lone-star-governors-race,fox
https://www.foxnews.com/travel/overweight-foreigners-seeking-visas-may-rejected-save-healthcare-costs-taxpayer-expense,fox
https://www.foxnews.com/us/ice-arrests-moldovan-illegal-immigrant-convicted-killer-who-tortured-threw-victim-out-ninth-floor-window,fox
https://www.foxnews.com/video/6384963280112,fox
https://www.foxnews.com/video/6384970037112,fox
https://www.foxnews.com/video/6385000862112,fox
https://www.foxnews.com/media/popstar-olivia-rodrigo-blasts-dhs-using-her-song-hateful-racist-post,fox
https://www.foxnews.com/politics/american-workers-being-replaced-inside-h-1b-visa-controversy,fox
https://www.foxnews.com/politics/portland-area-county-declares-state-emergency-over-ice-activity-police-probed-helping-dhs,fox
https://www.foxnews.com/politics/trump-doubles-down-plan-600000-chinese-student-visas-despite-maga-backlash,fox
https://www.foxnews.com/us/illegal-alien-past-felony-firearm-violation-custody-after-weekend-border-patrol-attack-chicago,fox
https://www.foxnews.com/us/illegal-immigrant-dodges-deportation-decade-before-allegedly-killing-man-dui-hit-and-run,fox
https://www.foxnews.com/video/6384906412112,fox
https://www.foxnews.com/video/6384910277112,fox
https://www.foxnews.com/video/6384913039112,fox
https://www.foxnews.com/video/6384914672112,fox
https://www.foxnews.com/video/6384935258112,fox
https://www.foxnews.com/politics/final-hurdles-cleared-deport-abrego-garcia-liberia-trump-admin-says,fox
https://www.foxnews.com/us/former-daca-recipient-violent-criminal-past-flees-ice-tries-balcony-jump-chicago-arrest,fox
https://www.foxnews.com/us/illegal-immigrants-allegedly-offered-whatsapp-menu-women-sex-trafficking-ring,fox
https://www.foxnews.com/us/manhunt-underway-gunman-allegedly-fires-federal-agents-chicago-immigration-enforcement-action,fox
https://www.foxnews.com/us/suspected-suburb-jihadis-fueled-social-media-assimilation-lapses-homegrown-terror-plot-expert-warns,fox
https://www.foxnews.com/video/6384821197112,fox
https://www.foxnews.com/video/6384842479112,fox
https://www.foxnews.com/video/6384868306112,fox
https://www.foxnews.com/video/6384876352112,fox
https://www.foxnews.com/video/6384881390112,fox
https://www.foxnews.com/video/6384882191112,fox
https://www.foxnews.com/media/wwii-veteran-says-britain-today-wasnt-worth-his-friends-sacrifice-less-free-than-his-youth,fox
https://www.foxnews.com/politics/how-tiny-african-absolute-monarchy-can-play-vital-role-us-national-security-expert,fox
https://www.foxnews.com/politics/noem-touts-200000-ice-agent-applications-agency-ramps-up-deportation-illegal-migrants,fox
https://www.foxnews.com/politics/shattered-our-world-family-still-without-answers-after-intoxicated-illegal-killed-mother,fox
https://www.foxnews.com/politics/trump-says-hungarys-border-stance-keeps-crime-down-europe-flooding-migrants,fox
https://www.foxnews.com/politics/twice-deported-illegal-immigrant-pedophile-severely-injures-ice-officer-houston-arrest,fox
https://www.foxnews.com/us/ice-arrests-illegal-immigrant-massachusetts-accused-stabbing-coworker-scissors-trash-bin-attack,fox
https://www.foxnews.com/us/what-we-know-about-chinese-nationals-accused-smuggling-biological-materials-while-university-lab,fox
https://www.foxnews.com/video/6384762799112,fox
https://www.foxnews.com/video/6384791846112,fox
https://www.foxnews.com/video/6384802698112,fox
https://www.foxnews.com/media/padma-lakshmi-calls-new-cookbook-her-rebuttal-ice-trump-immigration-policies,fox
https://www.foxnews.com/politics/federal-judge-says-ice-detainees-shouldnt-sleeping-next-overflowing-toilets-chicago-area-facility,fox
https://www.foxnews.com/politics/ice-operation-prevents-nightmares-ptsd-massive-texas-operation,fox
https://www.foxnews.com/politics/state-department-revoked-more-than-80k-nonimmigrant-visas-this-year-including-8k-student-visas,fox
https://www.foxnews.com/politics/trump-dhs-turns-tables-media-narrative-fathers-arrest-deep-blue-city,fox
https://www.foxnews.com/politics/trump-state-department-orders-global-visa-crackdown-under-revived-public-charge-rule,fox
https://www.foxnews.com/us/ice-officer-burned-face-gashed-after-assault-illegal-immigrant-using-metal-coffee-cup,fox
https://www.foxnews.com/us/ice-says-took-down-group-linked-violent-home-invasions-texas-video-shows-victim-chased-attacked,fox
https://www.foxnews.com/us/outrage-erupts-after-boozed-up-illegal-immigrant-allegedly-mows-down-blue-state-couple-how-many-more,fox
https://www.foxnews.com/video/6384612792112,fox
https://www.foxnews.com/video/6384767144112,fox
https://www.foxnews.com/media/i-c-e-pledges-fulfill-president-trumps-largest-deportation-effort-no-ones-off-table,fox
https://www.foxnews.com/media/matthew-lillard-drops-f-bombs-ice-los-angeles-scream-screening-event-while-promoting-ballot-measure,fox
https://www.foxnews.com/politics/ice-reveals-stunning-statistic-after-exposing-halloween-weekends-worst-of-worst-arrests,fox
https://www.foxnews.com/politics/sexual-predators-drug-traffickers-among-ices-worst-worst-roundup-virginia,fox
https://www.foxnews.com/sports/immigration-rights-group-petitions-dodgers-skip-white-house-visit-after-world-series-win,fox
https://www.foxnews.com/us/dhs-fires-back-viral-video-sparks-claims-ice-daycare-raid-blue-city,fox
https://www.foxnews.com/us/illegal-immigrant-truck-drivers-endanger-americans-foreign-companies-exploit-industry-exec-says,fox
https://www.foxnews.com/video/6384476966112,fox
https://www.foxnews.com/video/6384577808112,fox
https://www.foxnews.com/video/6384583331112,fox
https://www.foxnews.com/media/trump-agrees-maduros-days-venezuelas-president-numbered-60-minutes-interview,fox
https://www.foxnews.com/opinion/jonathan-turley-why-blue-states-new-anti-ice-laws-unconstitutional-virtue-signaling,fox
https://www.foxnews.com/opinion/plan-flood-illegal-immigration-our-answer-immigration-moratorium,fox
https://www.foxnews.com/politics/former-trump-official-warns-mamdani-victory-would-mark-marxist-shift-new-york-city,fox
https://www.foxnews.com/politics/trump-backs-ice-raid-tactics-says-havent-gone-far-enough,fox
https://www.foxnews.com/us/florida-man-nabbed-homeland-security-allegedly-making-online-death-threats-against-ice-gestapo,fox
https://www.foxnews.com/us/video-shows-hostile-crowd-surround-border-patrol-agents-arrest-turns-violent-suburban-chicago,fox
https://www.foxnews.com/video/6384395553112,fox
https://www.foxnews.com/video/6384426517112,fox
https://www.foxnews.com/video/6384434421112,fox
https://www.foxnews.com/video/6384441391112,fox
https://www.foxnews.com/politics/illinois-lawmakers-pass-bill-banning-ice-immigration-arrests-near-courthouses,fox
https://www.foxnews.com/politics/trump-epa-slashes-12-years-off-sewage-cleanup-crisis-has-rocked-california-decades,fox
https://www.foxnews.com/us/biden-immigration-policies-fire-illegal-immigrant-prior-duis-charged-14-year-olds-death,fox
https://www.foxnews.com/us/blue-state-ice-agents-dodge-bullets-speeding-cars-left-ramps-up-tracking-campaigns,fox
https://www.foxnews.com/us/ice-officer-shoots-illegal-immigrant-phoenix-traffic-stop-gone-wrong-both-hospitalized,fox
https://www.foxnews.com/us/meth-busters-cbp-officers-eagle-pass-halt-massive-drug-shipment-bound-united-states,fox
https://www.foxnews.com/video/6384354698112,fox
https://www.foxnews.com/video/6384372617112,fox
https://www.foxnews.com/video/6384374993112,fox
https://www.foxnews.com/video/6384381307112,fox
https://www.foxnews.com/video/6384391934112,fox
https://www.foxnews.com/media/cnn-host-compares-ice-crackdown-horror-movie-suggests-parents-abducted-while-trick-or-treating,fox
https://www.foxnews.com/media/truckers-warn-foreign-invasion-dhs-cracks-down-illegal-immigrant-drivers,fox
https://www.foxnews.com/politics/gen-z-house-candidate-indicted-attacking-ice-officers-quits-interview-after-being-asked-about-charges,fox
https://www.foxnews.com/politics/hannity-town-hall-gop-candidate-reveals-which-far-left-policy-he-eliminate-first-governor,fox
https://www.foxnews.com/us/dhs-rule-expands-facial-recognition-all-us-ports-entry-foreign-travelers,fox
https://www.foxnews.com/us/feds-arrest-dozens-illegal-aliens-sweeping-new-jersey-workplace-raid,fox
https://www.foxnews.com/video/6384316711112,fox
https://www.foxnews.com/video/6384342734112,fox
https://www.foxnews.com/video/6384344593112,fox
https://www.foxnews.com/video/6384349505112,fox
https://www.foxnews.com/media/noem-warns-18-wheelers-becoming-weapons-newsom-sanctuary-states-license-illegal-immigrants,fox
https://www.foxnews.com/politics/146-illegal-immigrant-truck-drivers-arrested-indiana-crackdown-noem-says-your-days-numbered,fox
https://www.foxnews.com/politics/abrego-garcias-lawyers-ask-judge-drop-vindictive-prosecution-hearing-dismiss-criminal-case,fox
https://www.foxnews.com/politics/key-trump-agency-vows-claw-back-over-1b-benefitting-illegals-blue-states,fox
https://www.foxnews.com/us/ice-arrests-2-heinous-criminal-murder-suspects-simultaneously-texas-georgia,fox
https://www.foxnews.com/us/ice-says-suspect-accused-killing-teen-second-drunk-driving-incident-us-illegally,fox
https://www.foxnews.com/video/6384302683112,fox
https://www.foxnews.com/video/6384303782112,fox
https://www.foxnews.com/video/6384304871112,fox
https://www.foxnews.com/video/6384305354112,fox
https://www.foxnews.com/video/6384306856112,fox
https://www.foxnews.com/media/dhs-calls-out-nbc-affiliate-hiding-illegal-immigrant-crime-history-arrest-story,fox
https://www.foxnews.com/politics/federal-appeals-court-cancels-daily-border-patrol-chief-check-ins,fox
https://www.foxnews.com/politics/major-blue-county-hot-seat-after-violent-illegal-alien-arrested-10-times-finally-nabbed-ice,fox
https://www.foxnews.com/us/dhs-warns-unprecedented-violence-death-threats-against-ice-officers-soar-8000,fox
https://www.foxnews.com/us/gen-z-dem-candidate-charged-interfering-ice-posted-video-herself-mob-blocking-unmarked-suv,fox
https://www.foxnews.com/us/illegal-immigrant-allegedly-kills-county-board-member-wife-fatal-dui-crash-dhs,fox
https://www.foxnews.com/us/police-say-theyre-tired-dem-cities-spending-billions-illegal-immigrants-over-cops-law-enforcement-group,fox
https://www.foxnews.com/us/portland-police-accuse-federal-troops-inflaming-anti-ice-protests-which-city-claims-have-not-been-violent,fox
https://www.foxnews.com/video/6384266124112,fox
https://www.foxnews.com/video/6384274140112,fox
https://www.foxnews.com/world/outrage-swedish-court-refuses-deport-convicted-rapist-pm-promises-crackdown,fox
https://www.foxnews.com/media/border-patrol-chief-fires-back-hard-after-chicago-mayor-calls-him-barbaric-over-tear-gas-incident,fox
https://www.foxnews.com/politics/democratic-congressional-candidate-indicted-anti-ice-protest-turned-violent-illinois,fox
https://www.foxnews.com/politics/us-attorney-fired-trump-joins-newsoms-team,fox
https://www.foxnews.com/us/desantis-says-he-wont-tolerate-h-1b-visa-abuse-florida-universities,fox
https://www.foxnews.com/us/dhs-shares-video-evidence-justify-border-patrol-tear-gas-use-chaotic-chicago-immigration-raid,fox
https://www.foxnews.com/us/feds-nab-anti-ice-activists-sweeping-pre-dawn-la-raid,fox
https://www.foxnews.com/us/new-york-leader-pledges-more-cops-tougher-ice-partnership-nyc-elects-socialist-mayor,fox
https://www.foxnews.com/video/6384201990112,fox
https://www.foxnews.com/video/6384251017112,fox
https://www.foxnews.com/video/6384257553112,fox
https://www.foxnews.com/video/6384259714112,fox
https://www.foxnews.com/media/homan-blasts-critics-hails-border-patrol-chief-greg-bovino-patriot-after-fiery-chicago-tear-gas-hearing,fox
https://www.foxnews.com/politics/abrego-garcia-remain-us-high-stakes-vindictive-prosecution-hearing,fox
https://www.foxnews.com/politics/nyc-suburb-official-reveals-how-ice-partnership-has-flipped-script-crime-mamdani-victory-looms,fox
https://www.foxnews.com/politics/senate-dem-dick-durbin-accuses-trump-admin-terrorizing-people-homes,fox
https://www.foxnews.com/us/illegal-immigrant-deported-30-years-after-brutal-murder-philadelphia-teen-eddie-polec-church-steps,fox
https://www.foxnews.com/us/indian-national-allegedly-stabbed-2-teens-fork-flight,fox
https://www.foxnews.com/us/washington-state-man-investigated-threatening-ice-agents-online-vowing-make-life-harder-officers,fox
https://www.foxnews.com/video/6384194706112,fox
https://www.foxnews.com/video/6384201168112,fox
https://www.foxnews.com/video/6384203879112,fox
https://www.foxnews.com/video/6384205823112,fox
https://www.foxnews.com/media/uc-berkeley-class-focuses-racial-superiority-shapes-immigration-law-anti-ice-rhetoric,fox
https://www.foxnews.com/politics/doj-signals-would-rather-deport-abrego-garcia-than-prosecute-him,fox
https://www.foxnews.com/politics/top-trump-officials-urged-close-critical-gaps-illegal-alien-crime-reporting,fox
https://www.foxnews.com/politics/whistleblower-warns-illegal-immigrants-sending-shockwave-through-crucial-industry,fox
https://www.foxnews.com/us/12-year-old-honduran-girl-allegedly-tortured-sponsors-entering-u-s-unaccompanied-minor,fox
https://www.foxnews.com/us/13-year-old-us-illegally-denied-release-alleged-gang-ties-come-light-following-school-threat,fox
https://www.foxnews.com/us/ice-leadership-shakeup-exposes-growing-dhs-friction-over-deportation-tactics-priorities,fox
https://www.foxnews.com/us/ice-nabs-3-time-deported-illegal-alien-charged-assaulting-police-officer-good-riddance,fox
https://www.foxnews.com/video/6384148729112,fox
https://www.foxnews.com/video/6384149265112,fox
https://www.foxnews.com/video/6384189842112,fox
https://www.foxnews.com/politics/chicago-mayor-lashes-out-reporter-over-illegal-alien-term-racist-nasty-language,fox
https://www.foxnews.com/politics/expert-reveals-3-headed-monster-crushing-american-college-graduates-as-trump-makes-strikes-on-h1b-visas,fox
https://www.foxnews.com/us/high-school-coach-wife-idd-victims-killed-crash-tied-illegal-alien-trucker-released-biden-admin,fox
https://www.foxnews.com/us/ice-cbp-seize-400-firearms-hidden-in-fake-trailer-walls-southern-border-crossing,fox
https://www.foxnews.com/video/6383598191112,fox
https://www.foxnews.com/video/6384027037112,fox
https://www.foxnews.com/video/6384067011112,fox
https://www.foxnews.com/video/6384069737112,fox
https://www.foxnews.com/video/6384073128112,fox
https://www.foxnews.com/video/6384108028112,fox
https://www.foxnews.com/video/6384108603112,fox
https://www.foxnews.com/media/deputy-attorney-general-issues-fiery-warning-pelosi-over-illegal-threat-arrest-ice-agents,fox
https://www.foxnews.com/politics/dhs-soon-deport-abrego-garcia-african-nation-after-illegal-aliens-return-from-el-salvador-filing-says,fox
https://www.foxnews.com/politics/trump-team-urges-oregon-judge-end-restraining-order-blocking-national-guard,fox
https://www.foxnews.com/us/convicted-illegal-immigrant-child-killer-murdered-infant-son-arrested-twin-cities-ice-sweep,fox
https://www.foxnews.com/us/dhs-marks-one-most-violent-days-operation-midway-blitz-several-arrests,fox
https://www.foxnews.com/us/illegal-immigrants-arrested-after-woman-found-shot-death-texas-woods-1-wanted-mexican-feds-police,fox
https://www.foxnews.com/video/6383825294112,fox
https://www.foxnews.com/video/6383858393112,fox
https://www.foxnews.com/video/6383901863112,fox
https://www.foxnews.com/video/6384022512112,fox
https://www.foxnews.com/world/german-chancellor-defends-remarks-migrants-suggesting-citizens-afraid-move-public-spaces,fox
https://www.foxnews.com/media/duffy-tells-newsom-3-more-people-would-alive-followed-federal-truck-licensing-rules,fox
https://www.foxnews.com/politics/nearly-all-republican-ags-add-firepower-trumps-birthright-citizenship-push,fox
https://www.foxnews.com/politics/sanders-praises-trump-slams-biden-border-youve-got-have-borders-period,fox
https://www.foxnews.com/us/dashcam-video-shows-deadly-freeway-crash-involving-suspected-illegal-immigrant-trucker,fox
https://www.foxnews.com/us/hollywood-piano-teacher-allegedly-flees-country-after-sexual-abuse-conviction-involving-teen,fox
https://www.foxnews.com/video/6383749811112,fox
https://www.foxnews.com/video/6383753110112,fox
https://www.foxnews.com/video/6383759769112,fox
https://www.foxnews.com/video/6383771250112,fox
https://www.foxnews.com/video/6383790222112,fox
https://www.foxnews.com/world/frantic-manhunt-launched-after-asylum-seeker-who-sexually-assaulted-teen-accidentally-freed-from-prison,fox
https://www.foxnews.com/politics/ag-pam-bondi-puts-ex-chicago-mayor-lori-lightfoot-notice-over-her-vow-unmask-ice-agents,fox
https://www.foxnews.com/politics/dems-urged-stop-siding-illegal-aliens-after-activist-rams-agents-sanctuary-city,fox
https://www.foxnews.com/politics/doj-warns-california-officials-stand-down-face-prosecution-after-threats-arrest-ice-agents,fox
https://www.foxnews.com/us/fbi-opens-investigation-after-driver-allegedly-rams-ice-vehicle-arizona-traffic-stop-attempt,fox
https://www.foxnews.com/us/illegal-alien-failed-cdl-test-10-times-2-months-before-fatal-florida-crash-killed-3,fox
https://www.foxnews.com/us/illegal-immigrant-truck-driver-fatal-california-crash-never-license-dot-report,fox
https://www.foxnews.com/us/security-california-coast-guard-base-opens-fire-truck-posing-direct-threat,fox
https://www.foxnews.com/video/6383652331112,fox
https://www.foxnews.com/video/6383660399112,fox
https://www.foxnews.com/video/6383666432112,fox
https://www.foxnews.com/video/6383731463112,fox
https://www.foxnews.com/media/steve-hilton-slams-democrats-migrant-allegedly-rams-fed-vehicles-warns-rhetoric-fueling-dangerous-conditions,fox
https://www.foxnews.com/politics/trump-hosts-roundtable-efforts-thwart-cartels-human-trafficking-operations-inherited-disgrace,fox
https://www.foxnews.com/politics/trump-postpones-federal-troop-deployment-san-francisco,fox
https://www.foxnews.com/politics/white-house-says-california-granted-license-illegal-immigrant-trucker-charged-fatal-dui-crash,fox
https://www.foxnews.com/us/texas-mounted-patrol-caught-camera-capturing-illegal-immigrant-hiding-ranch-brush-near-southern-border,fox
https://www.foxnews.com/video/6383589535112,fox
https://www.foxnews.com/video/6383590791112,fox
https://www.foxnews.com/video/6383596599112,fox
https://www.foxnews.com/video/6383632113112,fox
https://www.foxnews.com/video/6383642891112,fox
https://www.foxnews.com/video/6383644062112,fox
https://www.foxnews.com/politics/trump-vows-very-serious-retaliation-against-isis-after-deadly-syria-ambush-kills-us-soldiers,fox
https://www.foxnews.com/politics/inside-minnesotas-1b-fraud-fake-offices-phony-firms-and-a-scandal-hiding-in-plain-sight,fox
https://www.foxnews.com/politics/elon-musk-blasts-newsoms-office-says-his-son-battling-mental-illness-due-evil-woke-mind-virus,fox
https://www.foxnews.com/politics/see-it-feeding-our-future-fraudsters-bought-mansions-mercedes-250m-stolen-meal-funds,fox
https://www.foxnews.com/video/6386453333112,fox
https://www.foxnews.com/sports/navy-tops-army-late-touchdown-trumps-attendance-baltimore-sparks-protests,fox
https://www.foxnews.com/video/6386448503112,fox
https://www.foxnews.com/opinion/mike-davis-why-dcs-trump-hating-judge-boasberg-must-impeached,fox
https://www.foxnews.com/media/house-democrats-voice-concerns-over-jasmine-crocketts-texas-senate-campaign-viability-report,fox
https://www.foxnews.com/politics/house-democrat-pushes-senate-reverse-trump-federal-union-order-after-gop-revolt-20-republicans,fox
https://www.foxnews.com/politics/progressive-powerhouses-launch-primary-war-against-democratic-establishment-ahead-2026-elections,fox
https://www.foxnews.com/politics/fbi-ousts-reinstated-whistleblower-over-unauthorized-media-talks-poor-judgment,fox
https://www.foxnews.com/politics/maduro-trapped-few-retaliation-options-after-trump-admin-seizes-venezuelan-oil-tanker,fox
https://www.foxnews.com/media/cabinet-wives-reveal-trump-administration-feels-like-one-big-team-incredible-leader,fox
https://www.foxnews.com/world/state-department-stays-quiet-albania-reinstates-deputy-pm-accused-corruption,fox
https://www.foxnews.com/opinion/china-races-ahead-ai-trump-warns-america-cant-regulate-itself-defeat,fox
https://www.foxnews.com/opinion/why-you-make-six-figures-still-live-paycheck-paycheck,fox
https://www.foxnews.com/media/marjorie-taylor-greene-returning-the-view-just-days-after-shell-leave-congress,fox
https://www.foxnews.com/politics/republican-house-leader-signals-plan-begin-contempt-proceedings-against-bill-hillary-clinton,fox
https://www.foxnews.com/media/pop-star-sza-lashes-out-white-house-evil-n-boring-deportation-post-using-her-song,fox
https://www.foxnews.com/politics/house-gop-unveils-healthcare-plan-ahead-vote-next-week-cost-hike-looms-millions,fox
https://www.foxnews.com/politics/cruz-says-rep-ilhan-omar-could-face-jail-time-deportation-marriage-allegation-proves-true,fox
https://www.foxnews.com/politics/preservation-group-sues-trump-administration-white-house-ballroom-project,fox
https://www.foxnews.com/media/melania-trumps-longtime-makeup-artist-says-she-canceled-working-first-family,fox
https://www.foxnews.com/politics/white-house-slams-house-dems-releasing-epstein-photos-showing-trump-clinton-woody-allen,fox
https://www.foxnews.com/politics/fox-news-politics-newsletter-omar-accused-opening-door-massive-minneapolis-fraud,fox
https://www.foxnews.com/politics/fox-news-politics-newsletter-doj-cleared-release-epstein-grand-jury-materials,fox
https://www.foxnews.com/politics/dem-appointed-education-officials-face-new-scrutiny-as-fraud-scandal-widens,fox
https://www.foxnews.com/video/6386410865112,fox
https://www.foxnews.com/video/6386409878112,fox
https://www.foxnews.com/video/6386410910112,fox
https://www.foxnews.com/video/6386409699112,fox
https://www.foxnews.com/media/epstein-documents-raise-new-questions-about-trump-conduct-he-denounces-democrats,fox
https://www.foxnews.com/media/fettermans-brutally-candid-account-battling-depression-feeling-suicidal-being-thrown-out-his-house,fox
https://www.foxnews.com/politics/new-resistance-battling-trumps-second-term-through-onslaught-lawsuits-taking-aim-eos,fox
https://www.foxnews.com/politics/gas-prices-falling-so-why-isnt-trump-refilling-oil-reserve-faster-wh-blames-biden-era-damage,fox
https://www.foxnews.com/politics/waltz-hails-night-and-day-middle-east-shift-trumps-gaza-plan-reshapes-region,fox
https://www.foxnews.com/politics/democrats-ramp-up-calls-release-jack-smiths-special-counsel-report,fox
https://www.foxnews.com/politics/watch-dems-attempt-explain-why-stock-market-booming-despite-trump-tariffs,fox
https://www.foxnews.com/opinion/josh-hammer-trial-lawyer-lawfare-vs-trumps-policy-revolution,fox
https://www.foxnews.com/politics/flashback-hillary-clinton-once-called-flag-burning-ban-trumps-order-ignites-backlash,fox
https://www.foxnews.com/politics/tim-walz-rips-media-negative-reporting-dem-party-amid-fascist-takeover,fox
https://www.foxnews.com/video/6386436193112,fox
https://www.foxnews.com/video/6386433778112,fox
https://www.foxnews.com/video/6386387723112,fox
https://www.foxnews.com/sports/protests-erupt-outside-army-navy-game-amid-trumps-attendance,fox
https://www.foxnews.com/video/6386444675112,fox
https://www.foxnews.com/sports/trump-returns-army-navy-showdown,fox
https://www.foxnews.com/video/6386442262112,fox
https://www.foxnews.com/politics/2024-election-night-winners-losers,fox
https://www.foxnews.com/media/trump-supporters-flood-social-media-memes-celebrating-trump-victory,fox
https://www.foxnews.com/health/trumps-stamina-age-78-impresses-experts-mental-physical-resilience,fox
https://www.foxnews.com/politics/bipartisan-push-grows-senate-force-release-unedited-caribbean-strike-footage,fox
https://www.foxnews.com/politics/texas-senate-candidate-challenges-jasmine-crockett-public-debate,fox
https://www.foxnews.com/politics/senate-mulls-next-steps-after-dueling-obamacare-fixes-go-up-flames,fox
https://www.foxnews.com/media/jasmine-crockett-says-senate-needs-impose-ethical-guidelines-supreme-court,fox
https://www.foxnews.com/video/6386379667112,fox
https://www.foxnews.com/politics/speakers-lobby-what-congress-december-script-means-healthcare-next-year,fox
https://www.foxnews.com/politics/senate-dems-obamacare-fix-fails-senate-looks-off-ramp-from-healthcare-cliff,fox
https://www.foxnews.com/politics/trump-presses-thune-get-something-done-stalled-nominees,fox
https://www.foxnews.com/politics/senate-dems-block-republicans-hsa-plan-obamacare-deadline-nears,fox
https://www.foxnews.com/politics/hitchhikers-guide-thursdays-big-senate-votes-healthcare,fox
https://www.foxnews.com/video/6386323732112,fox
https://www.foxnews.com/politics/gop-accuses-democrats-manufacturing-affordability-crisis-obamacare-subsidy-fight-nears-deadline,fox
https://www.foxnews.com/politics/dueling-obamacare-plans-set-fail-deadline-nears-pushing-senate-toward-bipartisan-talks,fox
https://www.foxnews.com/politics/democrats-target-vulnerable-republican-senators-ahead-high-stakes-health-care-showdown,fox
https://www.foxnews.com/opinion/nikki-haley-america-must-expose-lefts-dangerous-falsehoods-about-israel,fox
https://www.foxnews.com/politics/speaker-johnson-laughs-off-jasmine-crockett-senate-bid-absolutely-delighted-she-running,fox
https://www.foxnews.com/video/6386295913112,fox
https://www.foxnews.com/video/6386292223112,fox
https://www.foxnews.com/politics/senate-gop-barrels-past-blockade-advance-nearly-100-trump-nominees,fox
https://www.foxnews.com/video/6386288691112,fox
https://www.foxnews.com/politics/cotton-moves-loosen-egg-rules-bid-boost-supply-ease-affordability-crunch,fox
https://www.foxnews.com/video/6386277516112,fox
https://www.foxnews.com/politics/thomas-massie-introduces-bill-pull-us-out-nato-america-should-not-worlds-security-blanket,fox
https://www.foxnews.com/video/6386262358112,fox
https://www.foxnews.com/politics/trump-says-rep-crocketts-senate-run-a-gift-republicans-cant-imagine-she-wins,fox
https://www.foxnews.com/video/6386252896112,fox
https://www.foxnews.com/media/major-california-health-system-ending-transgender-procedures-minors-across-its-network,fox
https://www.foxnews.com/video/6386247265112,fox
https://www.foxnews.com/politics/senate-republicans-land-obamacare-fix-tee-up-dueling-vote-dems,fox
https://www.foxnews.com/politics/trump-dismisses-calls-alito-thomas-step-down-from-supreme-court-calling-them-fantastic,fox
https://www.foxnews.com/video/6386242967112,fox
https://www.foxnews.com/politics/gop-senator-pitches-black-friday-obamacare-fix-bridges-democrat-republican-demands,fox
https://www.foxnews.com/video/6386237470112,fox
https://www.foxnews.com/video/6386234929112,fox
https://www.foxnews.com/politics/senate-republicans-unveil-plan-replace-obamacare-subsidies-health-savings-accounts,fox
https://www.foxnews.com/politics/far-left-firebrand-mocked-texas-senate-campaign-launch-cant-stop-laughing,fox
https://www.foxnews.com/politics/senate-republicans-launch-investigation-biden-immigration-programs-after-dc-national-guard-shooting,fox
https://www.foxnews.com/politics/jasmine-crockett-uses-trumps-low-iq-insults-launch-her-texas-senate-campaign-debut-ad,fox
https://www.foxnews.com/media/democrat-admits-of-course-jasmine-crockett-factor-him-dropping-out-texas-senate-race,fox
https://www.foxnews.com/politics/collins-moreno-unveil-obamacare-plan-republicans-search-solution-expiring-subsidies,fox
https://www.foxnews.com/video/6386202042112,fox
https://www.foxnews.com/politics/senate-democrats-push-obamacare-subsidy-vote-designed-fail-republicans-call-plan-unserious,fox
https://www.foxnews.com/sports/sens-marsha-blackburn-maria-cantwell-hustling-protect-college-athletes-finances-murky-nil-world,fox
https://www.foxnews.com/politics/ex-house-democrat-drops-out-texas-senate-race-jasmine-crockett-candidacy-rumors-swirl,fox
https://www.foxnews.com/politics/bidens-supercharged-federal-contracting-pipeline-targeted-freeze-after-bribery-bust-undercover-sting,fox
https://www.foxnews.com/video/6386160096112,fox
https://www.foxnews.com/video/6386158353112,fox
https://www.foxnews.com/video/6386154417112,fox
https://www.foxnews.com/politics/alaska-natives-defy-democrats-champion-push-revive-arctic-drilling-biden-shut-down,fox
https://www.foxnews.com/politics/state-level-ai-rules-survive-now-senate-sinks-moratorium-despite-white-house-pressure,fox
https://www.foxnews.com/politics/abortion-restrictions-create-major-roadblock-bipartisan-obamacare-subsidy-deal-senate,fox
https://www.foxnews.com/politics/senate-republicans-demand-vetting-overhaul-after-shooting-national-guard-members,fox
https://www.foxnews.com/politics/democrats-anger-federal-government-hits-record-high-just-days-before-shutdown-pew-poll,fox
https://www.foxnews.com/video/6385983347112,fox
https://www.foxnews.com/politics/dem-attempt-thwart-trump-noms-backfires-republicans-tee-up-nearly-100-confirmation,fox
https://www.foxnews.com/politics/house-gop-splits-over-obamacare-fix-costs-poised-spike-millions,fox
https://www.foxnews.com/politics/schumer-unveils-democrats-obamacare-fix-plan-likely-dead-water,fox
https://www.foxnews.com/video/6385955100112,fox
https://www.foxnews.com/politics/pentagon-probe-secret-signal-chats-houthi-strikes-set-drop-thursday-hegseth-faces-scrutiny,fox
https://www.foxnews.com/opinion/mike-davis-congress-must-stop-big-techs-ai-amnesty-scam-before-its-too-late,fox
https://www.foxnews.com/politics/pro-reparations-progressive-democrat-who-wants-ice-abolished-mounts-longshot-senate-bid-succeed-mcconnell,fox
https://www.foxnews.com/media/student-senate-rejects-turning-point-usa-chapter-re-establishment-california-lutheran-university,fox
https://www.foxnews.com/politics/gop-says-trump-facing-tougher-scrutiny-caribbean-strikes-than-obama-did-drone-program,fox
https://www.foxnews.com/politics/former-nba-star-teams-up-gop-lawmaker-help-young-children-suffering-stuttering-disorder,fox
https://www.foxnews.com/politics/bipartisan-deal-obamacare-subsidies-fades-republicans-push-hsa-plan,fox
https://www.foxnews.com/politics/federal-court-gives-explanation-boasbergs-gag-orders-arctic-frost-subpoenas,fox
https://www.foxnews.com/politics/gop-fractures-over-hegseths-double-tap-caribbean-strike-congress-probes-legality,fox
https://www.foxnews.com/politics/senators-vow-push-prohibit-us-military-action-venezuela-trump-pursues-strikes-against-country,fox
https://www.foxnews.com/politics/senator-renews-push-mandate-vetting-afghan-evacuees-after-national-guard-shooting,fox
https://www.foxnews.com/opinion/sen-rick-scott-i-grew-up-public-housing-i-know-how-fix-obamacare,fox
https://www.foxnews.com/politics/sen-cory-booker-marries-fiance-alexis-lewis-intimate-dc-ceremony,fox
https://www.foxnews.com/politics/congress-races-against-3-week-deadline-tackle-massive-year-end-legislative-agenda,fox
https://www.foxnews.com/media/joy-reid-says-dems-brand-tainted-focus-trans-politics-immigrants-abandoned-rural-white-voters,fox
https://www.foxnews.com/media/mamdani-could-threaten-future-pregnancy-care-centers-pro-life-ceo-warns,fox
https://www.foxnews.com/politics/former-army-captain-warns-dems-unpatriotic-video-telling-troops-defy-orders-could-spark-chaos,fox
https://www.foxnews.com/politics/gop-senator-probes-18-blue-states-dc-over-trumps-transgender-athlete-order,fox
https://www.foxnews.com/politics/biden-era-regulation-chopping-block-trump-aligned-legal-group-warns-dei-lens,fox
https://www.foxnews.com/video/6385569274112,fox
https://www.foxnews.com/sports/top-gop-senator-urges-olympic-officials-swiftly-enact-decisive-policy-banning-men-from-womens-sports,fox
https://www.foxnews.com/politics/how-one-alabama-senators-quiet-diplomacy-helped-end-longest-shutdown-us-history,fox
https://www.foxnews.com/politics/pentagon-threatens-court-martial-democratic-senator-over-refuse-illegal-orders-video,fox
https://www.foxnews.com/politics/gop-senator-calls-mamdanis-netanyahu-arrest-vow-grave-threat-he-introduces-defund-bill,fox
https://www.foxnews.com/video/6385520591112,fox
https://www.foxnews.com/opinion/sen-tom-cotton-americas-farmers-going-bankrupt-we-need-help-them-before-its-too-late,fox
https://www.foxnews.com/video/6385506235112,fox
https://www.foxnews.com/politics/trump-claims-gop-has-never-been-so-united-calls-greene-other-republicans-lowlifes,fox
https://www.foxnews.com/politics/shamwow-guy-files-run-congress-texas-republican-candidate,fox
https://www.foxnews.com/video/6385488495112,fox
https://www.foxnews.com/politics/marjorie-taylor-greene-announces-resignation-from-congress-after-president-trump-withdraws-endorsement,fox
https://www.foxnews.com/politics/trump-envoy-torches-senate-dems-kennedy-center-probe-built-inaccurate-gossip,fox
https://www.foxnews.com/politics/graham-says-trump-wants-move-bill-russia-sanctions-procedural-hurdles-await,fox
https://www.foxnews.com/politics/trump-flips-dems-affordability-script-turning-buzzword-maga-material-mamdani-visit-looms,fox
https://www.foxnews.com/video/6385371451112,fox
https://www.foxnews.com/video/6385369667112,fox
https://www.foxnews.com/politics/senate-republicans-dems-block-dueling-attempts-repeal-controversial-arctic-frost-provision,fox
https://www.foxnews.com/politics/gop-wrestles-obamacare-fix-trump-looms-over-subsidy-fight,fox
https://www.foxnews.com/politics/schumer-jeffries-accuse-trump-calling-execution-elected-officials,fox
https://www.foxnews.com/video/6385360159112,fox
https://www.foxnews.com/politics/graham-demands-democrats-explain-refuse-illegal-orders-message-troops,fox
https://www.foxnews.com/politics/blue-states-blasted-funneling-millions-snap-cash-fast-food-meals,fox
https://www.foxnews.com/politics/house-votes-repeal-controversial-arctic-frost-provision-from-government-shutdown-bill,fox
https://www.foxnews.com/politics/epstein-files-go-public-trump-says-he-signed-law-authorizing-release-records,fox
https://www.foxnews.com/politics/senators-rail-against-cash-grab-spending-bill-provision-house-preps-repeal-vote,fox
https://www.foxnews.com/sports/mlb-commissioner-addresses-illegal-gambling-scandal-cooperate-congress-investigation,fox
https://www.foxnews.com/politics/fox-news-poll-voters-say-white-house-doing-more-harm-than-good-economy,fox
https://www.foxnews.com/politics/defense-senators-ability-sue-over-arctic-frost-subpoenas,fox
https://www.foxnews.com/politics/senate-unanimously-agrees-send-bill-demanding-epstein-file-release-trumps-desk,fox
https://www.foxnews.com/politics/gop-civil-war-erupts-over-shutdown-politics-critical-senate-race-not-winning-formula,fox
https://www.foxnews.com/video/6385274585112,fox
https://www.foxnews.com/video/6385271323112,fox
https://www.foxnews.com/politics/trump-takes-aim-big-fat-rich-insurance-companies-declares-only-healthcare-hell-greenlight,fox
https://www.foxnews.com/politics/schumer-says-hell-move-pass-epstein-bill-immediately-senate,fox
https://www.foxnews.com/politics/khanna-massie-greene-urge-senate-pass-epstein-bill-unchanged-warn-reckoning,fox
https://www.foxnews.com/video/6385261193112,fox
https://www.foxnews.com/politics/trump-says-whether-he-would-sign-epstein-files-bill,fox
https://www.foxnews.com/politics/marine-veteran-launches-senate-campaign-invoking-far-left-radical-target-dems,fox
https://www.foxnews.com/video/6385233943112,fox
https://www.foxnews.com/video/6385230567112,fox
https://www.foxnews.com/video/6385219057112,fox
https://www.foxnews.com/politics/radical-left-shutdown-message-ignites-firestorm-democrats-push-federal-probe,fox
https://www.foxnews.com/politics/trump-continues-hammering-mtg-after-she-labels-his-attacks-a-dog-whistle-dangerous-radicals,fox
https://www.foxnews.com/opinion/newt-gingrich-simplest-way-make-american-life-affordable-again,fox
https://www.foxnews.com/video/6385188442112,fox
https://www.foxnews.com/politics/speakers-lobby-happy-new-year-shutdown-showdown-draws-close,fox
https://www.foxnews.com/video/6385144932112,fox
https://www.foxnews.com/video/6385145270112,fox
https://www.foxnews.com/politics/republicans-health-experts-push-back-democrats-medicaid-scare-tactics,fox
https://www.foxnews.com/politics/how-closed-door-negotiations-guarantee-ended-longest-government-shutdown-record,fox
https://www.foxnews.com/politics/anti-trump-network-behind-mass-protests-cracks-open-war-chest-against-dems-who-backed-reopening-government,fox
https://www.foxnews.com/politics/gop-unity-shattered-controversial-measure-government-shutdown-bill,fox
https://www.foxnews.com/video/6385100399112,fox
https://www.foxnews.com/politics/espn-star-hot-seat-as-senate-campaign-rumors-swirl-trump-hating-rino,fox
https://www.foxnews.com/opinion/washington-reopens-americans-still-feel-shut-out,fox
https://www.foxnews.com/video/6385032627112,fox
https://www.foxnews.com/politics/trump-signs-bill-ending-longest-government-shutdown-us-history,fox
https://www.foxnews.com/video/6385029640112,fox
https://www.foxnews.com/video/6385028731112,fox
https://www.foxnews.com/sports/golf-legend-phil-mickelson-laments-gas-prices-praises-california-gov-candidate-drilling-plan,fox
https://www.foxnews.com/politics/trumps-backing-h-1b-visa-program-exposes-cracks-within-maga-movement,fox
https://www.foxnews.com/politics/fetterman-torches-democrat-party-new-book-elitist-lost-touch-working-class,fox
https://www.foxnews.com/politics/jd-vance-hails-trump-admins-bulldozer-approach-public-health-discusses-appalachia-left-behind,fox
https://www.foxnews.com/video/6385015546112,fox
https://www.foxnews.com/politics/rick-scott-calls-democrats-heartless-he-pitches-new-obamacare-fix,fox
https://www.foxnews.com/politics/house-republicans-balk-senate-provision-letting-lawmakers-sue-over-arctic-frost-phone-records,fox
https://www.foxnews.com/video/6384982258112,fox
https://www.foxnews.com/video/6384980223112,fox
https://www.foxnews.com/video/6384978369112,fox
https://www.foxnews.com/media/fetterman-fires-back-newsom-after-shutdown-criticism-refuses-play-chicken-lives-americans,fox
https://www.foxnews.com/video/6384970626112,fox
https://www.foxnews.com/video/6384968910112,fox
https://www.foxnews.com/video/6384965884112,fox
https://www.foxnews.com/politics/senate-reaches-temporary-truce-end-record-shutdown-january-battle-looms,fox
https://www.foxnews.com/media/john-fetterman-sides-gop-senate-vote-end-government-shutdown-says-democrats-crossed-line,fox
https://www.foxnews.com/video/6384934036112,fox
https://www.foxnews.com/video/6384933245112,fox
https://www.foxnews.com/video/6384933674112,fox
https://www.foxnews.com/video/6384930729112,fox
https://www.foxnews.com/video/6384932860112,fox
https://www.foxnews.com/politics/senate-ends-41-day-government-shutdown-stalemate-sends-bipartisan-deal-house,fox
https://www.foxnews.com/video/6384930281112,fox
https://www.foxnews.com/video/6384929276112,fox
https://www.foxnews.com/video/6384928868112,fox
https://www.foxnews.com/video/6384927797112,fox
https://www.foxnews.com/video/6384925959112,fox
https://www.foxnews.com/video/6384922097112,fox
https://www.foxnews.com/politics/mike-johnson-eyes-wednesday-vote-end-government-shutdown-sight,fox
https://www.foxnews.com/politics/reporters-notebook-paul-stands-firm-against-spending-bill-shutdown-clock-ticks,fox
https://www.foxnews.com/politics/senate-hopes-blow-through-procedural-hurdles-bid-reopen-government,fox
https://www.foxnews.com/video/6384915011112,fox
https://www.foxnews.com/politics/house-conservative-leader-gives-blessing-senate-shutdown-deal-one-caveat,fox
https://www.foxnews.com/video/6384908491112,fox
https://www.foxnews.com/video/6384908041112,fox
https://www.foxnews.com/politics/senate-vote-end-government-shutdown-ignites-democrat-civil-war,fox
https://www.foxnews.com/video/6384905110112,fox
https://www.foxnews.com/politics/eight-senate-democrats-break-ranks-party-leadership-end-historic-government-shutdown,fox
https://www.foxnews.com/video/6384897594112,fox
https://www.foxnews.com/opinion/snap-trump-blamed-blocking-food-assistance-low-income-families,fox
https://www.foxnews.com/politics/sanders-calls-out-8-senate-democrats-very-very-bad-vote-government-funding-measure,fox
https://www.foxnews.com/politics/senate-democrats-cave-open-path-reopening-government,fox
https://www.foxnews.com/politics/billionaire-miriam-adelson-voices-support-stefaniks-new-york-governor-campaign-launch,fox
https://www.foxnews.com/video/6384886686112,fox
https://www.foxnews.com/video/6384886186112,fox
https://www.foxnews.com/video/6384884916112,fox
https://www.foxnews.com/politics/republicans-unveil-key-piece-shutdown-puzzle-bid-reopen-government,fox
https://www.foxnews.com/video/6384884276112,fox
https://www.foxnews.com/video/6384882262112,fox
https://www.foxnews.com/politics/spanberger-says-absolutely-not-using-election-wins-justify-government-shutdown-stance,fox
https://www.foxnews.com/video/6384874206112,fox
https://www.foxnews.com/video/6384874202112,fox
https://www.foxnews.com/politics/reckoning-looms-politicians-longest-government-shutdown-persists,fox
https://www.foxnews.com/video/6384844398112,fox
https://www.foxnews.com/video/6384844197112,fox
https://www.foxnews.com/politics/senate-limbo-thune-eyes-long-haul-until-shutdown-ends,fox
https://www.foxnews.com/video/6384838718112,fox
https://www.foxnews.com/video/6384840363112,fox
https://www.foxnews.com/video/6384838110112,fox
https://www.foxnews.com/video/6384837636112,fox
https://www.foxnews.com/politics/trump-urges-senate-republicans-redirect-funds-obamacare-backed-insurers-pay-americans-directly,fox
https://www.foxnews.com/politics/hitchhikers-guide-potential-procedrual-vote-interim-spending-bill,fox
https://www.foxnews.com/video/6384819423112,fox
https://www.foxnews.com/politics/dems-block-gop-bill-ensuring-federal-worker-military-paychecks-continue-during-shutdown,fox
https://www.foxnews.com/video/6384806967112,fox
https://www.foxnews.com/politics/schumer-dems-unveil-alternative-shutdown-plan-ask-1-year-extension-obamacare-subsidies,fox
https://www.foxnews.com/politics/thune-says-wheels-came-off-republicans-mull-next-shutdown-move,fox
https://www.foxnews.com/politics/sen-kennedy-says-shutdown-could-last-2-more-weeks-amid-ongoing-obamacare-dispute,fox
https://www.foxnews.com/politics/twisted-irony-democrats-risk-betraying-own-pet-issues-government-shutdown-gamble,fox
https://www.foxnews.com/video/6384792888112,fox
https://www.foxnews.com/opinion/democrats-hold-the-government-hostage-over-subsidies-americans-dont-want,fox
https://www.foxnews.com/politics/lawmakers-budge-ushering-government-shutdowns-potential-end-beginning,fox
https://www.foxnews.com/video/6384768345112,fox
https://www.foxnews.com/politics/senate-republicans-block-bipartisan-effort-halt-military-action-drug-boat-strikes-caribbean,fox
https://www.foxnews.com/politics/optimism-fades-senate-democrats-dig-in-hold-out-over-obamacare-demands,fox
https://www.foxnews.com/media/rep-tom-emmer-shreds-schumer-scared-old-man-who-wont-end-shutdown-because-afraid-progressives,fox
https://www.foxnews.com/politics/mike-johnson-undercuts-john-thune-obamacare-negotiations-end-shutdown,fox
https://www.foxnews.com/politics/senate-hearing-gets-heated-over-shutdown-after-stalking-accusation-flies,fox
https://www.foxnews.com/video/6384603136112,fox
https://www.foxnews.com/video/6384602526112,fox
https://www.foxnews.com/media/top-democrat-changes-his-tune-eliminating-filibuster-under-trump-compared-biden,fox
https://www.foxnews.com/media/trump-calls-out-nyc-mayors-very-angry-acceptance-speech-after-recent-election-victory,fox
https://www.foxnews.com/video/6384581583112,fox
https://www.foxnews.com/video/6384577578112,fox
https://www.foxnews.com/politics/bernie-sanders-crashes-schumer-news-conference-criticizes-democratic-party-leadership,fox
https://www.foxnews.com/politics/senate-dems-emboldened-shutdown-strategy-after-election-sweep,fox
https://www.foxnews.com/politics/gop-lawmaker-warns-public-safety-workers-turning-food-banks-government-shutdown-drags,fox
https://www.foxnews.com/opinion/david-marcus-now-time-nuke-filibuster,fox
https://www.foxnews.com/politics/senate-democrats-eye-exit-from-record-breaking-shutdown-pressure-intensifies,fox
https://www.foxnews.com/politics/hitchhikers-guide-stand-potential-break-government-shutdown,fox
https://www.foxnews.com/video/6384521980112,fox
https://www.foxnews.com/politics/trump-says-snap-benefits-will-resume-radical-left-democrats-open-government,fox
https://www.foxnews.com/media/cruz-says-democrats-keeping-government-shut-turn-out-radicals-election-day,fox
https://www.foxnews.com/politics/schumer-pushes-shutdown-record-books-after-rejecting-gop-bill-14th-time,fox
https://www.foxnews.com/politics/kennedy-pushes-plan-halt-congress-pay-during-government-shutdown,fox
https://www.foxnews.com/politics/senate-majority-leader-indicates-theres-not-enough-support-eliminate-filibuster-despite-trump-push,fox
https://www.foxnews.com/politics/government-shutdown-becoming-longest-us-history-democrats-dig-obamacare,fox
https://www.foxnews.com/politics/unhinged-voicemail-exposes-left-wing-candidates-death-threats-against-gop-senator,fox
https://www.foxnews.com/media/sen-john-fetterman-reveals-what-he-refuses-do-democrat,fox
https://www.foxnews.com/video/6384477676112,fox
https://www.foxnews.com/video/6384477616112,fox
https://www.foxnews.com/politics/obama-jumping-new-jersey-gubernatorial-race-11th-hour-desperate-voters-say,fox
https://www.foxnews.com/politics/boasbergs-role-arctic-frost-investigation-sparks-criticism-from-gop-senators,fox
https://www.foxnews.com/politics/senate-republicans-plot-longer-term-funding-bill-government-shutdown-continues,fox
https://www.foxnews.com/video/6384473056112,fox
https://www.foxnews.com/video/6384471046112,fox
https://www.foxnews.com/politics/trump-backs-huckabee-sanders-bunch-house-republicans-re-election-midterms-horizon,fox
https://www.foxnews.com/politics/senate-returns-work-government-shutdown-nears-longest-us-history-over-obamacare-fight,fox
https://www.foxnews.com/politics/while-pelosi-mulls-political-future-debate-heats-up-when-step-aside,fox
https://www.foxnews.com/politics/nycs-lone-house-republican-pledges-defeat-democrat-redistricting-threat-her-seat,fox
https://www.foxnews.com/politics/senate-dem-candidate-who-wrote-he-became-communist-now-says-he-joking,fox
https://www.foxnews.com/video/6384435570112,fox
https://www.foxnews.com/video/6384435535112,fox
https://www.foxnews.com/video/6384430732112,fox
https://www.foxnews.com/video/6384428199112,fox
https://www.foxnews.com/video/6384426629112,fox
https://www.foxnews.com/politics/obama-says-its-like-every-day-halloween-he-blames-republicans-government-shutdown,fox
https://www.foxnews.com/video/6384399809112,fox
https://www.foxnews.com/video/6384394511112,fox
https://www.foxnews.com/politics/trumps-nuclear-demand-not-landing-senate-republicans-amid-shutdown,fox
https://www.foxnews.com/opinion/broadcast-bias-4-big-stories-networks-buried-make-democrats-look-good,fox
https://www.foxnews.com/politics/food-stamp-benefits-42-million-americans-runs-out-today-amid-shutdown,fox
https://www.foxnews.com/politics/watch-dems-dodge-whether-obamacare-worth-shutting-down-government,fox
https://www.foxnews.com/video/6384377888112,fox
https://www.foxnews.com/video/6384371314112,fox
https://www.foxnews.com/politics/senate-talks-show-signs-progress-government-shutdown-grinds-2nd-month,fox
https://www.foxnews.com/politics/johnson-warns-against-trumps-demand-senate-go-nuclear-end-shutdown,fox
https://www.foxnews.com/politics/senate-republican-demands-google-shut-down-ai-model-over-false-rape-allegation,fox
https://www.foxnews.com/politics/trump-urges-gop-end-shutdown-going-nuclear-senate-filibuster,fox
https://www.foxnews.com/politics/shutdown-seen-pulpit-inching-along-wing-prayer,fox
https://www.foxnews.com/video/6384314800112,fox
https://www.foxnews.com/politics/major-phone-carriers-reveal-jack-smiths-subpoenas-republican-senators-records,fox
https://www.foxnews.com/politics/thune-gop-reject-pushing-rifle-shot-government-funding-bills-during-shutdown,fox
https://www.foxnews.com/media/thune-emmer-erupt-democrats-accuse-schumer-playing-games-american-lives-amid-shutdown-standoff,fox
https://www.foxnews.com/politics/senate-defies-trump-global-tariffs-republicans-join-democrats-rare-bipartisan-vote,fox
https://www.foxnews.com/politics/trumps-shadow-looms-over-texas-race-hunt-accuses-cornyn-betrayal,fox
https://www.foxnews.com/video/6384297706112,fox
https://www.foxnews.com/video/6384297570112,fox
https://www.foxnews.com/politics/vance-tells-republicans-stop-fearing-federal-power-says-democratcs-pioneered-weaponizing-it,fox
https://www.foxnews.com/politics/lawmakers-race-stop-next-fentanyl-crisis-crackdown-nitazenes-synthetic-opioids,fox
https://www.foxnews.com/politics/republican-senators-blast-fda-expanding-abortion-pill-access,fox
https://www.foxnews.com/video/6384292750112,fox
https://www.foxnews.com/politics/trump-inches-closer-dc-federal-property-sell-off-ernsts-help,fox
https://www.foxnews.com/video/6384272128112,fox
https://www.foxnews.com/video/6384268341112,fox
https://www.foxnews.com/politics/senate-republicans-defect-reject-trumps-tariffs-canadian-goods,fox
https://www.foxnews.com/politics/republicans-claim-biden-administration-enemies-list-unearthed-from-arctic-frost-investigation,fox
https://www.foxnews.com/video/6384260246112,fox
https://www.foxnews.com/video/6384257528112,fox
https://www.foxnews.com/video/6384257814112,fox
https://www.foxnews.com/politics/schumer-dems-call-bull-trump-admin-food-stamp-shutdown-threat,fox
https://www.foxnews.com/politics/republicans-dub-fetterman-voice-reason-after-he-accuses-his-own-party-playing-chicken,fox
https://www.foxnews.com/video/6384245197112,fox
https://www.foxnews.com/politics/gop-senators-push-charlie-kirk-statue-trumps-national-garden-american-heroes,fox
https://www.foxnews.com/politics/senate-gop-divided-millions-risk-losing-food-aid-shutdown-standoff,fox
https://www.foxnews.com/politics/senate-republicans-defy-vances-warning-vote-block-trumps-brazil-tariffs-amid-shutdown,fox
https://www.foxnews.com/video/6384209540112,fox
https://www.foxnews.com/politics/lawmakers-unveil-bipartisan-guard-act-parents-blame-ai-chatbots-teen-suicides-violence,fox
https://www.foxnews.com/video/6386434904112,fox
https://www.foxnews.com/politics/after-australia-passes-social-media-ban-lawmakers-probed-why-congress-hasnt-done-more-protect-kids,fox
https://www.foxnews.com/politics/gabbard-blasts-democrat-bennie-thompson-calling-national-guard-shooting-unfortunate-accident,fox
https://www.foxnews.com/politics/liz-truss-accuses-bank-england-sabotage-while-launching-new-show-trump-allies-guests,fox
https://www.foxnews.com/politics/mike-johnson-says-second-venezuela-boat-strike-entirely-appropriate-after-seeing-classified-video,fox
https://www.foxnews.com/video/6386346552112,fox
https://www.foxnews.com/politics/republicans-vote-dems-reverse-trump-executive-order-federal-unions,fox
https://www.foxnews.com/politics/dems-join-house-republicans-kill-progressives-trump-impeachment-bid,fox
https://www.foxnews.com/politics/leftist-code-pink-founder-praise-marjorie-taylor-greene-stuns-social-media,fox
https://www.foxnews.com/politics/kristi-noem-faces-first-major-homeland-security-grilling-lawmakers-press-her-terror-threats,fox
https://www.foxnews.com/politics/house-dem-force-trump-impeachment-vote-2-articles,fox
https://www.foxnews.com/politics/trump-rips-indiana-gop-leader-over-redistricting-fight-warns-republicans-could-face-maga-primary,fox
https://www.foxnews.com/video/6386302198112,fox
https://www.foxnews.com/video/6386302384112,fox
https://www.foxnews.com/video/6386299642112,fox
https://www.foxnews.com/politics/13-republicans-defy-gop-leadership-vote-dems-advance-repeal-trump-order-federal-unions,fox
https://www.foxnews.com/politics/moderate-republicans-stage-obamacare-rebellion-health-cost-frustrations-erupt-house,fox
https://www.foxnews.com/politics/house-passes-901b-military-defense-bill-after-republican-revolt-collapses,fox
https://www.foxnews.com/politics/900b-defense-bill-advances-house-wide-vote-conservative-mutiny-threat-looms,fox
https://www.foxnews.com/politics/bipartisan-lawmakers-unveil-obamacare-fix-pressure-grows-johnson-play-call,fox
https://www.foxnews.com/politics/gop-lawmaker-unveils-bill-ensure-fathers-shoulder-50-pregnancy-expenses,fox
https://www.foxnews.com/politics/marjorie-taylor-greene-says-she-vote-no-proposed-ndaa-blasts-foreign-aid-spending,fox
https://www.foxnews.com/politics/reporters-notebook-house-dems-question-sports-bill-timing-amid-lane-kiffin-controversy,fox
https://www.foxnews.com/politics/doge-not-dead-defiant-house-caucus-leader-declares-push-revive-musk-era-cuts,fox
https://www.foxnews.com/politics/mtg-defends-herself-america-first-trump-slams-her-truth-social,fox
https://www.foxnews.com/politics/fbi-under-harsh-new-microscope-stefanik-scores-victory-annual-defense-bill,fox
https://www.foxnews.com/media/republicans-terrified-step-out-line-trump-greene-says-candid-interview,fox
https://www.foxnews.com/politics/house-gop-seeks-off-ramp-sky-high-health-insurance-costs-millions-americans,fox
https://www.foxnews.com/opinion/trump-broke-his-promise-protect-lifeline-71-million-americans,fox
https://www.foxnews.com/politics/congress-unveils-900b-defense-bill-targeting-china-tech-bans-investment-crackdown,fox
https://www.foxnews.com/video/6386165085112,fox
https://www.foxnews.com/politics/congress-faces-holiday-crunch-health-care-fix-collides-shrinking-calendar,fox
https://www.foxnews.com/politics/republicans-remain-deeply-divided-whether-replace-reform-obamacare-policies-ahead-subsidy-deadline,fox
https://www.foxnews.com/media/michigan-college-president-cuts-costs-sharing-professors-nationwide-combat-rising-tuition,fox
https://www.foxnews.com/media/congressman-thinks-homeschool-students-discriminated-against-colleges-hes-fighting-back,fox
https://www.foxnews.com/politics/house-unanimously-moves-expand-childhood-cancer-treatment-bill-named-after-late-teen-girl,fox
https://www.foxnews.com/video/6386062457112,fox
https://www.foxnews.com/politics/congress-melts-down-members-unleash-personal-attacks-after-weeks-shutdown-drama,fox
https://www.foxnews.com/politics/hot-mic-reveals-issa-plotting-gop-strategy-after-california-redraws-house-map,fox
https://www.foxnews.com/politics/gop-unveils-plan-trump-health-freedom-accounts-replace-obamacare-subsidies-state-waivers,fox
https://www.foxnews.com/politics/lone-republican-candidate-finds-his-edge-dozen-democrats-clash-race-replace-mikie-sherrill,fox
https://www.foxnews.com/media/scalise-announces-gop-healthcare-overhaul-coming-next-few-weeks-amid-battle-over-expiring-subsidies,fox
https://www.foxnews.com/politics/nancy-mace-targets-fraud-bill-require-photo-snap-ebt-cards,fox
https://www.foxnews.com/video/6385988643112,fox
https://www.foxnews.com/opinion/why-2026-should-terrify-republicans-after-tennessee-special-election,fox
https://www.foxnews.com/politics/republican-pitches-health-savings-accounts-on-steroids-americans-could-use-buy-insurance-steak,fox
https://www.foxnews.com/politics/bipartisan-house-group-pushes-new-commonground-2025-healthcare-framework,fox
https://www.foxnews.com/politics/more-than-160-house-dems-vote-against-crackdown-foreign-influence-us-schools,fox
https://www.foxnews.com/politics/defending-majority-trump-backed-van-epps-sworn-220th-house-republican,fox
https://www.foxnews.com/politics/reporters-notebook-house-exodus-threatens-johnsons-grip-power-over-40-members-head-exit,fox
https://www.foxnews.com/sports/gop-rep-rips-big-ten-commish-after-score-act-vote-gets-delayed,fox
https://www.foxnews.com/politics/rep-nancy-mace-slaps-down-early-retirement-rumor-big-fat-no-from-me,fox
https://www.foxnews.com/media/emmer-slams-walz-demands-accountability-over-alleged-retaliation-tied-minnesota-fraud,fox
https://www.foxnews.com/media/dem-congressman-pardoned-trump-accuses-biden-era-doj-weaponizing-indictment,fox
https://www.foxnews.com/video/6385925303112,fox
https://www.foxnews.com/politics/tennessee-waltz-republicans-democrats-dance-around-special-election-results-meaning,fox
https://www.foxnews.com/politics/comer-accuses-oversight-dems-cherry-picking-epstein-island-files-chasing-headlines,fox
https://www.foxnews.com/politics/house-republicans-split-over-whether-trump-should-pursue-regime-change-venezuela,fox
https://www.foxnews.com/politics/jack-smith-subpoenaed-deposition-house-judiciary-committee,fox
https://www.foxnews.com/politics/house-republicans-back-trumps-venezuela-moves-now-escalation-uncertainty-looms,fox
https://www.foxnews.com/politics/foreign-backed-influence-schools-exposed-under-gop-trace-act-giving-parents-access-curriculum,fox
https://www.foxnews.com/opinion/david-marcus-gop-win-shows-tennessee-hasnt-been-californiad-least-not-yet,fox
https://www.foxnews.com/politics/hitchhikers-guide-special-election-results-tennessees-7th-congressional-district,fox
https://www.foxnews.com/politics/dem-free-for-all-engulfs-nj-13-contenders-scramble-sherrills-house-seat-ahead-pivotal-2026-fight,fox
https://www.foxnews.com/politics/johnson-points-obama-era-drone-precedent-congress-probes-deadly-caribbean-strike,fox
https://www.foxnews.com/politics/comer-targets-walz-new-house-investigation-citing-nearly-1b-alleged-minnesota-fraud,fox
https://www.foxnews.com/politics/stefanik-accuses-johnson-siding-with-democrats-explosive-house-gop-leadership-rift,fox
https://www.foxnews.com/politics/mace-campaign-staffer-quits-governor-bid-team-accusing-her-disloyalty-trump,fox
https://www.foxnews.com/video/6385819917112,fox
https://www.foxnews.com/politics/house-unanimously-approves-barring-anyone-tied-hamas-oct-7-attack-from-entering-us,fox
https://www.foxnews.com/politics/freedom-caucus-joins-progressives-rare-bipartisan-push-targeting-insane-federal-laws,fox
https://www.foxnews.com/politics/reporters-notebook-tennessee-special-election-eyed-trump-referendum-ahead-midterms,fox
https://www.foxnews.com/politics/ccp-linked-firms-quietly-hold-stakes-us-solar-companies-fueling-dems-green-push,fox
https://www.foxnews.com/politics/rep-troy-nehls-trump-ally-not-seek-re-election-twin-brother-announces-campaign-replace-him,fox
https://www.foxnews.com/opinion/newt-gingrich-republicans-second-chance-fix-healthcare,fox
https://www.foxnews.com/opinion/david-marcus-dont-so-sure-socialists-cant-win-heartland,fox
https://www.foxnews.com/politics/family-service-break-from-s-show-lawmakers-share-what-theyre-grateful-thanksgiving,fox
https://www.foxnews.com/opinion/gods-hands-how-faith-gratitude-can-still-work-wonders-fractured-nation,fox
https://www.foxnews.com/politics/republicans-try-quash-concerns-more-exits-following-marjorie-taylor-greenes-surprise-resignation,fox
https://www.foxnews.com/politics/rep-thomas-massie-jokes-amid-incoming-fire-from-president-trump,fox
https://www.foxnews.com/politics/full-blown-battle-brewing-dem-party-mamdani-style-candidates-rise-key-races,fox
https://www.foxnews.com/politics/former-house-speaker-mccarthy-warns-marjorie-taylor-greene-the-canary-coal-mine,fox
https://www.foxnews.com/politics/outgoing-rep-marjorie-taylor-greene-says-she-wont-endorse-anyone-special-election-replace-her,fox
https://www.foxnews.com/opinion/liz-peek-trump-must-get-his-mojo-back-kiss-2026-goodbye,fox
https://www.foxnews.com/video/6385546211112,fox
https://www.foxnews.com/video/6385532861112,fox
https://www.foxnews.com/politics/reporters-notebook-house-math-turns-tricky-greene-resignation-tightens-gop-grip-power,fox
https://www.foxnews.com/politics/mike-johnson-says-house-gop-working-full-steam-ahead-trumps-affordability-agenda,fox
https://www.foxnews.com/politics/lawmakers-demand-changes-house-censure-rules-after-playground-nonsense-embroils-congress,fox
https://www.foxnews.com/politics/rep-marjorie-taylor-greene-slaps-down-notion-shes-eyeing-presidential-run,fox
https://www.foxnews.com/media/jasmine-crockett-calls-out-marjorie-taylor-greene-resigning-from-congress-amid-trump-feud,fox
https://www.foxnews.com/video/6385467524112,fox
https://www.foxnews.com/video/6385463271112,fox
https://www.foxnews.com/video/6385458679112,fox
https://www.foxnews.com/politics/reporters-notebook-letter-zelesnkyy-re-peace-plan,fox
https://www.foxnews.com/politics/trump-reacts-marjorie-taylor-greene-resignation-says-he-refused-return-her-barrage-phone-calls,fox
https://www.foxnews.com/politics/ny-democrat-warns-extremism-left-right-road-ruin,fox
https://www.foxnews.com/opinion/broadcast-bias-networks-suddenly-love-marjorie-taylor-greene-because-she-fights-trump,fox
https://www.foxnews.com/video/6385448358112,fox
https://www.foxnews.com/politics/watch-democrats-struggle-defend-schumer-after-shutdown-ends-few-wins,fox
https://www.foxnews.com/politics/it-wont-get-any-better-washington-faces-another-looming-government-shutdown,fox
https://www.foxnews.com/politics/house-republicans-demand-trump-admin-deny-mamdani-federal-security-clearance,fox
https://www.foxnews.com/politics/johnson-says-hes-open-changing-house-censure-rules-after-week-political-drama,fox
https://www.foxnews.com/politics/byron-donalds-gubernatorial-campaign-deploy-trolling-video-trucks-outside-kamala-harris-miami-event,fox
https://www.foxnews.com/video/6385360162112,fox
https://www.foxnews.com/video/6385356082112,fox
https://www.foxnews.com/politics/trump-not-invited-dick-cheney-funeral-report,fox
https://www.foxnews.com/politics/nancy-maces-bid-censure-fellow-gop-rep-cory-mills-fails,fox
https://www.foxnews.com/politics/gop-bill-brewing-in-house-reforming-civil-litigation-sparks-opposition-from-conservative-groups,fox
https://www.foxnews.com/politics/att-gave-jack-smith-then-house-speaker-mccarthys-personal-cellphone-records-amid-j6-investigation,fox
https://www.foxnews.com/video/6385309571112,fox
https://www.foxnews.com/opinion/david-marcus-what-ro-khanna-told-me-about-his-partys-future-bidens-20m-illegals,fox
https://www.foxnews.com/politics/bipartisan-plan-aims-make-american-dream-affordable-again-millions-first-time-homebuyers,fox
https://www.foxnews.com/video/6385304360112,fox
https://www.foxnews.com/politics/house-republican-chairman-refers-jack-smiths-former-deputy-doj-prosecution,fox
https://www.foxnews.com/opinion/mike-davis-scotus-must-save-texas-from-meddling-liberal-judges,fox
https://www.foxnews.com/video/6385301214112,fox
https://www.foxnews.com/politics/scoop-trump-aligned-maga-inc-jumps-high-stakes-ballot-box-congressional-showdown,fox
https://www.foxnews.com/politics/house-dem-slammed-sick-defense-colleague-caught-texting-epstein-during-2019-hearing,fox
https://www.foxnews.com/politics/house-freedom-caucus-bid-censure-democrat-over-epstein-links-goes-down-flames,fox
https://www.foxnews.com/video/6385280225112,fox
https://www.foxnews.com/video/6385279816112,fox
https://www.foxnews.com/video/6385279625112,fox
https://www.foxnews.com/politics/trump-calls-federal-ai-standards-end-state-patchwork-regulations-threatening-economic-growth,fox
https://www.foxnews.com/video/6385273313112,fox
https://www.foxnews.com/video/6385272368112,fox
https://www.foxnews.com/politics/house-dems-defy-jeffries-vote-rebuke-progressive-over-controversial-election-move,fox
https://www.foxnews.com/politics/house-votes-overwhelmingly-force-doj-release-jeffrey-epstein-files,fox
https://www.foxnews.com/politics/mike-johnson-reveals-how-hell-vote-epstein-files-bill-led-trump-critic-thomas-massie,fox
https://www.foxnews.com/video/6385260954112,fox
https://www.foxnews.com/politics/house-conservatives-rally-behind-push-impeach-judge-boasberg-over-role-trump-investigation,fox
https://www.foxnews.com/video/6385255592112,fox
https://www.foxnews.com/politics/aoc-distances-herself-from-hakeem-jeffries-primary-challenger,fox
https://www.foxnews.com/politics/house-gop-braces-epstein-files-vote-concerns-remain-despite-trumps-green-light,fox
https://www.foxnews.com/politics/rep-raskin-says-democrats-huge-tent-room-mtg-her-recent-rift-trump-gop-leaders,fox
https://www.foxnews.com/politics/gen-z-firebrand-challenges-establishment-giant-nycs-chi-osse-launches-primary-bid-against-hakeem-jeffries,fox
https://www.foxnews.com/politics/trump-targets-red-state-republican-lawmakers-push-congressional-redistricting,fox
https://www.foxnews.com/politics/house-republicans-say-dems-twisting-epstein-probe-smear-trump-new-memo,fox
https://www.foxnews.com/video/6385176177112,fox
https://www.foxnews.com/video/6385172871112,fox
https://www.foxnews.com/video/6385171106112,fox
https://www.foxnews.com/video/6385147707112,fox
https://www.foxnews.com/video/6385148207112,fox
https://www.foxnews.com/tech/pennsylvania-bill-seeks-legalize-flying-cars,fox
https://www.foxnews.com/politics/trump-gives-ex-ally-greene-new-nickname-dropped-endorsement-says-she-betrayed-entire-republican-party,fox
https://www.foxnews.com/politics/destiny-dynasty-inside-new-class-political-nepo-babies-vying-power,fox
https://www.foxnews.com/politics/democrats-mocked-out-touch-comments-dismissing-no-tax-tips-peak-elitism,fox
https://www.foxnews.com/politics/cause-death-republican-congressmans-staffer-determined,fox
https://www.foxnews.com/politics/former-rep-gohmert-blasts-jack-smith-allegedly-targeting-his-personal-phone-records-j6-probe,fox
https://www.foxnews.com/politics/democrat-civil-war-erupts-after-moderate-accuses-progressive-undermining-free-fair-elections,fox
https://www.foxnews.com/politics/from-carpools-motorcycles-house-lawmakers-overcome-air-travel-chaos-end-shutdown,fox
https://www.foxnews.com/politics/6-house-democrats-explain-breaking-party-end-shutdown,fox
https://www.foxnews.com/politics/ex-clinton-cabinet-secretary-exchanged-regular-emails-epstein-after-conviction-new-docs-reveal,fox
https://www.foxnews.com/media/speaker-johnson-accuses-dems-choosing-politics-over-hungry-americans-after-house-votes-reopen-government,fox
https://www.foxnews.com/video/6385027637112,fox
https://www.foxnews.com/video/6385027723112,fox
https://www.foxnews.com/politics/congress-sends-bill-ending-longest-government-shutdown-in-history-trumps-desk,fox
https://www.foxnews.com/video/6385025212112,fox
https://www.foxnews.com/politics/white-house-hits-back-after-jfks-grandson-calls-rfk-jr-rabid-dog,fox
https://www.foxnews.com/video/6385020354112,fox
https://www.foxnews.com/video/6385018724112,fox
https://www.foxnews.com/video/6385020324112,fox
https://www.foxnews.com/video/6385008592112,fox
https://www.foxnews.com/video/6385006354112,fox
https://www.foxnews.com/politics/longest-government-shutdown-history-nears-likely-end-house-moves-funding-bill,fox
https://www.foxnews.com/politics/scalise-reveals-post-shutdown-gop-battle-plan-house-readies-intense-new-schedule,fox
https://www.foxnews.com/politics/bill-end-government-shutdown-survives-key-hurdle-before-house-wide-vote,fox
https://www.foxnews.com/politics/republican-erupts-democrat-during-shutdown-hearing-my-people-arent-getting-paid-thanks-you,fox
https://www.foxnews.com/politics/far-left-firebrand-spends-eye-popping-amount-campaign-cash-luxury-hotels-limo-services,fox
https://www.foxnews.com/politics/likely-end-government-shutdown-sight-house-lawmakers-poised-clear-final-hurdles,fox
https://www.foxnews.com/politics/top-house-committee-chairman-reveals-he-wont-seek-re-election-2026,fox
https://www.foxnews.com/politics/johnson-orders-lawmakers-back-dc-right-now-shutdown-sparks-travel-chaos,fox
https://www.foxnews.com/politics/mike-johnson-speaks-out-after-senate-breakthrough-government-shutdown,fox
https://www.foxnews.com/politics/flight-reductions-likely-continue-worsen-shutdown-persists-experts-warn,fox
https://www.foxnews.com/tech/ai-could-drive-us-unemployment-20-senators-warn-new-bill-targets-job-tracking,fox
https://www.foxnews.com/politics/senate-could-take-test-vote-new-spending-bill-early-sunday-afternoon,fox
https://www.foxnews.com/politics/republicans-turn-attention-bashing-obamacare-shutdown-enters-day-39,fox
https://www.foxnews.com/video/6384844263112,fox
https://www.foxnews.com/video/6384842647112,fox
https://www.foxnews.com/media/obama-bro-podcasters-rail-against-jd-vances-chances-2028-claim-no-one-likes-him,fox
https://www.foxnews.com/politics/patriot-pathetic-rino-maverick-republican-thomas-massie-trades-america-first-label-america-only,fox
https://www.foxnews.com/video/6384818431112,fox
https://www.foxnews.com/opinion/david-marcus-nancy-pelosis-legacy-socialist-takeover-her-party,fox
https://www.foxnews.com/politics/house-gop-civil-war-ignites-over-ludicrous-bill-defund-nyc-while-mamdani-mayor,fox
https://www.foxnews.com/politics/house-democrat-sides-trump-officials-air-traffic-cuts-amid-shutdown-chaos,fox
https://www.foxnews.com/opinion/clay-travis-gops-2026-challenge-holding-trumps-base-when-hes-not-ballot,fox
https://www.foxnews.com/video/6384767410112,fox
https://www.foxnews.com/politics/mamdani-slammed-jetting-luxury-resort-puerto-rico-conference-during-shutdown,fox
https://www.foxnews.com/politics/former-house-democrat-targets-trump-bid-political-comeback,fox
https://www.foxnews.com/media/sunny-hostin-doubts-marjorie-taylor-greene-has-really-changed-after-friendly-appearance-the-view,fox
https://www.foxnews.com/politics/new-mamdani-act-would-block-federal-funds-nyc-after-socialists-inauguration,fox
https://www.foxnews.com/politics/house-conservatives-back-new-funding-deal-end-shutdown-reject-wasteful-obamacare,fox
https://www.foxnews.com/politics/trump-district-house-democrat-wont-seek-re-election,fox
https://www.foxnews.com/politics/house-dem-crashes-mike-johnson-press-event-tensions-erupt-over-shutdown,fox
https://www.foxnews.com/politics/trump-compares-dems-kamikaze-pilots-theyll-take-down-country-have-to,fox
https://www.foxnews.com/video/6384554328112,fox
https://www.foxnews.com/politics/daylight-saving-reform-hits-wall-lawmakers-blast-outdated-practice,fox
https://www.foxnews.com/politics/california-voters-pass-congressional-redistricting-proposition-victory-newsom-democrats,fox
https://www.foxnews.com/politics/trump-foe-boasberg-hit-articles-impeachment,fox
https://www.foxnews.com/politics/former-vice-president-dick-cheney-dead-84,fox
https://www.foxnews.com/politics/2025-election-may-determine-republicans-hold-house-2026-midterms,fox
https://www.foxnews.com/politics/uk-politician-campaigning-zohran-mamdani-prompts-foreign-meddling-accusations,fox
https://www.foxnews.com/media/washington-post-rails-against-mamdani-radical-inexperienced-ahead-election,fox
https://www.foxnews.com/politics/pelosi-spokesman-sidesteps-retirement-rumors-dem-primary-threats-wait-wings,fox
https://www.foxnews.com/politics/rep-thomas-massie-remarries-after-being-widowed-last-year,fox
https://www.foxnews.com/politics/california-farmers-push-back-prop-50-democrats-eye-new-house-map,fox
https://www.foxnews.com/politics/zohran-mamdani-emerges-republicans-government-shutdown-boogeyman,fox
https://www.foxnews.com/video/6384425794112,fox
https://www.foxnews.com/video/6384402640112,fox
https://www.foxnews.com/opinion/mike-davis-justice-coming-perpetrators-arctic-frost,fox
https://www.foxnews.com/video/6384393980112,fox
https://www.foxnews.com/media/stop-playing-games-marjorie-taylor-greene-takes-aim-republicans-congress-amid-shutdown,fox
https://www.foxnews.com/video/6384381130112,fox
https://www.foxnews.com/video/6384376009112,fox
https://www.foxnews.com/politics/house-military-veterans-rip-jeffries-taking-pay-during-shutdown-insult-americans,fox
https://www.foxnews.com/politics/johnson-raises-shutdown-stakes-schumer-food-stamp-deadline-obamacare-cliff-loom,fox
https://www.foxnews.com/video/6384344929112,fox
https://www.foxnews.com/video/6384317079112,fox
https://www.foxnews.com/politics/watch-ex-biden-spin-doctor-makes-stunning-admission-after-propping-up-his-sharpness,fox
https://www.foxnews.com/politics/house-republicans-divided-over-obamacare-gop-eyes-fix-after-shutdown,fox
https://www.foxnews.com/politics/republicans-fight-newsoms-88m-redistricting-power-grab-prop-50-battle-heats-up,fox
https://www.foxnews.com/politics/gop-lawmaker-says-backing-cuomo-over-communist-mamdani-no-brainer,fox
https://www.foxnews.com/politics/florida-republican-vows-block-welfare-benefits-noncitizens-if-you-want-free-stuff-go-home,fox
https://www.foxnews.com/politics/us-rescue-teams-descend-hard-hit-caribbean-after-catastrophic-hurricane-melissas-impact,fox
https://www.foxnews.com/politics/house-conservatives-lead-prayer-end-political-violence-government-shutdown,fox
https://www.foxnews.com/politics/newsom-invokes-scripture-attack-gop-over-shutdown-affecting-food-assistance-cruelty-policy,fox
https://www.foxnews.com/video/6384219025112,fox
https://www.foxnews.com/politics/johnson-pressed-trump-2028-points-constitution-no-path-third-term-presidency,fox
https://www.foxnews.com/politics/johnson-argues-biden-pardons-invalid-after-bombshell-autopen-report,fox
https://www.foxnews.com/politics/mike-johnson-marjorie-taylor-greene-clash-heated-private-gop-call-over-shutdown-strategy,fox
https://www.foxnews.com/video/6384200722112,fox
https://www.foxnews.com/politics/bombshell-video-surfaces-biden-aide-admitting-he-stood-receive-millions-2024-victory,fox
https://www.foxnews.com/politics/house-democrats-accuse-trump-trying-steal-230m-from-taxpayers-through-doj,fox
https://www.foxnews.com/politics/house-republican-calls-zohran-mamdani-face-denaturalization-deportation,fox
https://www.foxnews.com/politics/flight-delays-worsen-unpaid-air-traffic-controllers-feel-government-shutdown-pain,fox
https://www.foxnews.com/politics/stefanik-release-new-book-college-antisemitism-she-eyes-bid-ny-governor,fox
https://www.foxnews.com/politics/comer-unleashes-biden-demands-doj-probe-autopen-use-scathing-new-report,fox
https://www.foxnews.com/politics/trump-admin-warns-42-million-americans-could-lose-food-stamps-shutdown-drags,fox
https://www.foxnews.com/video/6384140742112,fox
https://www.foxnews.com/us/obese-man-death-row-chooses-buffet-bbq-wings-cheeseburger-pizza-ice-cream-last-meal-georgia,fox
https://www.foxnews.com/video/6386405686112,fox
https://www.foxnews.com/sports/super-bowl-champion-coach-legendary-athletes-sign-amicus-brief-backing-female-athletes-scotus-battle,fox
https://www.foxnews.com/politics/why-us-could-snatch-venezuelan-tanker-not-under-wartime-authority-used-cartel-strikes,fox
https://www.foxnews.com/us/mississippi-governor-orders-release-man-who-served-more-than-10-years-illegal-15-year-sentence,fox
https://www.foxnews.com/politics/black-lives-matter-leader-okc-charged-wire-fraud-money-laundering-alleged-embezzlement-scheme,fox
https://www.foxnews.com/video/6386347999112,fox
https://www.foxnews.com/video/6386342164112,fox
https://www.foxnews.com/politics/grand-jury-refuses-charge-letitia-james-doj-keeps-pushing-indictment,fox
https://www.foxnews.com/politics/clarence-thomas-presses-dem-operative-marc-elias-about-campaign-finance-arguments,fox
https://www.foxnews.com/politics/new-jerseys-medically-assisted-suicide-law-only-covers-state-residents-appeals-court-rules,fox
https://www.foxnews.com/politics/judge-blocks-trump-national-guard-deployment-los-angeles,fox
https://www.foxnews.com/opinion/john-yoo-supreme-court-showdown-exposes-shaky-case-against-birthright-citizenship,fox
https://www.foxnews.com/opinion/japan-rejects-same-sex-marriage-save-itself-from-demographic-collapse,fox
https://www.foxnews.com/us/ohio-surgeon-allegedly-forced-abortion-pills-sleeping-girlfriends-mouth-learning-pregnancy,fox
https://www.foxnews.com/video/6386246782112,fox
https://www.foxnews.com/us/murdaugh-retrial-hopes-dim-ex-ag-says-becky-hill-guilty-plea-wont-sway-high-court,fox
https://www.foxnews.com/video/6386205654112,fox
https://www.foxnews.com/video/6386209999112,fox
https://www.foxnews.com/video/6386208074112,fox
https://www.foxnews.com/video/6386207553112,fox
https://www.foxnews.com/video/6386203760112,fox
https://www.foxnews.com/politics/alina-habba-becomes-bondi-advisor-leaving-role-top-new-jersey-prosecutor,fox
https://www.foxnews.com/politics/scotus-takes-up-trumps-bid-fire-ftc-commissioner-showdown-could-topple-90-year-precedent,fox
https://www.foxnews.com/video/6386073662112,fox
https://www.foxnews.com/video/6386070763112,fox
https://www.foxnews.com/politics/scotus-review-trump-executive-order-birthright-citizenship,fox
https://www.foxnews.com/us/federal-judge-orders-unsealing-epstein-case-grand-jury-records,fox
https://www.foxnews.com/politics/judge-clock-ny-ag-letitia-james-challenges-us-attorneys-authority-investigate-her-lawsuits,fox
https://www.foxnews.com/video/6386047061112,fox
https://www.foxnews.com/video/6386000921112,fox
https://www.foxnews.com/politics/grand-jury-declines-re-indict-letitia-james-virginia,fox
https://www.foxnews.com/video/6385974484112,fox
https://www.foxnews.com/politics/boasberg-reverses-course-jan-6-defendants-pardoned-trump,fox
https://www.foxnews.com/politics/californias-crackdown-less-lethal-weapons-sparks-2a-lawsuit-targeting-newsom-administration,fox
https://www.foxnews.com/video/6385909158112,fox
https://www.foxnews.com/politics/conservatives-intervene-wisconsins-mid-decade-redistricting-push-house-majority-hangs-balance,fox
https://www.foxnews.com/opinion/mike-davis-why-scotus-must-reinstate-trump-us-attorneys-alina-habba-lindsey-halligan,fox
https://www.foxnews.com/health/west-virginia-restores-exclusion-religious-reasons-school-vaccine-exemptions-after-latest-court-ruling,fox
https://www.foxnews.com/politics/trump-highlights-comments-obama-sycophant-eric-holder-continues-pressing-senate-gop-nix-filibuster,fox
https://www.foxnews.com/politics/pro-life-center-fights-new-jersey-attorney-generals-fishing-expedition-supreme-court-battle,fox
https://www.foxnews.com/us/drug-kingpin-el-chapos-son-enters-plea-multibillion-dollar-drug-trafficking-case,fox
https://www.foxnews.com/video/6385817585112,fox
https://www.foxnews.com/politics/trump-hit-setback-court-rules-alina-habba-unlawfully-served-top-federal-prosecutor-new-jersey,fox
https://www.foxnews.com/video/6385767557112,fox
https://www.foxnews.com/us/utah-death-row-inmate-dementia-dies-natural-causes-3-months-execution-halted,fox
https://www.foxnews.com/politics/where-trump-admins-court-fight-over-national-guard-dc-stands-wake-shooting,fox
https://www.foxnews.com/video/6385701572112,fox
https://www.foxnews.com/us/louisiana-death-row-inmate-freed-30-years-overturned-conviction-upends-case,fox
https://www.foxnews.com/politics/trump-took-notes-from-grinch-states-sue-over-snap-program-changes,fox
https://www.foxnews.com/us/suspect-colorado-planned-parenthood-shooting-dies-federal-custody,fox
https://www.foxnews.com/video/6385573464112,fox
https://www.foxnews.com/us/supreme-court-case-could-restore-gun-rights-millions-blue-states-ag-bondi,fox
https://www.foxnews.com/politics/doj-backs-texas-supreme-court-fight-over-republican-drawn-map,fox
https://www.foxnews.com/video/6385548689112,fox
https://www.foxnews.com/opinion/jonathan-turley-from-lawfare-lawflop-trump-case-dies-could-rise-again,fox
https://www.foxnews.com/politics/justice-thomas-rebukes-scotus-denying-widows-case-says-lets-government-dodge-blame,fox
https://www.foxnews.com/media/john-fetterman-rips-james-carville-over-court-packing-plan-tells-democrats-win-more-elections,fox
https://www.foxnews.com/video/6385454998112,fox
https://www.foxnews.com/politics/texas-files-emergency-supreme-court-petition-after-trump-backed-congressional-map-blocked-federal-judges,fox
https://www.foxnews.com/us/missouri-judge-wore-elvis-wigs-courtroom-agrees-resign-integrity-concerns,fox
https://www.foxnews.com/politics/bolton-faces-key-pre-trial-test-criminal-case-moves-closer-trial,fox
https://www.foxnews.com/media/pro-life-influencer-attacked-nyc-files-lawsuit-after-da-alvin-bragg-drops-case,fox
https://www.foxnews.com/politics/missouri-attorney-general-new-legal-aim-mail-order-abortion-pills-over-safety-concerns,fox
https://www.foxnews.com/sports/state-attorney-general-involved-scotus-trans-athlete-case-responds-130-dems-back-males-womens-sports,fox
https://www.foxnews.com/video/6385361854112,fox
https://www.foxnews.com/politics/reagan-appointed-judge-torches-colleagues-texas-map-fight-calls-ruling-fiction-judicial-activism,fox
https://www.foxnews.com/sports/save-womens-sports-legal-defense-responds-after-130-congressional-dems-back-trans-athletes-scotus-battle,fox
https://www.foxnews.com/politics/federal-judge-allows-texas-ag-challenge-harris-county-bail-reforms-unleashing-criminals,fox
https://www.foxnews.com/politics/federal-judge-calls-comey-indictment-question-asks-halligan-puppet-trump,fox
https://www.foxnews.com/us/commander-butcher-pleads-guilty-ny-plotting-hand-out-poisoned-candy-kids,fox
https://www.foxnews.com/sports/over-130-democrat-congressional-representatives-urge-scotus-side-trans-athlete-major-legal-battle,fox
https://www.foxnews.com/politics/federal-judge-rules-law-requiring-display-ten-commandments-texas-classrooms-unconstitutional,fox
https://www.foxnews.com/us/former-alaska-airlines-pilot-tried-disable-engines-mid-flight-avoids-prison-time,fox
https://www.foxnews.com/politics/pro-life-pregnancy-centers-see-client-increase-after-supreme-court-decision-study,fox
https://www.foxnews.com/opinion/jonathan-turley-when-law-goes-dogs,fox
https://www.foxnews.com/video/6385149843112,fox
https://www.foxnews.com/opinion/mike-davis-reagan-appointed-judge-driven-from-bench-tds-wolf-wolfs-clothing,fox
https://www.foxnews.com/media/james-carville-urges-democrats-consider-expanding-supreme-court-regain-power,fox
https://www.foxnews.com/sports/trump-appoints-lawyer-leading-lawsuit-vs-upenn-over-lia-thomas-scandal-federal-judge-position,fox
https://www.foxnews.com/politics/ex-judges-blast-top-trump-doj-official-declaring-war-courts,fox
https://www.foxnews.com/sports/supreme-court-case-protecting-womens-sports-set-oral-arguments-january,fox
https://www.foxnews.com/politics/iowa-special-education-aide-fired-over-charlie-kirk-comment-files-lawsuit,fox
https://www.foxnews.com/politics/new-prosecutor-takes-trumps-georgia-election-case-after-fani-willis-disqualified,fox
https://www.foxnews.com/sports/lawyer-scotus-trans-athlete-battle-icons-activists-react-reports-ioc-protect-womens-category,fox
https://www.foxnews.com/politics/doj-asks-supreme-court-dismiss-snap-case,fox
https://www.foxnews.com/politics/comey-james-challenge-trump-appointees-legitimacy-federal-court-hearing,fox
https://www.foxnews.com/politics/record-40-young-women-want-flee-us-poll,fox
https://www.foxnews.com/us/georgia-judge-declares-city-ordinance-banning-guns-unlocked-cars-unenforceable,fox
https://www.foxnews.com/video/6385031991112,fox
https://www.foxnews.com/video/6385019240112,fox
https://www.foxnews.com/politics/rnc-gets-day-supreme-court-challenge-late-arriving-mail-ballots,fox
https://www.foxnews.com/us/tsa-worker-sues-allow-transgender-officers-perform-pat-downs,fox
https://www.foxnews.com/sports/trans-athletes-family-files-response-supreme-court-womens-sports-case,fox
https://www.foxnews.com/politics/trumps-signature-tariffs-hang-key-question-about-congress-power-before-supreme-court,fox
https://www.foxnews.com/media/police-raid-newspaper-prompts-3m-payout-apology-amid-press-freedom-outcry,fox
https://www.foxnews.com/politics/reagan-appointed-judge-resigns-protest-trump-warns-presidents-assault-rule-law,fox
https://www.foxnews.com/politics/scotus-issues-emergency-snap-ruling-impacting-millions,fox
https://www.foxnews.com/video/6384965461112,fox
https://www.foxnews.com/politics/woke-lawfare-exposed-attorney-unmasks-carbon-tax-intent-behind-massive-oil-litigation,fox
https://www.foxnews.com/politics/trump-asks-supreme-court-overturn-e-jean-carroll-case-verdict,fox
https://www.foxnews.com/politics/states-sue-trump-over-snap-benefits-program-remains-legal-limbo,fox
https://www.foxnews.com/politics/vps-office-responds-pa-gov-who-said-vance-betrayed-appalachian-roots-bull-politics-over-snap,fox
https://www.foxnews.com/politics/supreme-court-rejects-appeal-county-clerk-sought-overturn-same-sex-marriage-decision,fox
https://www.foxnews.com/politics/reagan-appointed-federal-judge-resigns-speak-out-against-trumps-assault-rule-law,fox
https://www.foxnews.com/us/fight-cameras-charlie-kirk-assassination-case-gets-boost-top-republican,fox
https://www.foxnews.com/video/6384888174112,fox
https://www.foxnews.com/video/6384851509112,fox
https://www.foxnews.com/politics/supreme-court-justices-show-skepticism-trumps-emergency-tariff-powers-during-oral-arguments,fox
https://www.foxnews.com/politics/federal-judge-dismisses-boeing-felony-charges-despite-victims-families-opposition-settlement-deal,fox
https://www.foxnews.com/politics/appeals-court-says-texas-can-enforce-drag-show-ban-suggests-not-all-drag-shows-violate-state-law,fox
https://www.foxnews.com/politics/supreme-court-blocks-lower-court-order-forcing-trump-administration-fully-fund-snap-program,fox
https://www.foxnews.com/politics/florida-cites-mafia-law-hits-planned-parenthood-suit-over-claim-abortion-pill-safer-than-tylenol,fox
https://www.foxnews.com/politics/justice-barrett-urges-students-take-high-road-like-erika-kirk-face-campus-hostility,fox
https://www.foxnews.com/video/6384795253112,fox
https://www.foxnews.com/politics/doj-accuses-federal-judge-making-mockery-separation-powers-snap-appeal,fox
https://www.foxnews.com/us/court-strikes-down-ohio-schools-pronoun-policy-win-parental-rights-group,fox
https://www.foxnews.com/politics/supreme-court-hands-trump-major-win-transgender-passport-policy-change,fox
https://www.foxnews.com/media/james-carville-says-hed-bet-money-democrats-win-presidency-2028-pack-supreme-court,fox
https://www.foxnews.com/politics/federal-judge-rules-trump-must-fully-fund-snap-program-by-friday,fox
https://www.foxnews.com/us/ex-doj-worker-who-hurled-sandwich-federal-officer-found-not-guilty,fox
https://www.foxnews.com/entertainment/comedian-john-mulaney-watches-from-cheap-seats-supreme-court-justices-weigh-trumps-tariff-powers,fox
https://www.foxnews.com/politics/appeals-court-hands-trump-legal-win-orders-review-hush-money-case-over-presidential-immunity,fox
https://www.foxnews.com/opinion/jonathan-turley-supreme-court-ruling-trump-tariffs-comes-down-numbers-game,fox
https://www.foxnews.com/politics/free-speech-isnt-optional-next-generation-legal-thinkers-push-back-campus-conformity,fox
https://www.foxnews.com/politics/barrett-sotomayor-tag-team-interrogation-trump-lawyer-tariff-powers,fox
https://www.foxnews.com/politics/supreme-court-weigh-trump-tariff-powers-blockbuster-case,fox
https://www.foxnews.com/video/6384567699112,fox
https://www.foxnews.com/video/6384560221112,fox
https://www.foxnews.com/video/6384558947112,fox
https://www.foxnews.com/video/6384554402112,fox
https://www.foxnews.com/video/6384551797112,fox
https://www.foxnews.com/politics/pennsylvania-supreme-court-election-results-2025,fox
https://www.foxnews.com/us/federal-charges-filed-against-california-man-who-allegedly-drove-u-haul-toward-coast-guard-officers,fox
https://www.foxnews.com/politics/virginias-ghazala-hashmi-becomes-first-muslim-elected-statewide-old-dominion,fox
https://www.foxnews.com/politics/trump-warns-supreme-court-tariff-showdown-life-death-america,fox
https://www.foxnews.com/video/6384484063112,fox
https://www.foxnews.com/video/6384472407112,fox
https://www.foxnews.com/us/florida-man-facing-death-penalty-killing-18-year-old-girlfriend-unborn-child-after-she-refused-abortion,fox
https://www.foxnews.com/video/6384399782112,fox
https://www.foxnews.com/politics/acquittal-man-who-urged-violence-against-trump-puts-first-amendment-spotlight,fox
https://www.foxnews.com/politics/unprecedented-antisemitism-panel-tackles-surging-national-issue,fox
https://www.foxnews.com/video/6384376302112,fox
https://www.foxnews.com/politics/supreme-court-prepares-confront-monumental-case-trump-executive-power-tariff-authority,fox
https://www.foxnews.com/politics/two-judges-rule-trump-admin-must-keep-snap-benefits-place-shutdown-drags,fox
https://www.foxnews.com/politics/dem-appointed-maryland-supreme-court-justice-hot-seat-over-politically-charged-halloween-display,fox
https://www.foxnews.com/media/tennessee-sued-over-limited-access-executions-media-demand-transparency,fox
https://www.foxnews.com/politics/virginia-school-district-slapped-with-complaint-alleging-new-claims-viral-trans-locker-room-fight,fox
https://www.foxnews.com/media/riley-gaines-ocasio-cortez-trade-barbs-conservatives-defend-former-swimmer-ongoing-dispute,fox
https://www.foxnews.com/politics/trial-begins-over-trumps-fight-deploy-national-guard-troops-oregon,fox
https://www.foxnews.com/politics/states-sue-trump-admin-over-billions-looming-cuts-snap-food-stamps,fox
https://www.foxnews.com/politics/house-republicans-accuse-bidens-fbi-retaliating-against-whistleblower-who-exposed-misconduct,fox
https://www.foxnews.com/politics/newsom-bails-out-planned-parenthood-140m-keep-100-clinics-open-after-trump-cuts,fox
https://www.foxnews.com/video/6383846657112,fox
https://www.foxnews.com/politics/new-york-attorney-general-letitia-james-enters-plea-federal-mortgage-fraud-case,fox
https://www.foxnews.com/politics/federal-judge-strikes-down-biden-era-transgender-regulations,fox
https://www.foxnews.com/video/6383724980112,fox
https://www.foxnews.com/politics/letitia-james-arraigned-virginia-federal-bank-fraud-charges-tied-2020-home-purchase,fox
https://www.foxnews.com/opinion/supreme-court-case-exposes-liberal-contradictions-race-segregation,fox
https://www.foxnews.com/politics/federal-judges-acknowledge-court-ruling-errors-tied-staffers-ai-use-after-grassley-inquiry,fox
https://www.foxnews.com/politics/fired-trump-prosecutors-launch-new-washington-firm-say-battle-government-corruption,fox
https://www.foxnews.com/politics/top-trump-officials-subpoenaed-abrego-garcia-hearing-vindictive-prosecution,fox
https://www.foxnews.com/us/man-linked-hamas-attack-israel-indicted-louisiana-conspiring-support-terrorist-group,fox
https://www.foxnews.com/us/former-new-york-state-trooper-sentenced-6-months-prison-after-faking-his-own-shooting-disgraceful,fox
https://www.foxnews.com/us/charlotte-man-charged-iryna-zarutskas-killing-face-death-penalty,fox
https://www.foxnews.com/us/alaska-pilot-seeks-scotus-relief-case-three-beer-cases-led-forfeiture-95k-plane,fox
https://www.foxnews.com/politics/miyares-demands-jones-ouster-after-court-doc-indicates-reckless-driving-case-under-further-criminal-probe,fox
https://www.foxnews.com/politics/trump-wins-big-national-guard-case-court-fights-far-from-over,fox
https://www.foxnews.com/video/6383526919112,fox
https://www.foxnews.com/us/alabama-death-row-inmate-insists-innocence-urges-governor-meet-him-before-nitrogen-gas-execution,fox
https://www.foxnews.com/sports/legal-defense-save-womens-sports-granted-right-make-argument-scotus-amid-trans-athlete-dispute,fox
https://www.foxnews.com/video/6383479261112,fox
https://www.foxnews.com/politics/doj-argues-judges-decision-blocking-mahmoud-khalils-removal-indefensible,fox
https://www.foxnews.com/opinion/virginias-obscene-spectacle-democrat-mom-candidate-who-isnt-family-friendly,fox
https://www.foxnews.com/video/6383443512112,fox
https://www.foxnews.com/politics/james-comey-seeks-dismiss-his-criminal-case-citing-vindictive-prosecution,fox
https://www.foxnews.com/politics/supreme-court-consider-case-second-amendment-rights-drug-users,fox
https://www.foxnews.com/politics/9th-circuit-court-rules-trumps-national-guard-deployment-portland,fox
https://www.foxnews.com/politics/doj-seeks-removal-comeys-defense-lawyer-citing-conflict-interest,fox
https://www.foxnews.com/us/convicted-child-killer-etan-patz-must-retried-june-deadline-walk-free-from-custody-judge,fox
https://www.foxnews.com/video/6382950659112,fox
https://www.foxnews.com/politics/40-days-life-sees-spike-volunteers-after-charlie-kirks-assassination,fox
https://www.foxnews.com/politics/trump-admin-makes-supreme-court-plea-national-guard-chicago-after-judge-denies-rebellion-concern,fox
https://www.foxnews.com/opinion/mike-davis-why-scotus-must-affirm-trumps-birthright-citizenship-order,fox
https://www.foxnews.com/us/jury-awards-19m-bystanders-wounded-denver-cop-2022-shooting,fox
https://www.foxnews.com/us/execution-set-twisted-killer-taunted-police-message-victims-blood-catch-me-u-can,fox
https://www.foxnews.com/video/6382910590112,fox
https://www.foxnews.com/video/6382910467112,fox
https://www.foxnews.com/politics/supreme-court-sets-date-hear-ftc-slaughter-case-test-trumps-firing-powers,fox
https://www.foxnews.com/politics/who-judge-chuang-obama-appointee-assigned-john-boltons-case,fox
https://www.foxnews.com/sports/ex-ncaa-womens-runner-involved-scotus-battle-over-trans-athletes-speaks-out-after-judge-advances-case,fox
https://www.foxnews.com/politics/trumps-u-s-attorneys-blue-states-face-legal-challenges-could-upend-key-prosecutions,fox
https://www.foxnews.com/video/6382863848112,fox
https://www.foxnews.com/video/6382853079112,fox
https://www.foxnews.com/politics/justice-jacksons-remarks-minority-voters-spark-heavy-backlash-theyre-disabled,fox
https://www.foxnews.com/sports/trans-athletes-attorneys-respond-after-judge-strikes-down-attempt-end-scotus-battle-over-womens-sports,fox
https://www.foxnews.com/politics/nra-sues-california-over-ban-glock-style-firearms-violates-second-amendment,fox
https://www.foxnews.com/politics/virginia-parents-crush-fundraising-goal-for-trans-locker-room-fight-after-judge-ordered-massive-bond,fox
https://www.foxnews.com/politics/judge-temporarily-blocks-trump-admin-layoffs-thousands-federal-workers-during-government-shutdown,fox
https://www.foxnews.com/politics/louisiana-ag-aims-dismantle-offensive-voting-law-factors-race-redistricting,fox
https://www.foxnews.com/politics/supreme-court-louisiana-voting-rights-redistricting-case-2026-midterms,fox
https://www.foxnews.com/politics/hawley-pushes-ban-obamacare-coverage-gender-transition-care-abortion-amid-shutdown-no-more-loopholes,fox
https://www.foxnews.com/sports/federal-judge-rules-favor-allowing-scotus-case-over-trans-athletes-proceed-after-attempt-dismiss,fox
https://www.foxnews.com/us/missouri-man-executed-killing-state-trooper-marking-states-first-execution-year,fox
https://www.foxnews.com/media/former-supreme-court-justice-warns-partisanship-plays-too-much-role-judicial-nominations,fox
https://www.foxnews.com/video/6382758479112,fox
https://www.foxnews.com/us/federal-judge-fines-reprimands-lawyer-who-used-ai-draft-court-filings,fox
https://www.foxnews.com/politics/republicans-mount-campaign-flip-pennsylvania-supreme-courts-democratic-majority,fox
https://www.foxnews.com/politics/instead-impeachment-dems-using-article-ii-challenges-impede-trump-time,fox
https://www.foxnews.com/video/6382650913112,fox
https://www.foxnews.com/video/6382623369112,fox
https://www.foxnews.com/politics/us-judge-vows-rule-soon-abrego-garcias-fate-after-marathon-hearing,fox
https://www.foxnews.com/politics/long-held-scotus-precedents-could-undercut-portland-chicago-national-guard-lawsuits,fox
https://www.foxnews.com/video/6382591581112,fox
https://www.foxnews.com/media/legal-expert-calls-out-ironic-twist-ny-ag-who-prosecuted-trump-faces-federal-bank-fraud-charges,fox
https://www.foxnews.com/video/6382585539112,fox
https://www.foxnews.com/video/6382553184112,fox
https://www.foxnews.com/opinion/kavanaugh-assassination-plot-deserved-far-more-than-8-years,fox
https://www.foxnews.com/video/6382534383112,fox
https://www.foxnews.com/politics/grand-jury-weighing-mortgage-fraud-charges-against-ny-ag-letitia-james-virginia-federal-court,fox
https://www.foxnews.com/politics/democrats-try-flip-script-states-rights-defy-upend-trumps-national-guard-plan,fox
https://www.foxnews.com/us/texas-arrests-8-widening-probe-midwife-accused-illegal-abortions,fox
https://www.foxnews.com/video/6382409393112,fox
https://www.foxnews.com/video/6382399192112,fox
https://www.foxnews.com/opinion/mike-davis-supreme-court-betrayed-again-time-from-bench,fox
https://www.foxnews.com/us/man-faces-hate-crime-charges-hundred-plus-explosives-threats-cathedral-ahead-scotus-event,fox
https://www.foxnews.com/politics/supreme-court-skeptical-conversion-therapy-law-treat-minors-gender-identity-sexual-orientation,fox
https://www.foxnews.com/politics/christian-therapist-challenges-colorado-conversion-therapy-ban-supreme-court,fox
https://www.foxnews.com/media/former-attorney-general-eric-holder-calls-democrats-focus-supreme-court-expansion-term-limits,fox
https://www.foxnews.com/politics/who-trump-appointed-judge-blocking-deployment-national-guard-portland,fox
https://www.foxnews.com/politics/federal-judge-loses-patience-trump-doj-abrego-garcia-deportation-stalls-again,fox
https://www.foxnews.com/video/6382105260112,fox
https://www.foxnews.com/politics/supreme-court-declines-take-ghislaine-maxwells-sex-trafficking-appeal,fox
https://www.foxnews.com/video/6382073847112,fox
https://www.foxnews.com/video/6382069138112,fox
https://www.foxnews.com/politics/trumps-presidency-faces-crucial-tests-supreme-court-begins-pivotal-term,fox
https://www.foxnews.com/politics/biden-appointed-judge-slammed-conservatives-lenient-8-year-sentence-kavanaugh-assassination-plot,fox
https://www.foxnews.com/video/6382041805112,fox
https://www.foxnews.com/video/6382020037112,fox
https://www.foxnews.com/politics/supreme-courts-emergency-docket-delivers-trump-string-wins-final-tests-loom,fox
https://www.foxnews.com/video/6381844938112,fox
https://www.foxnews.com/video/6381654435112,fox
https://www.foxnews.com/politics/justice-kavanaughs-attempted-assassin-sentenced-8-years-prison,fox
https://www.foxnews.com/politics/spanberger-defends-abortion-ad-criticizing-sears-after-bernie-warns-against-highlighting-issue,fox
https://www.foxnews.com/politics/supreme-court-takes-second-amendment-case-challenging-hawaii-gun-law,fox
https://www.foxnews.com/politics/federal-judge-sentence-justice-brett-kavanaughs-attempted-assassin,fox
https://www.foxnews.com/politics/hawley-blasts-fda-approval-new-abortion-drug-cites-safety-trust-concerns,fox
https://www.foxnews.com/politics/reagan-appointed-judge-once-rebuked-supreme-court-continues-lambaste-trump,fox
https://www.foxnews.com/us/immigration-judge-denies-kilmar-abrego-garcias-bid-asylum-he-has-30-days-appeal,fox
https://www.foxnews.com/video/6380638893112,fox
https://www.foxnews.com/politics/supreme-court-keeps-feds-lisa-cook-role-now-agrees-review-case,fox
https://www.foxnews.com/media/sen-durbin-backs-down-from-catholic-award-after-outcry-from-bishops-laity-over-abortion-rights,fox
https://www.foxnews.com/politics/trump-birthright-citizenship-fight-heads-back-supreme-court-new-term-begins,fox
https://www.foxnews.com/politics/federal-judge-disqualifies-acting-nevada-us-attorney-from-handling-cases,fox
https://www.foxnews.com/politics/federal-judge-rules-public-charter-school-violated-churchs-first-amendment-rights,fox
https://www.foxnews.com/opinion/supreme-court-must-freeze-climate-extortion-our-energy-industry,fox
https://www.foxnews.com/politics/federal-judge-launches-scathing-broadside-trumps-efforts-deport-pro-palestinian-protesters,fox
https://www.foxnews.com/media/cpb-irked-npr-after-outlet-tries-block-58-million-dispersements-new-nonprofit,fox
https://www.foxnews.com/politics/trump-admin-renews-effort-exclude-harvard-from-billions-federal-research-grants,fox
https://www.foxnews.com/us/arrest-warrant-issued-california-doctor-louisiana-abortion-pill-case,fox
https://www.foxnews.com/media/bishops-catholic-groups-slam-cardinal-cupichs-plan-honor-pro-abortion-sen-dick-durbin-great-scandal,fox
https://www.foxnews.com/media/pro-life-influencer-speaks-out-after-nyc-attacker-goes-unpunished-due-prosecutors-error,fox
https://www.foxnews.com/politics/federal-judge-blocks-voice-america-mass-terminations-scathing-ruling-against-lake,fox
https://www.foxnews.com/politics/harris-reveals-crude-hypotheticals-abortion-viagra-rehearsed-before-trump-debate,fox
https://www.foxnews.com/video/6386442291112,fox
https://www.foxnews.com/video/6386441301112,fox
https://www.foxnews.com/video/6386392751112,fox
https://www.foxnews.com/world/world-fixates-other-wars-sudan-sees-12-million-forcibly-displaced-devastating-conflict,fox
https://www.foxnews.com/video/6386362594112,fox
https://www.foxnews.com/video/6386355814112,fox
https://www.foxnews.com/politics/trump-administration-offers-5m-reward-capture-fugitive-los-choneros-gang-leader,fox
https://www.foxnews.com/video/6386318215112,fox
https://www.foxnews.com/politics/trump-admin-weighs-terrorism-sanctions-against-un-palestinian-aid-agency-over-hamas-allegations,fox
https://www.foxnews.com/video/6386294886112,fox
https://www.foxnews.com/media/journo-compares-rubios-font-change-order-state-department-nazis-banning-jewish-fonts,fox
https://www.foxnews.com/media/rubio-orders-state-dept-dump-calibri-font-restore-times-new-roman-reversing-biden-era-order,fox
https://www.foxnews.com/opinion/south-korean-k-pop-stars-bts-hit-right-note-how-wield-cultural-power,fox
https://www.foxnews.com/politics/european-talks-reshape-ukraines-peace-plan-zelenskyy-refuses-territorial-concessions,fox
https://www.foxnews.com/us/trump-administration-revokes-record-85000-visas-sweeping-immigration-crackdown-targeting-safety-threats,fox
https://www.foxnews.com/video/6386237132112,fox
https://www.foxnews.com/video/6386189900112,fox
https://www.foxnews.com/video/6386175521112,fox
https://www.foxnews.com/video/6386127112112,fox
https://www.foxnews.com/opinion/david-marcus-trumps-aggression-toward-venezuela-warning-putin,fox
https://www.foxnews.com/politics/trump-rewrites-national-security-playbook-mass-migration-overtakes-terrorism-top-us-threat,fox
https://www.foxnews.com/world/trump-admin-warned-take-front-seat-un-chief-race-shifts-left-boosting-anti-us-contenders,fox
https://www.foxnews.com/politics/melania-trump-says-7-more-ukrainian-children-reunited-families-part-initiative-russia,fox
https://www.foxnews.com/travel/us-renews-do-not-travel-alert-terrorism-kidnapping-amid-trump-narco-terror-fight,fox
https://www.foxnews.com/politics/us-institute-peace-officially-renamed-trump-white-house-moves-dismantle-agency-congratulations,fox
https://www.foxnews.com/politics/americans-want-us-lead-globally-doubt-military-can-win-major-wars-overseas-survey-finds,fox
https://www.foxnews.com/video/6385922008112,fox
https://www.foxnews.com/politics/trump-admin-targets-anti-christian-violence-new-visa-crackdown-policy-following-nigeria-attacks,fox
https://www.foxnews.com/video/6385900806112,fox
https://www.foxnews.com/video/6385887460112,fox
https://www.foxnews.com/video/6385881667112,fox
https://www.foxnews.com/world/putin-warns-russia-ready-europe-suddenly-wants-wage-war-with-us-amid-ukraine-talks,fox
https://www.foxnews.com/politics/experts-dispute-nigerian-governments-claims-amid-congressional-probe-escalating-attacks-christians,fox
https://www.foxnews.com/video/6385847438112,fox
https://www.foxnews.com/video/6385842829112,fox
https://www.foxnews.com/video/6385820974112,fox
https://www.foxnews.com/video/6385790231112,fox
https://www.foxnews.com/politics/trump-gave-maduro-ultimatum-flee-venezuela-land-operations-loom-report,fox
https://www.foxnews.com/politics/trump-envoy-steve-witkoff-heads-moscow-ukraine-peace-talks-gain-momentum,fox
https://www.foxnews.com/media/ex-cia-station-chief-warns-putin-using-talks-gain-leverage-ukraine-delegation-meets-top-trump-officials,fox
https://www.foxnews.com/world/state-department-warns-uk-over-grooming-gang-handling-unspeakable-abuse,fox
https://www.foxnews.com/politics/state-department-immediately-halts-all-afghan-passport-visas-following-deadly-national-guard-attack,fox
https://www.foxnews.com/politics/afghan-withdrawal-refugees-had-free-rein-us-bases-2021-sources-said-leaving-ubers-untracked,fox
https://www.foxnews.com/video/6385707761112,fox
https://www.foxnews.com/video/6385670102112,fox
https://www.foxnews.com/video/6385626622112,fox
https://www.foxnews.com/politics/us-envoy-gave-russian-aide-tips-how-sell-ukraine-deal-trump-report,fox
https://www.foxnews.com/video/6385610407112,fox
https://www.foxnews.com/opinion/saudi-arabia-new-front-line-us-faces-down-iran-china-russias-ambitions,fox
https://www.foxnews.com/video/6385580176112,fox
https://www.foxnews.com/video/6385545465112,fox
https://www.foxnews.com/video/6385537446112,fox
https://www.foxnews.com/video/6385535266112,fox
https://www.foxnews.com/video/6385522799112,fox
https://www.foxnews.com/politics/rubio-claims-tremendous-amount-progress-ukraine-peace-talks-following-geneva-meeting,fox
https://www.foxnews.com/video/6385495655112,fox
https://www.foxnews.com/politics/vindmans-call-release-trump-mbs-transcript-reopens-old-questions-us-saudi-relationship,fox
https://www.foxnews.com/video/6385423902112,fox
https://www.foxnews.com/video/6385424140112,fox
https://www.foxnews.com/video/6385423136112,fox
https://www.foxnews.com/politics/white-house-dubs-dem-scam-victim-after-he-fumes-rubio-wouldnt-fund-climate-trip,fox
https://www.foxnews.com/video/6385409995112,fox
https://www.foxnews.com/video/6385369166112,fox
https://www.foxnews.com/video/6385371404112,fox
https://www.foxnews.com/politics/white-house-shuts-down-reports-us-backtracked-trumps-g20-boycott,fox
https://www.foxnews.com/world/u-s-russia-draft-peace-plan-ukraine-requiring-major-concessions-from-kyiv,fox
https://www.foxnews.com/politics/trumps-trillion-dollar-saudi-deal-could-reshape-markets-money-ever-materializes,fox
https://www.foxnews.com/media/state-department-proposing-cutting-research-ties-dozens-universities-over-dei-hiring-practices-report,fox
https://www.foxnews.com/video/6385324988112,fox
https://www.foxnews.com/video/6385308216112,fox
https://www.foxnews.com/politics/rubio-orders-restitution-hundreds-staffers-denied-promotions-under-biden-dei-rule,fox
https://www.foxnews.com/video/6385301046112,fox
https://www.foxnews.com/video/6385299178112,fox
https://www.foxnews.com/video/6385287914112,fox
https://www.foxnews.com/politics/trump-designates-saudi-arabia-major-non-nato-ally-during-crown-prince-white-house-visit,fox
https://www.foxnews.com/video/6385281612112,fox
https://www.foxnews.com/video/6385277264112,fox
https://www.foxnews.com/video/6385275934112,fox
https://www.foxnews.com/politics/trump-admin-pours-1b-massive-effort-restart-nuclear-reactor-historic-meltdown-site,fox
https://www.foxnews.com/video/6385267104112,fox
https://www.foxnews.com/video/6385256125112,fox
https://www.foxnews.com/video/6385254467112,fox
https://www.foxnews.com/politics/9-11-families-urge-trump-press-saudis-accountability-ahead-mbs-visit-dc,fox
https://www.foxnews.com/politics/trump-set-host-saudi-arabias-powerful-crown-prince-white-house-week,fox
https://www.foxnews.com/politics/marco-rubio-says-nicolas-maduros-cartel-de-los-soles-designated-terrorist-organization,fox
https://www.foxnews.com/video/6385184860112,fox
https://www.foxnews.com/video/6385177618112,fox
https://www.foxnews.com/video/6385173197112,fox
https://www.foxnews.com/video/6385119089112,fox
https://www.foxnews.com/video/6385105894112,fox
https://www.foxnews.com/opinion/gazas-famine-real-how-come-went-away-so-fast,fox
https://www.foxnews.com/world/state-department-warns-americans-japan-deadly-bear-attacks-kill-13-people-since-april-be-diligent,fox
https://www.foxnews.com/video/6385067004112,fox
https://www.foxnews.com/politics/clinton-pompeo-unite-against-pentagon-spheres-influence-say-would-help-china-russia-gain-power,fox
https://www.foxnews.com/politics/trump-administration-makes-first-ever-antifa-foreign-terrorist-designations-across-europe,fox
https://www.foxnews.com/politics/iran-claims-missile-power-now-far-surpasses-pre-war-levels-after-israeli-bombardment,fox
https://www.foxnews.com/media/caitlyn-jenner-backs-ioc-move-ban-transgender-women-from-olympics-after-review-finds-unfair-advantage,fox
https://www.foxnews.com/video/6384957294112,fox
https://www.foxnews.com/video/6384925030112,fox
https://www.foxnews.com/video/6384920477112,fox
https://www.foxnews.com/video/6384919973112,fox
https://www.foxnews.com/politics/democrats-fight-block-trumps-reckless-unnecessary-call-restart-nuclear-testing,fox
https://www.foxnews.com/world/lavrov-offers-face-to-face-meeting-rubio-russia-signals-diplomatic-opening-amid-ukraine-tensions,fox
https://www.foxnews.com/video/6384889936112,fox
https://www.foxnews.com/world/irans-water-bankruptcy-weaken-regime-any-nuclear-program-says-expert,fox
https://www.foxnews.com/video/6384843051112,fox
https://www.foxnews.com/politics/state-dept-says-g20-boycott-tied-south-africas-government-sponsored-discrimination-against-afrikaners,fox
https://www.foxnews.com/video/6384825052112,fox
https://www.foxnews.com/video/6384764130112,fox
https://www.foxnews.com/video/6384713576112,fox
https://www.foxnews.com/politics/russia-drawing-up-plans-conduct-nuclear-tests-after-trump-announcement,fox
https://www.foxnews.com/video/6384605349112,fox
https://www.foxnews.com/politics/high-stakes-high-seas-us-china-test-limits-military-power,fox
https://www.foxnews.com/video/6384572858112,fox
https://www.foxnews.com/world/trump-admin-ramps-up-sudan-peace-effort-civil-war-leaves-tens-thousands-dead,fox
https://www.foxnews.com/opinion/how-trump-projected-us-power-across-indo-pacific-before-xi-meeting,fox
https://www.foxnews.com/world/un-under-fire-usaid-investigators-probe-hamas-diversion-aid-gaza,fox
https://www.foxnews.com/travel/urgent-advisory-safari-destination-warns-terrorist-violence-risk-unrest,fox
https://www.foxnews.com/video/6384460459112,fox
https://www.foxnews.com/politics/energy-secretary-reveals-how-us-nuclear-tests-work,fox
https://www.foxnews.com/video/6384441932112,fox
https://www.foxnews.com/video/6384438046112,fox
https://www.foxnews.com/video/6384432753112,fox
https://www.foxnews.com/video/6384429889112,fox
https://www.foxnews.com/opinion/dan-gainor-england-doesnt-have-free-speech-wants-take-ours-away-too,fox
https://www.foxnews.com/video/6384372957112,fox
https://www.foxnews.com/politics/bombshell-report-shows-foreign-charities-dumped-billions-us-political-advocacy-groups-erode-democracy,fox
https://www.foxnews.com/world/trump-designates-nigeria-country-particular-concern-over-widespread-christian-persecution-killings,fox
https://www.foxnews.com/politics/trump-xi-skip-taiwan-talk-despite-growing-war-risk,fox
https://www.foxnews.com/video/6384342864112,fox
https://www.foxnews.com/media/nuclear-backdrop-trump-eases-tensions-xi-merely-returns-status-quo,fox
https://www.foxnews.com/video/6384322639112,fox
https://www.foxnews.com/video/6384318602112,fox
https://www.foxnews.com/video/6384313881112,fox
https://www.foxnews.com/video/6384310682112,fox
https://www.foxnews.com/opinion/trump-breaks-33-year-nuclear-testing-silence-world-braces-dangerous-new-arms-race,fox
https://www.foxnews.com/politics/trumps-fire-fades-russia-he-pulls-troops-avoids-pressing-xi-oil,fox
https://www.foxnews.com/video/6384260297112,fox
https://www.foxnews.com/politics/rubio-says-us-ready-offer-immediate-humanitarian-aid-people-cuba-impacted-hurricane-melissa,fox
https://www.foxnews.com/video/6384296790112,fox
https://www.foxnews.com/video/6384269539112,fox
https://www.foxnews.com/video/6384261961112,fox
https://www.foxnews.com/video/6384240424112,fox
https://www.foxnews.com/video/6384239735112,fox
https://www.foxnews.com/video/6384238045112,fox
https://www.foxnews.com/video/6384234638112,fox
https://www.foxnews.com/video/6384225284112,fox
https://www.foxnews.com/video/6384216677112,fox
https://www.foxnews.com/video/6384210383112,fox
https://www.foxnews.com/media/usda-chief-warns-were-right-cliff-40-million-americans-brace-food-stamp-cutoff,fox
https://www.foxnews.com/video/6384180250112,fox
https://www.foxnews.com/video/6384166462112,fox
https://www.foxnews.com/video/6384167400112,fox
https://www.foxnews.com/video/6384161287112,fox
https://www.foxnews.com/video/6384161661112,fox
https://www.foxnews.com/video/6384158182112,fox
https://www.foxnews.com/video/6384147405112,fox
https://www.foxnews.com/video/6384140870112,fox
https://www.foxnews.com/video/6384139616112,fox
https://www.foxnews.com/video/6384134801112,fox
https://www.foxnews.com/video/6384130762112,fox
https://www.foxnews.com/video/6384131389112,fox
https://www.foxnews.com/video/6384128855112,fox
https://www.foxnews.com/world/milei-scores-historic-win-argentina-midterms-tightens-grip-congress,fox
https://www.foxnews.com/video/6384119308112,fox
https://www.foxnews.com/world/3-chinese-nationals-arrested-georgia-trying-buy-400k-worth-black-market-uranium,fox
https://www.foxnews.com/video/6384115566112,fox
https://www.foxnews.com/video/6384094246112,fox
https://www.foxnews.com/video/6384097303112,fox
https://www.foxnews.com/video/6384096283112,fox
https://www.foxnews.com/video/6384090796112,fox
https://www.foxnews.com/video/6384091632112,fox
https://www.foxnews.com/video/6384085764112,fox
https://www.foxnews.com/politics/rubio-reveals-shared-intelligence-prevented-possible-hamas-attack-discusses-international-stabilization-force,fox
https://www.foxnews.com/video/6384072364112,fox
https://www.foxnews.com/politics/trump-gives-hamas-48-hours-return-all-deceased-gaza-hostages-other-countries-take-action,fox
https://www.foxnews.com/video/6383976965112,fox
https://www.foxnews.com/video/6383888411112,fox
https://www.foxnews.com/video/6383855989112,fox
https://www.foxnews.com/video/6383855702112,fox
https://www.foxnews.com/video/6383851512112,fox
https://www.foxnews.com/politics/trump-kim-jong-un-should-make-bold-decision-meet-during-his-asia-trip-south-korean-official-says,fox
https://www.foxnews.com/world/rubio-slams-unrwa-subsidiary-hamas-vows-not-play-any-role-delivering-aid-gaza,fox
https://www.foxnews.com/video/6383737897112,fox
https://www.foxnews.com/politics/trump-slashes-state-department-travel-spending-94m-compared-biden-administration,fox
https://www.foxnews.com/video/6383725116112,fox
https://www.foxnews.com/opinion/americas-allies-finally-paying-fair-share-defense-now-must-pay-bills,fox
https://www.foxnews.com/video/6383636150112,fox
https://www.foxnews.com/politics/trump-not-interested-de-escalation-unhinged-leader-colombia-white-house-says,fox
https://www.foxnews.com/video/6383571139112,fox
https://www.foxnews.com/video/6383536138112,fox
https://www.foxnews.com/world/american-missionary-kidnapped-niger-suspect-islamist-militants-sources-say,fox
https://www.foxnews.com/video/6383525887112,fox
https://www.foxnews.com/politics/vance-hails-days-destiny-vp-seeks-build-ceasefire-agreement,fox
https://www.foxnews.com/video/6383515869112,fox
https://www.foxnews.com/politics/alliance-us-dismantled-leftist-petro-regime-colombias-former-defense-minister-says,fox
https://www.foxnews.com/video/6383500987112,fox
https://www.foxnews.com/video/6383496803112,fox
https://www.foxnews.com/video/6383495695112,fox
https://www.foxnews.com/video/6383487663112,fox
https://www.foxnews.com/video/6383484547112,fox
https://www.foxnews.com/video/6383473544112,fox
https://www.foxnews.com/video/6383471042112,fox
https://www.foxnews.com/video/6383463081112,fox
https://www.foxnews.com/politics/state-department-blasts-dems-over-shutdown-says-national-security-risk-amid-senate-battle,fox
https://www.foxnews.com/video/6383446570112,fox
https://www.foxnews.com/video/6383446357112,fox
https://www.foxnews.com/video/6383425162112,fox
https://www.foxnews.com/video/6383409993112,fox
https://www.foxnews.com/media/jared-kushner-details-working-around-50-years-stupid-word-games-middle-east-ceasefire-deal,fox
https://www.foxnews.com/opinion/five-possible-futures-middle-east-from-renaissance-rockets,fox
https://www.foxnews.com/video/6383066132112,fox
https://www.foxnews.com/video/6383056053112,fox
https://www.foxnews.com/world/state-department-warns-hamas-may-violate-ceasefire-attack-palestinian-civilians,fox
https://www.foxnews.com/video/6382938586112,fox
https://www.foxnews.com/video/6382930954112,fox
https://www.foxnews.com/video/6382912899112,fox
https://www.foxnews.com/video/6382905966112,fox
https://www.foxnews.com/us/fox-exclusive-nationwide-human-trafficking-bust-targets-chinese-organized-crime-networks,fox
https://www.foxnews.com/video/6382905848112,fox
https://www.foxnews.com/video/6382904432112,fox
https://www.foxnews.com/video/6382901985112,fox
https://www.foxnews.com/politics/trump-says-tremendous-bad-blood-between-zelenskyy-putin-delaying-peace-deal-despite-middle-east-momentum-,fox
https://www.foxnews.com/video/6382896796112,fox
https://www.foxnews.com/travel/advisory-exotic-destination-warns-criminal-gangs-violent-crime,fox
https://www.foxnews.com/video/6382894992112,fox
https://www.foxnews.com/world/irans-execution-rate-tops-1000-year-death-row-inmates-launch-hunger-strike,fox
https://www.foxnews.com/video/6382882012112,fox
https://www.foxnews.com/politics/labor-unions-sue-trump-administration-over-social-media-monitoring-visa-holders,fox
https://www.foxnews.com/media/revoking-visas-over-charlie-kirk-assassination-remarks-supported-tpusa-attendees,fox
https://www.foxnews.com/video/6382869314112,fox
https://www.foxnews.com/video/6382864597112,fox
https://www.foxnews.com/video/6382862244112,fox
https://www.foxnews.com/politics/white-house-considers-cash-rewards-gazans-aiding-search-slain-hostages,fox
https://www.foxnews.com/world/former-security-guard-us-embassy-overseas-convicted-spying-russia-iran,fox
https://www.foxnews.com/politics/trumps-iran-gamble-pays-off-wwiii-doomsayers-now-praise-israel-hamas-ceasefire,fox
https://www.foxnews.com/video/6382840170112,fox
https://www.foxnews.com/opinion/beyond-misperception-a-renewed-korean-democracy-renewed-alliance,fox
https://www.foxnews.com/world/state-department-aware-reports-american-tourists-attacked-1-killed-popular-seaside-destination,fox
https://www.foxnews.com/video/6382817792112,fox
https://www.foxnews.com/video/6382819446112,fox
https://www.foxnews.com/video/6382817256112,fox
https://www.foxnews.com/politics/trump-admin-cracks-down-foreigners-who-celebrated-charlie-kirks-killing-dangerous-practice,fox
https://www.foxnews.com/politics/pentagon-advisor-accused-hoarding-classified-docs-placed-leave-prominent-dc-think-tank,fox
https://www.foxnews.com/video/6382800420112,fox
https://www.foxnews.com/video/6382793361112,fox
https://www.foxnews.com/video/6382772294112,fox
https://www.foxnews.com/video/6382768758112,fox
https://www.foxnews.com/video/6382764331112,fox
https://www.foxnews.com/politics/state-department-revokes-six-visas-over-offensive-charlie-kirk-assassination-comments,fox
https://www.foxnews.com/video/6382748033112,fox
https://www.foxnews.com/video/6382745710112,fox
https://www.foxnews.com/video/6382740709112,fox
https://www.foxnews.com/us/state-department-employee-allegedly-removed-classified-docs-met-chinese-officials,fox
https://www.foxnews.com/video/6382738877112,fox
https://www.foxnews.com/video/6382731658112,fox
https://www.foxnews.com/video/6382732547112,fox
https://www.foxnews.com/media/newt-gingrich-praises-trumps-magical-diplomacy-historic-middle-east-peace-accord,fox
https://www.foxnews.com/video/6382728054112,fox
https://www.foxnews.com/world/trump-declines-commit-two-state-solution-after-historic-gaza-peace-deal-well-have-see,fox
https://www.foxnews.com/video/6382712421112,fox
https://www.foxnews.com/video/6382711029112,fox
https://www.foxnews.com/video/6382706591112,fox
https://www.foxnews.com/video/6382708157112,fox
https://www.foxnews.com/video/6382706271112,fox
https://www.foxnews.com/video/6382705769112,fox
https://www.foxnews.com/video/6382703674112,fox
https://www.foxnews.com/video/6382704553112,fox
https://www.foxnews.com/video/6382704753112,fox
https://www.foxnews.com/video/6382703352112,fox
https://www.foxnews.com/video/6382703508112,fox
https://www.foxnews.com/media/time-magazine-heralds-israel-hamas-peace-plan-trumps-triumph-new-cover,fox
https://www.foxnews.com/video/6382701083112,fox
https://www.foxnews.com/video/6382697921112,fox
https://www.foxnews.com/video/6382698784112,fox
https://www.foxnews.com/video/6382696405112,fox
https://www.foxnews.com/video/6382696877112,fox
https://www.foxnews.com/video/6382696515112,fox
https://www.foxnews.com/video/6382692498112,fox
https://www.foxnews.com/video/6382686698112,fox
https://www.foxnews.com/video/6382686960112,fox
https://www.foxnews.com/video/6382685343112,fox
https://www.foxnews.com/video/6382685041112,fox
https://www.foxnews.com/video/6382683819112,fox
https://www.foxnews.com/video/6382683994112,fox
https://www.foxnews.com/video/6382681749112,fox
https://www.foxnews.com/video/6382680162112,fox
https://www.foxnews.com/opinion/thatcher-100-lessons-civility-strength-and-enduring-alliances,fox
https://www.foxnews.com/politics/trump-starts-week-middle-east-overseeing-historic-peace-agreement,fox
https://www.foxnews.com/video/6382659907112,fox
https://www.foxnews.com/video/6382658227112,fox
https://www.foxnews.com/world/us-syrian-troops-come-under-fire-while-patrol-report,fox
https://www.foxnews.com/world/israel-announces-killed-one-architects-oct-7-attacks,fox
https://www.foxnews.com/world/maduros-heirs-human-rights-violators-corrupt-enforcers-ruthless-loyalists,fox
https://www.foxnews.com/world/israeli-official-issues-stark-warning-after-chilling-syrian-military-war-chants-surface,fox
https://www.foxnews.com/world/syria-registers-first-jewish-organization-nations-history,fox
https://www.foxnews.com/world/israel-unveils-iron-beam-laser-weapon-while-achieving-record-15b-arms-sales,fox
https://www.foxnews.com/world/nato-secretary-general-warns-russia-could-target-alliance-members-next-amid-rising-tensions,fox
https://www.foxnews.com/world/putin-doubles-down-backing-maduro-amid-mounting-us-pressure-venezuela,fox
https://www.foxnews.com/world/zelenskyy-appears-change-his-mind-holding-elections-after-trumps-criticism,fox
https://www.foxnews.com/world/trump-pressures-zelenskyy-new-elections-warns-ukraine-a-point-where-its-not-democracy-anymore,fox
https://www.foxnews.com/entertainment/fox-news-entertainment-newsletter-dick-van-dykes-secrets-long-life-mila-kunis-head-her-hoa,fox
https://www.foxnews.com/politics/bolivia-pivots-us-breaks-from-china-maduro-years-leftist-rule,fox
https://www.foxnews.com/world/archaeologists-uncover-rare-fresco-jesus-town-pope-leo-xiv-recently-visited,fox
https://www.foxnews.com/world/venezuelan-dissident-machado-credits-trump-advancing-freedom-movement-dedicates-nobel-him,fox
https://www.foxnews.com/us/disturbing-allegations-surface-chilling-audio-after-michigan-coachs-firing-more-top-headlines,fox
https://www.foxnews.com/politics/trump-administration-sanctions-maduros-narco-nephews-after-biden-granted-them-clemency,fox
https://www.foxnews.com/world/skydiver-survives-after-reserve-parachute-accidentally-deploys-leaving-him-dangling-from-flying-airplane,fox
https://www.foxnews.com/us/erika-kirk-blasts-conspiracy-theories-surrounding-husband-charlie-kirks-death-more-top-headlines,fox
https://www.foxnews.com/politics/environmental-group-sues-trump-replacing-national-park-pass-photo-his-own-image,fox
https://www.foxnews.com/world/uk-faces-backlash-teacher-dismissed-telling-student-britain-christian-country,fox
https://www.foxnews.com/us/dems-score-rare-florida-win-trump-backed-candidate-defeated-miami-more-top-headlines,fox
https://www.foxnews.com/world/syrians-mark-first-year-since-assads-fall-us-signals-new-era-relations,fox
https://www.foxnews.com/politics/zelenskyy-ready-present-new-peace-proposals-us-russia-after-working-european-talks,fox
https://www.foxnews.com/world/belgium-balks-eu-plan-seize-russian-assets-citing-fear-kremlin-retaliation,fox
https://www.foxnews.com/world/depart-immediately-state-department-warns-americans-al-qaeda-threatens-overrun-african-nation,fox
https://www.foxnews.com/us/erika-kirk-shares-message-behind-charlies-final-book-more-top-headlines,fox
https://www.foxnews.com/politics/fox-news-politics-newsletter-trump-critic-jasmine-crockett-shakes-up-senate-race,fox
https://www.foxnews.com/video/6386452999112,fox
https://www.foxnews.com/video/6386446872112,fox
https://www.foxnews.com/video/6386443237112,fox
https://www.foxnews.com/video/6386443524112,fox
https://www.foxnews.com/video/6386443519112,fox
https://www.foxnews.com/video/6386439958112,fox
https://www.foxnews.com/video/6385989218112,fox
https://www.foxnews.com/opinion/new-film-probes-un-agencys-alleged-terror-ties-claims-fueled-israeli-palestinian-conflict,fox
https://www.foxnews.com/video/6385585506112,fox
https://www.foxnews.com/world/us-backed-aid-group-ends-gaza-mission-after-defying-hamas-threats-un-criticism,fox
https://www.foxnews.com/entertainment/nicki-minaj-transforms-from-queen-rap-trumps-leading-ally-nigeria,fox
https://www.foxnews.com/video/6385326682112,fox
https://www.foxnews.com/video/6385323623112,fox
https://www.foxnews.com/sports/un-urges-countries-honor-truce-during-winter-olympics-not-deny-visas-any-nations-athletes,fox
https://www.foxnews.com/video/6385285276112,fox
https://www.foxnews.com/world/netanyahu-calls-neighboring-nations-join-israel-expelling-hamas-from-region,fox
https://www.foxnews.com/world/nicki-minaj-praised-spotlighting-christian-persecution-nigeria-body-count-just-too-high-ignore,fox
https://www.foxnews.com/politics/un-security-council-backs-trumps-gaza-peace-plan-after-waltz-calls-territory-hell-earth,fox
https://www.foxnews.com/politics/unlikely-duet-nicki-minaj-un-ambassador-join-voices-against-christian-persecution-nigeria,fox
https://www.foxnews.com/world/un-staff-haiti-told-stay-off-streets-gang-coalition-flexes-muscle-us-marines-face-gunfire,fox
https://www.foxnews.com/world/us-seeks-un-authorization-gaza-international-force-lasting-through-2027-under-trump-plan,fox
https://www.foxnews.com/politics/un-ambassador-waltz-reveals-trumps-middle-east-peace-plan-only-way-forward,fox
https://www.foxnews.com/world/african-union-chief-denies-genocide-claims-against-christians-cruz-warns-nigerian-officials,fox
https://www.foxnews.com/video/6385021860112,fox
https://www.foxnews.com/world/trump-host-syrian-president-historic-white-house-meeting-amid-push-regional-peace,fox
https://www.foxnews.com/opinion/survivors-call-americas-stand-persecuted-christians-nigeria,fox
https://www.foxnews.com/world/trump-admin-pushes-gaza-peace-plan-history-shows-un-peacekeepings-mixed-record,fox
https://www.foxnews.com/world/trump-admin-pressures-lebanon-disarm-hezbollah-envoy-calls-nation-failed-state,fox
https://www.foxnews.com/video/6384087643112,fox
https://www.foxnews.com/world/experts-slam-un-court-ruling-israel-warn-opinion-also-a-real-danger-us,fox
https://www.foxnews.com/world/experts-urge-trump-ban-terror-linked-un-agency-from-his-gaza-peace-plan,fox
https://www.foxnews.com/politics/gop-bill-targets-united-nations-global-carbon-tax-scheme,fox
https://www.foxnews.com/world/gaza-famine-claims-face-mounting-scrutiny-mortality-data-falls-far-short-predictions,fox
https://www.foxnews.com/politics/un-postpones-vote-global-carbon-tax-after-trump-led-pushback,fox
https://www.foxnews.com/media/az-senate-president-urges-university-arizona-join-trumps-new-higher-ed-reform-compact,fox
https://www.foxnews.com/world/uproar-un-elects-china-iran-human-rights-council-positions-without-shame,fox
https://www.foxnews.com/politics/white-house-turns-expanding-abraham-accords-after-israel-hamas-ceasefire,fox
https://www.foxnews.com/politics/could-trump-win-nobel-peace-prize-after-israel-hamas-deal,fox
https://www.foxnews.com/politics/houthi-rebels-test-us-ceasefire-deadly-strike-cargo-ship,fox
https://www.foxnews.com/world/mike-waltz-sees-trumps-gaza-plan-once-in-a-generation-opportunity-for-peace,fox
https://www.foxnews.com/video/6380600161112,fox
https://www.foxnews.com/world/israeli-diplomat-blasts-staged-walkout-ahead-netanyahu-speech-talks-holiday-scheduling-controversy,fox
https://www.foxnews.com/video/6380343664112,fox
https://www.foxnews.com/video/6380230594112,fox
https://www.foxnews.com/video/6380163022112,fox
https://www.foxnews.com/video/6380205048112,fox
https://www.foxnews.com/world/russias-sergey-lavrov-warns-nato-countries-unga-speech-after-trump-shifts-tone-ukraine,fox
https://www.foxnews.com/video/6380185324112,fox
https://www.foxnews.com/video/6380175764112,fox
https://www.foxnews.com/video/6380173941112,fox
https://www.foxnews.com/world/un-security-council-rejects-china-russia-resolution-extend-iran-nuclear-sanctions-relief-before-deadline,fox
https://www.foxnews.com/politics/trump-administration-official-physically-assaulted-unga-deranged-leftist-white-house-says,fox
https://www.foxnews.com/world/iranian-americans-dissidents-rallied-against-murderous-regime-agents-irans-president-addressed-unga,fox
https://www.foxnews.com/politics/netanyahu-broadcasts-united-nations-message-gaza-accusing-world-leaders-appeasing-evil,fox
https://www.foxnews.com/video/6380154979112,fox
https://www.foxnews.com/video/6380145587112,fox
https://www.foxnews.com/world/un-delegates-walk-out-netanyahu-address-after-cheering-palestinian-leader-day-before,fox
https://www.foxnews.com/video/6380143425112,fox
https://www.foxnews.com/video/6380141594112,fox
https://www.foxnews.com/politics/waltz-calls-un-mishaps-trump-speech-unacceptable-vows-funding-freeze-reforms,fox
https://www.foxnews.com/world/un-gives-long-round-applause-after-palestinian-authority-president-accuses-israel-genocide,fox
https://www.foxnews.com/video/6380107516112,fox
https://www.foxnews.com/politics/trump-accuses-london-wanting-sharia-law-un-speech-mayor-hits-back,fox
https://www.foxnews.com/world/trump-gets-praise-un-lithuanias-president-warns-putin-respects-only-strength,fox
https://www.foxnews.com/video/6380102126112,fox
https://www.foxnews.com/opinion/trumps-un-speech-reveals-inconvenient-truth-massive-green-energy-costs,fox
https://www.foxnews.com/world/syrian-presidents-historic-un-speech-joined-thousands-rallying-outside-peace-trumps-support,fox
https://www.foxnews.com/video/6380096783112,fox
https://www.foxnews.com/world/zelenskyy-un-weak-global-bodies-cant-stop-putin-only-friends-weapons-can,fox
https://www.foxnews.com/world/abbas-address-un-after-visa-clash-us-questions-swirl-over-hamas,fox
https://www.foxnews.com/entertainment/violet-affleck-demands-clean-air-un-powerless-over-dad-getting-off-cigarettes-expert,fox
https://www.foxnews.com/video/6380066614112,fox
https://www.foxnews.com/video/6380063539112,fox
https://www.foxnews.com/world/france-defends-palestinian-recognition-un-says-move-defeats-hamas-not-rewards,fox
https://www.foxnews.com/politics/iran-president-accuses-us-grave-betrayal-nuclear-strikes-unga-speech,fox
https://www.foxnews.com/video/6380052519112,fox
https://www.foxnews.com/media/waltz-warns-putin-trump-not-messing-around-call-shoot-down-russian-aircraft-nato-airspace,fox
https://www.foxnews.com/video/6380045475112,fox
https://www.foxnews.com/politics/unga-nuclear-threats-from-north-korea-loom-quietly-behind-wars-gaza-ukraine,fox
https://www.foxnews.com/video/6380038886112,fox
https://www.foxnews.com/politics/world-leaders-laugh-squirm-trump-blasts-un-climate-ukraine-gaza-general-assembly,fox
https://www.foxnews.com/video/6380039408112,fox
https://www.foxnews.com/opinion/uns-betrayal-israels-fight-for-truth,fox
https://www.foxnews.com/world/syrias-new-president-takes-center-stage-unga-concerns-linger-over-terrorist-past,fox
https://www.foxnews.com/video/6380021850112,fox
https://www.foxnews.com/video/6380017936112,fox
https://www.foxnews.com/video/6380015834112,fox
https://www.foxnews.com/video/6380015778112,fox
https://www.foxnews.com/video/6380014285112,fox
https://www.foxnews.com/video/6380012119112,fox
https://www.foxnews.com/politics/melania-trump-declares-the-moment-now-new-global-childrens-initiative-un,fox
https://www.foxnews.com/politics/leavitt-calls-firing-investigation-un-escalator-malfunction-trumps-intentional,fox
https://www.foxnews.com/video/6380004743112,fox
https://www.foxnews.com/media/european-leader-praises-trumps-peace-through-strength-keeping-country-safe-from-conflict,fox
https://www.foxnews.com/politics/watch-macron-calls-trump-after-presidential-motorcade-blocks-him-nyc-traffic,fox
https://www.foxnews.com/video/6380000863112,fox
https://www.foxnews.com/politics/baltic-leaders-rip-un-security-council-powerless-while-russia-holds-veto-seat,fox
https://www.foxnews.com/video/6379995509112,fox
https://www.foxnews.com/video/6379988572112,fox
https://www.foxnews.com/world/trump-mocks-nato-allies-funding-war-against-themselves-russian-energy-purchases,fox
https://www.foxnews.com/video/6379997052112,fox
https://www.foxnews.com/video/6379994901112,fox
https://www.foxnews.com/video/6379993016112,fox
https://www.foxnews.com/politics/trump-slams-un-creating-new-problems-questions-its-role-fiery-unga-speech,fox
https://www.foxnews.com/politics/trump-denounces-european-recognition-palestinian-state-reward-hamas,fox
https://www.foxnews.com/politics/trump-draws-laughs-from-world-leaders-moments-un-speech,fox
https://www.foxnews.com/video/6379982336112,fox
https://www.foxnews.com/politics/waltz-root-out-antisemitism-eliminate-woke-programs-get-back-basics-united-nations,fox
https://www.foxnews.com/us/secret-service-dismantles-telecommunications-threat-near-un-general-assembly-new-york,fox
https://www.foxnews.com/politics/trump-give-tough-talk-globalism-failures-while-highlighting-return-american-strength-unga,fox
https://www.foxnews.com/video/6379966597112,fox
https://www.foxnews.com/video/6379966293112,fox
https://www.foxnews.com/politics/israel-calls-un-push-palestine-statehood-charade-warns-consequences-recognition-moves,fox
https://www.foxnews.com/video/6379943295112,fox
https://www.foxnews.com/politics/waltz-promises-us-defend-every-inch-nato-territory-after-russian-jets-flew-estonia,fox
https://www.foxnews.com/politics/trump-must-make-un-funding-conditional-real-reforms-ex-diplomat-urges,fox
https://www.foxnews.com/video/6379804891112,fox
https://www.foxnews.com/video/6379887079112,fox
https://www.foxnews.com/politics/trumps-final-cabinet-pick-mike-waltz-confirmed-senate-narrow-vote,fox
https://www.foxnews.com/world/unrwa-schools-hijacked-hamas-watchdog-report-warns,fox
https://www.foxnews.com/world/cruz-slams-uns-israel-genocide-charge-pushes-consequences,fox
https://www.foxnews.com/world/gift-hamas-trump-administration-blasts-un-palestinian-statehood-vote,fox
https://www.foxnews.com/opinion/un-stage-hypocrisy-its-time-democracies-exit,fox
https://www.foxnews.com/world/no-means-escape-sudanese-rebels-create-kill-zones-around-besieged-city,fox
https://www.foxnews.com/opinion/friends-like-pushing-dismantle-trumps-middle-east-peace-deal-who-needs-enemies,fox
https://www.foxnews.com/opinion/we-must-ensure-aid-gets-hands-innocent-palestinians-not-hamas,fox
https://www.foxnews.com/world/new-study-says-aid-theft-terror-groups-regimes-prolonging-global-conflicts,fox
https://www.foxnews.com/world/israel-accuses-un-backed-gaza-famine-report-political-manipulation-demands-withdrawal,fox
https://www.foxnews.com/politics/rubio-denies-visas-palestinian-leaders-un-general-assembly-citing-terror-support,fox
https://www.foxnews.com/politics/trump-pick-un-aviation-office-has-long-history-donating-dems-nikki-haley,fox
https://www.foxnews.com/world/uk-france-germany-trigger-un-sanctions-iran-over-significant-nuclear-program-defiance,fox
https://www.foxnews.com/world/israel-pushes-back-tailor-made-un-backed-report-claiming-gaza-famine,fox
https://www.foxnews.com/opinion/mike-pompeo-how-trump-save-lebanon-irans-influence,fox
https://www.foxnews.com/politics/john-boltons-home-raided-federal-agents-sources-say,fox
https://www.foxnews.com/video/6377217966112,fox
https://www.foxnews.com/world/israel-says-un-misleads-world-gaza-aid-stolen-diverted-from-civilians,fox
https://www.foxnews.com/video/6376999960112,fox
https://www.foxnews.com/world/exclusive-whistleblower-alleges-misconduct-united-nations-gaza,fox
https://www.foxnews.com/world/french-drafted-unifil-resolution-could-shield-hezbollah-us-stays-silent,fox
https://www.foxnews.com/world/netanyahu-expands-scope-planned-gaza-takeover-says-israel-no-choice-finish-job,fox
https://www.foxnews.com/politics/trump-nominates-state-department-spokeswoman-tammy-bruce-un-deputy-representative,fox
https://www.foxnews.com/world/brother-israeli-hostage-urges-un-act-after-video-shows-hamas-starving-torturing-captives,fox
https://www.foxnews.com/world/inside-look-gaza-humanitarian-situation-israel-weighs-next-steps,fox
https://www.foxnews.com/world/israel-faces-blame-hunger-crisis-gaza-uns-own-data-shows-most-its-aid-looted,fox
https://www.foxnews.com/world/us-report-urges-un-agencys-shutdown-over-hamas-ties-oct-7-terror-links,fox
https://www.foxnews.com/world/canada-plans-recognize-palestinian-state-september-pm-carney-says,fox
https://www.foxnews.com/world/iran-more-than-doubles-state-executions-first-half-2025,fox
https://www.foxnews.com/world/trump-rejects-macron-move-us-skips-un-summit-palestinian-state,fox
https://www.foxnews.com/world/israel-announces-immediate-resumption-gaza-aid-airdrops-amid-growing-hunger-crisis,fox
https://www.foxnews.com/world/french-president-emmanuel-macron-recognize-state-palestine-september-un-general-assembly,fox
https://www.foxnews.com/world/hamas-hardens-stance-ceasefire-talks-netanyahu-recalls-negotiation-team,fox
https://www.foxnews.com/world/un-court-rules-wealthy-nations-pay-climate-change-damages-controversial-global-ruling,fox
https://www.foxnews.com/world/iran-doubles-down-refusal-end-nuclear-program-ready-war-israel,fox
https://www.foxnews.com/world/huckabee-hits-back-countries-side-terror-group-hamas,fox
https://www.foxnews.com/video/6375972726112,fox
https://www.foxnews.com/politics/trump-pulls-us-out-un-agency-over-its-backing-woke-social-causes,fox
https://www.foxnews.com/world/iran-seeks-china-russia-help-stall-un-sanctions-ahead-nuclear-talks-europeans,fox
https://www.foxnews.com/politics/iran-faces-august-deadline-accept-comprehensive-nuclear-deal-face-renewed-un-sanctions,fox
https://www.foxnews.com/world/irans-leader-threatens-even-bigger-blow-against-us-trump-says-hes-no-rush-talk,fox
https://www.foxnews.com/media/chris-rufo-lays-out-reforms-trump-administration-how-save-higher-education,fox
https://www.foxnews.com/world/israel-slams-un-ignoring-aid-already-gaza-while-demanding-more,fox
https://www.foxnews.com/politics/profound-cowardice-booker-slams-waltz-lack-leadership-accountability-signalgate,fox
https://www.foxnews.com/world/iran-vows-retaliation-un-security-council-issues-snapback-sanctions-anniversary-nuclear-deal,fox
https://www.foxnews.com/opinion/heres-how-we-take-america-first-united-nations,fox
https://www.foxnews.com/world/israel-hamas-talks-drag-aid-group-chair-tells-un-stop-acting-like-mafia,fox
https://www.foxnews.com/world/us-backed-group-delivers-70-million-meals-un-ngos-fight-discredit-gaza-aid-rival,fox
https://www.foxnews.com/world/rubio-slams-un-official-political-economic-warfare-america-israel,fox
https://www.foxnews.com/world/us-backed-gaza-aid-group-launches-bold-new-system-deliver-food-directly-families,fox
https://www.foxnews.com/world/israels-quest-for-justice-exposes-hamas-systematic-sexual-violence-campaign-during-october-7-massacre,fox
https://www.foxnews.com/world/un-blasted-funding-committee-created-destroy-jewish-state-despite-budget-crisis,fox
https://www.foxnews.com/world/un-report-targeting-israel-sparks-backlash-author-accused-overstepping-her-mandate,fox
https://www.foxnews.com/video/6375255667112,fox
https://www.foxnews.com/world/un-expert-repeats-israel-genocide-claims-after-us-calls-her-removal,fox
https://www.foxnews.com/world/revealed-extensive-perks-un-officials-receive-while-ordering-budget-cuts,fox
https://www.foxnews.com/world/trump-does-uns-job-world-stage-leads-peace-while-secretary-general-earns-more-anti-us-body,fox
https://www.foxnews.com/world/venezuelan-opposition-member-rescued-from-caracas-addresses-un,fox
https://www.foxnews.com/world/belarusian-dissident-thanks-trump-admin-his-freedom-demands-un-act,fox
https://www.foxnews.com/world/uns-atomic-agencys-iran-policy-gets-mixed-reviews-from-experts-after-us-israel-obliterate-nuclear-sites,fox
https://www.foxnews.com/world/un-chief-praises-trump-iran-israel-cease-fire-days-after-condemning-us-strikes,fox
https://www.foxnews.com/video/6374763183112,fox
https://www.foxnews.com/video/6374745138112,fox
https://www.foxnews.com/video/6374712251112,fox
https://www.foxnews.com/video/6374703404112,fox
https://www.foxnews.com/world/un-security-council-israels-ambassador-slams-iranian-hypocrisy,fox
https://www.foxnews.com/video/6374628184112,fox
https://www.foxnews.com/world/un-nuclear-chief-says-iran-has-material-build-bombs-no-plan-do-so,fox
https://www.foxnews.com/world/decision-day-approaches-trump-admin-controversial-un-force-failed-disarm-hezbollah,fox
https://www.foxnews.com/world/un-commission-accuses-israel-extermination-controversial-report,fox
https://www.foxnews.com/world/us-still-has-no-un-ambassador-world-leaders-convene-amid-multi-front-crises,fox
https://www.foxnews.com/opinion/i-know-why-un-security-council-irrelevant-gaza-i-when-us-stood-up-israel,fox
https://www.foxnews.com/video/6374217082112,fox
https://www.foxnews.com/world/hamas-attack-aid-workers-leaves-eight-dead-org-fears-some-were-taken-hostage,fox
https://www.foxnews.com/world/people-gaza-thanking-trump-aid-leader-us-backed-org-says,fox
https://www.foxnews.com/politics/trump-administration-defends-us-israeli-sovereignty-new-sanctions-four-international-criminal-court-judges,fox
https://www.foxnews.com/world/hamas-working-sabotage-trump-backed-aid-group-fake-news-israeli-official,fox
https://www.foxnews.com/politics/federal-appeals-court-throws-roadblock-trumps-education-reform-agenda,fox
https://www.foxnews.com/world/trump-admin-stands-israel-rejects-un-resolution-backed-uk-france,fox
https://www.foxnews.com/video/6373879333112,fox
https://www.foxnews.com/opinion/theres-way-aid-gaza-i-know-my-foundation-helped-deliver-7-million-meals-without-incident,fox
https://www.foxnews.com/world/israeli-officials-object-expected-un-security-council-ceasefire-resolution,fox
https://www.foxnews.com/world/huckabee-condemns-efforts-erase-jewish-history-holy-land-absurd,fox
https://www.foxnews.com/world/israeli-ambassador-slams-uns-mafia-like-tactics-against-us-backed-gaza-foundation,fox
https://www.foxnews.com/video/6373577713112,fox
https://www.foxnews.com/opinion/danny-danon-un-officials-fueling-blood-libels-after-dc-terror-attack-israeli-diplomats,fox
https://www.foxnews.com/world/new-us-backed-aid-group-begins-distributing-food-war-torn-gaza,fox
https://www.foxnews.com/opinion/father-american-israeli-held-hamas-593-days-demands-un-act-bring-son-home,fox
https://www.foxnews.com/video/6373170973112,fox
https://www.foxnews.com/opinion/paul-mauro-new-orleans-jailbreak-exposes-flat-out-failures-federal-oversight,fox
https://www.foxnews.com/world/trump-hostage-envoy-dismisses-report-israel-abandonment-threat-fake-news,fox
https://www.foxnews.com/video/6373071898112,fox
https://www.foxnews.com/world/israeli-ambassador-lashes-out-un-official-condemns-uk-france-canada-statement-aid,fox
https://www.foxnews.com/world/israel-turns-tables-un-official-claiming-genocide-gaza-basic-questions,fox
https://www.foxnews.com/world/un-said-stalling-reforms-hopes-democrats-flip-house-midterm-elections,fox
https://www.foxnews.com/world/un-revisits-killer-robot-regulations-concerns-about-ai-controlled-weapons-grow,fox
https://www.foxnews.com/video/6372769874112,fox
https://www.foxnews.com/politics/senate-democrats-predicting-brutal-un-ambassador-confirmation-hearing-mike-waltz,fox
https://www.foxnews.com/politics/trump-tap-new-national-security-advisor-6-months-calls-waltz-move-upgrade,fox
https://www.foxnews.com/world/republican-senators-move-block-somalia-funding-until-allies-pay-fair-share,fox
https://www.foxnews.com/world/former-trump-official-slams-un-reform-efforts-eight-half-years-late,fox
https://www.foxnews.com/video/6372186319112,fox
https://www.foxnews.com/politics/trump-nominates-waltz-high-level-post-after-ousting-him-national-security-advisor,fox
https://www.foxnews.com/world/moscow-returns-body-ukrainian-journalist-killed-russian-captivity-bearing-signs-significant-torture,fox
https://www.foxnews.com/world/watchdog-org-calls-sanctions-against-un-appointee-accused-antisemitism,fox
https://www.foxnews.com/video/6372113192112,fox
https://www.foxnews.com/world/israeli-foreign-minister-slams-un-calls-rotten-anti-israel-antisemitic-body,fox
https://www.foxnews.com/world/un-cash-app-gazans-exploited-hamas-terror-group-steals-aid-money-meant-civilians,fox
https://www.foxnews.com/us/trumps-doj-says-un-agency-can-sued-oct-7-attacks-reversing-biden-era-position,fox
https://www.foxnews.com/world/nuclear-watchdog-urges-trust-verify-iran-engages-good-faith-negotiations,fox
https://www.foxnews.com/opinion/un-marks-holocaust-remembrance-day-redefining-holocaust-comparing-israelis-nazis,fox
https://www.foxnews.com/politics/american-victims-terrorism-could-soon-sue-international-orgs-cruzs-bill-passes,fox
https://www.foxnews.com/world/need-reform-un-media-department-carrying-out-anti-israel-agenda,fox
https://www.foxnews.com/opinion/5-critical-reasons-why-next-antisemitism-envoy-must-think-bigger,fox
https://www.foxnews.com/world/time-running-out-stop-iran-from-making-nuclear-bomb-dangerous-territory,fox
https://www.foxnews.com/world/hamas-terror-outlet-quietly-cuts-gaza-death-count-reveals-most-killed-were-combat-age-men,fox
https://www.foxnews.com/video/6371145361112,fox
https://www.foxnews.com/world/un-official-reappointed-despite-accusations-antisemitism,fox
https://www.foxnews.com/video/6371089686112,fox
https://www.foxnews.com/world/indias-parliament-passes-bill-would-change-muslim-land-endowments,fox
https://www.foxnews.com/world/trump-urged-review-un-immunity-lax-visa-rules-amid-national-security-concerns-critics-say,fox
https://www.foxnews.com/politics/un-watchdog-project-calls-doge-caucus-audit-international-org,fox
https://www.foxnews.com/politics/republicans-seek-block-reappointment-un-official-accused-antisemitism,fox
https://www.foxnews.com/politics/blindsided-how-stefaniks-trump-nomination-un-ambassador-imploded,fox
https://www.foxnews.com/politics/hitchhikers-guide-stefanik-withdrawal-un-ambassador-nominee,fox
https://www.foxnews.com/video/6370648523112,fox
https://www.foxnews.com/world/human-rights-council-blocks-watchdog-chief-from-criticizing-un-official-accused-antisemitism,fox
https://www.foxnews.com/video/6370592661112,fox
https://www.foxnews.com/opinion/beware-new-un-human-rights-council-move-aiming-prosecute-israeli-us-troops-around-world,fox
https://www.foxnews.com/world/un-blames-israelis-attack-compound-doesnt-mention-hamas-says-forced-reduce-gaza-footprint,fox
https://www.foxnews.com/world/doge-usaid-budget-cuts-hit-un-worst-liquidity-crisis-since-its-establishment,fox
https://www.foxnews.com/opinion/i-bidens-man-room-un-security-council-dont-let-russia-china-take-over,fox
https://www.foxnews.com/world/freed-israeli-hostage-tells-un-no-more-excuses-says-aid-feeding-terrorists,fox
https://www.foxnews.com/world/un-official-denies-seeing-a-shred-evidence-showing-staff-gaza-held-hostages,fox
https://www.foxnews.com/world/netanyahu-slams-terrorist-supporting-un-council-accused-israel-committing-sexual-crimes,fox
https://www.foxnews.com/video/6369970816112,fox
https://www.foxnews.com/world/israel-says-hamas-sent-toddler-military-outpost,fox
https://www.foxnews.com/world/un80-initiative-appears-show-world-bodys-panic-over-possible-doge-like-cuts,fox
https://www.foxnews.com/politics/iran-china-russia-huddle-nuclear-talks-while-un-meets-behind-closed-doors-possible-sanctions,fox
https://www.foxnews.com/politics/trump-picks-michael-george-desombre-represent-us-east-asia-pacific,fox
https://www.foxnews.com/world/new-study-shuts-down-icc-charges-against-israel-over-gaza-starvation-claims,fox
https://www.foxnews.com/world/tulsi-gabbards-warning-senate-syria-proves-prophetic-al-qaeda-linked-regime-slaughters-minorities,fox
https://www.foxnews.com/world/un-draft-report-children-conflict-zones-raises-eyebrows-framing-israelis,fox
https://www.foxnews.com/world/un-says-186-missing-least-2-dead-after-migrant-boats-capsize-off-yemen-djibouti,fox
https://www.foxnews.com/world/un-prepping-spending-cuts-doge-roots-out-waste-us-internal-docs-show,fox
https://www.foxnews.com/world/pause-us-foreign-aid-has-un-panic-over-funding-cuts-trump-says-world-body-not-being-well-run,fox
https://www.foxnews.com/politics/texas-lawmaker-reveals-which-threatening-migration-efforts-he-would-like-slash,fox
https://www.foxnews.com/world/american-censored-un-human-rights-council-accused-using-disrespectful-language,fox
https://www.foxnews.com/world/serbian-president-says-he-mistakenly-voted-russia-ukraines-resolution-i-was-probably-tired,fox
https://www.foxnews.com/world/former-hamas-hostage-briefs-un-security-council-pure-hell-captivity-gaza,fox
https://www.foxnews.com/video/6369310778112,fox
https://www.foxnews.com/world/us-votes-against-condemning-russia-ukraine-war-trump-admin-chases-peace-deal,fox
https://www.foxnews.com/world/israels-ambassador-slams-uns-silence-hamas-has-no-resolutions,fox
https://www.foxnews.com/world/israels-un-ambassador-slams-hamas-evil-depraved-display-hostages-coffins,fox
https://www.foxnews.com/politics/no-sane-country-would-stand-this-lawmakers-launch-effort-withdraw-u-s-from-united-nations,fox
https://www.foxnews.com/world/iranian-crown-prince-calls-global-action-against-khameneis-regime,fox
https://www.foxnews.com/world/un-human-rights-chief-accuses-rwanda-backed-rebels-congo-killing-recruiting-children,fox
https://www.foxnews.com/world/israels-un-ambassador-slams-palestinian-plan-gaza-demands-pa-first-condemn-hamas,fox
https://www.foxnews.com/world/head-un-watchdog-says-unrwa-hired-people-who-were-supporting-terrorism,fox
https://www.foxnews.com/world/un-halts-humanitarian-work-yemens-houthi-stronghold-after-staff-detentions,fox
https://www.foxnews.com/politics/put-down-bong-senator-smokes-uk-prime-minister-senate-floor,fox
https://www.foxnews.com/world/days-before-trump-halted-funding-ex-israeli-hostage-reveals-she-held-unrwa-school-gaza,fox
https://www.foxnews.com/world/netanyahu-gifts-trump-controversial-item-helped-turned-tide-war-against-hezbollah,fox
https://www.foxnews.com/world/us-ally-accuses-biden-admin-using-usaid-tool-interfere-domestic-issues,fox
https://www.foxnews.com/world/experts-slam-un-action-plan-combating-antisemitism-phony-exercise-futility,fox
https://www.foxnews.com/world/un-chief-sounds-alarm-amid-fears-over-possible-doge-inspired-cuts-after-trumps-order,fox
https://www.foxnews.com/politics/trump-removes-us-from-un-human-rights-council-bans-unrwa-funding,fox
https://www.foxnews.com/world/trump-urged-look-us-funding-lebanese-army-amid-accusations-its-ties-hezbollah,fox
https://www.foxnews.com/world/israel-orders-unrwa-cease-operations-country-over-terror-ties-miserably-failed-its-mandate,fox
https://www.foxnews.com/opinion/trumps-foreign-policy-what-expect-from-maga-2-0,fox
https://www.foxnews.com/world/israeli-president-herzog-highlights-antisemitism-un-speech-new-report-shows-shocking-trend,fox
https://www.foxnews.com/us/international-holocaust-remembrance-day-survivor-recounts-how-mother-saved-her-life-reveals-message-un,fox
https://www.foxnews.com/world/13-un-peacekeepers-allied-soldiers-dead-congo-m23-rebels-make-gains-key-city,fox
https://www.foxnews.com/world/israel-tells-un-its-shutting-down-all-unrwa-operations-jerusalem-acute-security-risks,fox
https://www.foxnews.com/world/trumps-pick-un-ambassador-hailed-israeli-minister-warrior-against-antisemitism,fox
https://www.foxnews.com/world/un-urges-diplomacy-iran-hits-nuclear-gas-pedal-conservative-commentator-tells-trump-do-not-appease,fox
https://www.foxnews.com/us/new-migrant-caravan-making-its-way-border-despite-trump-taking-office,fox
https://www.foxnews.com/politics/stefanik-looks-back-fiery-exchanges-college-leaders-senate-confirmation-hearing-watershed-moment,fox
https://www.foxnews.com/video/6367450636112,fox
https://www.foxnews.com/politics/trump-orders-us-withdrawal-from-world-health-organization,fox
https://www.foxnews.com/opinion/harvard-jewish-student-i-know-elise-stefanik-right-person-fight-antisemitism-un,fox
https://www.foxnews.com/politics/stefanik-united-nations-ambassador-confirmation-hearing,fox
https://www.foxnews.com/world/trumps-un-ambassador-pick-elise-stefanik-could-save-taxpayers-millions-taps-musk-ramaswamy-doge,fox
https://www.foxnews.com/world/gang-violence-haiti-record-levels-amid-criticisms-us-has-no-clear-strategy,fox
https://www.foxnews.com/world/us-foes-iran-russia-other-un-diplomats-exempt-from-nyc-congestion-pricing-taxpayers-forced-foot-bill,fox
https://www.foxnews.com/world/poland-adopts-resolution-protecting-netanyahu-from-arrest-he-attends-auschwitz-liberation-commemoration,fox
https://www.foxnews.com/world/israel-sends-report-un-brutal-treatment-used-terrorists-hostages-gaza,fox
https://www.foxnews.com/opinion/unrwa-has-failed-its-time-new-era,fox
https://www.foxnews.com/world/controversy-plagued-un-agency-employed-oct-7-terrorists-facing-new-problems-country-redirects-funding,fox
https://www.foxnews.com/world/iowa-national-guard-soldiers-identified-victims-deadly-syria-isis-attack,fox
https://www.foxnews.com/video/6386439933112,fox
https://www.foxnews.com/video/6386440588112,fox
https://www.foxnews.com/video/6386409684112,fox
https://www.foxnews.com/video/6386385330112,fox
https://www.foxnews.com/video/6386349826112,fox
https://www.foxnews.com/video/6386345114112,fox
https://www.foxnews.com/politics/uk-ready-send-troops-jets-ships-trump-clinches-ukraine-ceasefire-defense-chief-says,fox
https://www.foxnews.com/video/6386329398112,fox
https://www.foxnews.com/video/6386330097112,fox
https://www.foxnews.com/politics/trumps-ukraine-deadline-sparks-rift-capitol-hill-amid-stalled-peace-talks,fox
https://www.foxnews.com/media/democratic-rep-hank-johnson-agreed-america-under-trumps-leadership-great-satan,fox
https://www.foxnews.com/us/ukrainian-woman-charged-over-russian-backed-cyberattacks-10m-reward-offered-others,fox
https://www.foxnews.com/video/6386301583112,fox
https://www.foxnews.com/world/lavrov-warns-europe-retaliation-zelenskyy-opens-reconstruction-talks-trump-officials,fox
https://www.foxnews.com/video/6386253812112,fox
https://www.foxnews.com/video/6386253017112,fox
https://www.foxnews.com/video/6386244937112,fox
https://www.foxnews.com/video/6386208247112,fox
https://www.foxnews.com/opinion/trumps-dc-guard-deployment-didnt-fuel-violence-bidens-afghan-vetting-breakdown-did,fox
https://www.foxnews.com/world/melania-trump-olena-zelenska-spotlight-billion-dollar-russian-plot-abduct-indoctrinate-ukrainian-kids,fox
https://www.foxnews.com/world/ukraines-zelenskyy-yet-read-peace-plan-trump-says,fox
https://www.foxnews.com/video/6386188717112,fox
https://www.foxnews.com/world/thailand-launches-airstrikes-along-cambodia-border-tensions-escalate,fox
https://www.foxnews.com/world/expert-reveals-likely-reason-behind-chernobyls-mysterious-blue-dogs-after-viral-photos,fox
https://www.foxnews.com/world/chechen-leader-threatens-zelenskyy-amid-drone-strike-echoes-alleged-assassination-plot,fox
https://www.foxnews.com/video/6386162945112,fox
https://www.foxnews.com/world/christian-pastors-influencers-join-1000-strong-israel-mission-backing-jewish-state-fighting-antisemitism,fox
https://www.foxnews.com/opinion/advent-peace-demands-action-defend-those-who-risk-lives-worship-freely,fox
https://www.foxnews.com/world/russia-unleashes-major-drone-missile-attack-ukraine-us-diplomatic-talks-continue,fox
https://www.foxnews.com/video/6386130743112,fox
https://www.foxnews.com/politics/afghan-watchdog-us-taxpayer-funded-weapons-left-behind-have-formed-core-taliban-security-apparatus,fox
https://www.foxnews.com/video/6386065004112,fox
https://www.foxnews.com/world/iran-fires-ballistic-cruise-missiles-simulated-targets-near-persian-gulf,fox
https://www.foxnews.com/media/ted-cruz-responds-cnn-fact-checking-him-2021-claim-afghan-refugees-werent-properly-vetted,fox
https://www.foxnews.com/video/6385977805112,fox
https://www.foxnews.com/world/putin-rejects-key-parts-us-peace-plan-kremlin-official-warns-europe-faces-new-war-risk-report,fox
https://www.foxnews.com/world/how-terror-groups-shape-somalias-daily-existence-countrys-capital-drives-new-economic-growth,fox
https://www.foxnews.com/world/1-hostage-remains-hamas-after-latest-body-idd,fox
https://www.foxnews.com/politics/ice-protester-who-identified-bin-laden-faces-charges-over-alleged-sexually-explicit-threats-agents,fox
https://www.foxnews.com/video/6385912958112,fox
https://www.foxnews.com/video/6385911398112,fox
https://www.foxnews.com/politics/fbi-probes-possible-ties-national-guard-shooter-shadowy-sect-catalyst-jihad,fox
https://www.foxnews.com/world/ukraine-arrests-british-suspect-who-allegedly-aided-russias-fsb-assassination-plan,fox
https://www.foxnews.com/us/national-guard-shooting-suspect-shouted-allahu-akbar-struck-return-fire-subdued-witness-feds,fox
https://www.foxnews.com/world/no-ukraine-peace-deal-after-lengthy-five-hour-putin-witkoff-kushner-meeting,fox
https://www.foxnews.com/world/taiwan-unveils-40b-defense-spending-plan-counter-china-military-threat-over-next-decade,fox
https://www.foxnews.com/video/6385883176112,fox
https://www.foxnews.com/video/6385872092112,fox
https://www.foxnews.com/world/gaza-militia-leader-forms-rival-force-against-hamas-warns-terrorists-regrouping-amid-ceasefire,fox
https://www.foxnews.com/politics/high-stakes-us-push-ukraine-peace-meets-hard-limits-moscow,fox
https://www.foxnews.com/video/6385821668112,fox
https://www.foxnews.com/video/6385818647112,fox
https://www.foxnews.com/video/6385812330112,fox
https://www.foxnews.com/world/trump-declares-importance-not-derailing-syrias-evolution-prosperous-state,fox
https://www.foxnews.com/politics/wv-gov-gives-update-wounded-guardsman-talks-future-dc-mission-general-says-troops-grieving,fox
https://www.foxnews.com/media/navy-veteran-who-beat-cnn-accuses-federal-judge-bias-ap-defamation-appeal-filing,fox
https://www.foxnews.com/world/eu-official-warns-impunity-russia-would-mark-historic-mistake-huge-proportions,fox
https://www.foxnews.com/world/muslim-dad-sons-allegedly-drowned-teen-over-western-lifestyle-refusing-wear-headscarf,fox
https://www.foxnews.com/world/ukraine-peace-talks-productive-ex-government-official-says-country-rethinking-uncompromising-stance,fox
https://www.foxnews.com/video/6385768043112,fox
https://www.foxnews.com/video/6385766079112,fox
https://www.foxnews.com/video/6385764249112,fox
https://www.foxnews.com/world/rubio-witkoff-meet-ukrainian-officials-push-finalize-deal-zelenskyys-top-negotiator-resigns,fox
https://www.foxnews.com/video/6385761359112,fox
https://www.foxnews.com/video/6385761654112,fox
https://www.foxnews.com/video/6385746825112,fox
https://www.foxnews.com/video/6385740295112,fox
https://www.foxnews.com/us/new-video-emerges-dc-national-guard-shooting,fox
https://www.foxnews.com/video/6385740581112,fox
https://www.foxnews.com/video/6385739005112,fox
https://www.foxnews.com/sports/iran-boycotting-2026-world-cup-draw-ceremony-washington-due-denied-visas-trump-administration,fox
https://www.foxnews.com/politics/abbey-gate-gold-star-father-blisters-biden-after-afghan-national-allegedly-ambushes-2-national-guardsmen-dc,fox
https://www.foxnews.com/world/israel-releases-body-cam-video-deadly-syria-raid-targeting-muslim-brotherhood-affiliated-terrorists,fox
https://www.foxnews.com/video/6385706326112,fox
https://www.foxnews.com/politics/national-guard-shooting-dc-leaves-west-virginia-reeling-top-official-slams-afghanistan-withdrawal,fox
https://www.foxnews.com/world/us-dramatically-escalates-somalia-airstrikes-trump-admin-targets-isis-al-qaeda-terrorists,fox
https://www.foxnews.com/video/6385703388112,fox
https://www.foxnews.com/world/ukrainian-official-yermak-resigns-corruption-probe-encircles-zelenskyy,fox
https://www.foxnews.com/world/maduro-brandishes-sword-rally-he-rails-against-imperialist-aggression-amid-rising-tensions-us,fox
https://www.foxnews.com/video/6385699387112,fox
https://www.foxnews.com/video/6385698436112,fox
https://www.foxnews.com/video/6385698868112,fox
https://www.foxnews.com/video/6385697164112,fox
https://www.foxnews.com/video/6385695102112,fox
https://www.foxnews.com/video/6385669964112,fox
https://www.foxnews.com/us/ex-fbi-special-agent-explains-afghan-vetting-failues-wake-national-guard-ambush-ticking-time-bomb,fox
https://www.foxnews.com/world/putin-calls-trumps-peace-plan-starting-point-he-warns-ukraine-pull-back-face-force,fox
https://www.foxnews.com/video/6385661097112,fox
https://www.foxnews.com/world/momentum-builds-ukraine-peace-push-experts-fear-putin-wont-budge,fox
https://www.foxnews.com/video/6385619715112,fox
https://www.foxnews.com/us/who-dc-national-guardsmen-shooting-suspect-what-know-about-afghan-national-rahmanullah-lakanwal,fox
https://www.foxnews.com/politics/alleged-national-guard-shooter-worked-us-government-entities-afghanistan-including-cia-ratcliffe,fox
https://www.foxnews.com/world/trump-touts-progress-ukraine-russia-deal-admits-its-one-more-difficult-conflicts-solve,fox
https://www.foxnews.com/video/6385608632112,fox
https://www.foxnews.com/video/6385607257112,fox
https://www.foxnews.com/opinion/why-christians-must-stand-israel-jewish-people-amid-surging-antisemitism,fox
https://www.foxnews.com/video/6385603966112,fox
https://www.foxnews.com/video/6385587455112,fox
https://www.foxnews.com/world/russia-warns-may-reject-us-ukraine-peace-plan-fails-uphold-alaska-summit-understandings,fox
https://www.foxnews.com/video/6385582490112,fox
https://www.foxnews.com/world/trump-touts-tremendous-progress-says-hell-meet-putin-zelenskyy-only-when-peace-deal-final,fox
https://www.foxnews.com/politics/trump-pushes-peace-europe-pressure-americas-inside-two-front-gamble,fox
https://www.foxnews.com/world/russia-bombards-kyiv-killing-least-6-trump-peace-plan-moves-forward,fox
https://www.foxnews.com/video/6385565649112,fox
https://www.foxnews.com/video/6385546419112,fox
https://www.foxnews.com/video/6385544456112,fox
https://www.foxnews.com/opinion/five-reasons-trumps-ukraine-plan-deal-putin-cant-afford-refuse,fox
https://www.foxnews.com/video/6385531898112,fox
https://www.foxnews.com/opinion/david-marcus-only-you-can-stop-foreign-info-operations-elon-musk-just-exposed,fox
https://www.foxnews.com/media/nato-chief-sure-trumps-ukraine-russia-peace-plan-succeed-despite-difficult-talks,fox
https://www.foxnews.com/world/some-european-leaders-wary-us-approach-ukraine-peace-talks-uk-france-plan-new-meeting,fox
https://www.foxnews.com/video/6385524901112,fox
https://www.foxnews.com/world/taking-out-hamas-million-dollar-root-tunnel-game-changer-analyst-says,fox
https://www.foxnews.com/video/6385497990112,fox
https://www.foxnews.com/video/6385495121112,fox
https://www.foxnews.com/video/6385490055112,fox
https://www.foxnews.com/politics/trump-admin-disputes-claim-ukraine-peace-plan-russia-wish-list,fox
https://www.foxnews.com/video/6385488281112,fox
https://www.foxnews.com/video/6385474781112,fox
https://www.foxnews.com/video/6385458709112,fox
https://www.foxnews.com/video/6385452310112,fox
https://www.foxnews.com/video/6385425858112,fox
https://www.foxnews.com/world/world-zelenskyy-warns-ukraine-faces-difficult-choice-us-peace-plan-hits-major-hurdle,fox
https://www.foxnews.com/world/israel-hezbollah-border-tensions-rise-terror-group-rearms-resists-us-backed-ceasefire,fox
https://www.foxnews.com/video/6385372440112,fox
https://www.foxnews.com/video/6385368570112,fox
https://www.foxnews.com/video/6385354684112,fox
https://www.foxnews.com/world/netanyahu-backs-israels-proposed-death-penalty-terrorists-amid-intense-public-debate,fox
https://www.foxnews.com/video/6385351088112,fox
https://www.foxnews.com/video/6385328019112,fox
https://www.foxnews.com/video/6385324852112,fox
https://www.foxnews.com/video/6385319477112,fox
https://www.foxnews.com/politics/army-secretary-lands-kyiv-trumps-next-move-russia-ukraine-war,fox
https://www.foxnews.com/world/idf-strikes-hamas-terrorist-targets-across-gaza-following-reported-ceasefire-violation,fox
https://www.foxnews.com/world/iran-backs-maduro-keep-latin-america-foothold-trump-increases-pressure-venezuela,fox
https://www.foxnews.com/world/russian-attack-ukraine-leaves-25-dead-ternopil-after-massive-overnight-strikes,fox
https://www.foxnews.com/video/6385217561112,fox
https://www.foxnews.com/world/ukrainian-major-urges-us-send-tomahawks-clashes-russian-forces-intensify,fox
https://www.foxnews.com/video/6385185045112,fox
https://www.foxnews.com/world/golden-toilet-scandal-zelenskyy-faces-deepest-crisis-yet-allies-accused-100m-wartime-scheme,fox
https://www.foxnews.com/world/biden-admins-diplomatic-failure-niger-leaves-us-without-eyes-sky-terror-fight,fox
https://www.foxnews.com/world/investigation-reveals-putin-uses-multiple-matching-offices-different-locations-conceal-whereabouts,fox
https://www.foxnews.com/politics/zelenskyy-moves-clean-up-ukraines-energy-sector-corruption-scandal-rocks-leadership,fox
https://www.foxnews.com/video/6385155480112,fox
https://www.foxnews.com/world/former-zelenskyy-associate-accused-100-million-embezzlement-scheme,fox
https://www.foxnews.com/politics/trump-administration-stays-silent-massive-ukraine-corruption-scandal-rocks-zelenskys-inner-circle,fox
https://www.foxnews.com/world/kim-jong-un-sends-troops-russia-clear-deadly-minefields-putins-war,fox
https://www.foxnews.com/video/6385073898112,fox
https://www.foxnews.com/world/top-ukrainian-officials-zelenskyy-government-submit-resignations-amid-100-million-corruption-scandal,fox
https://www.foxnews.com/video/6385058184112,fox
https://www.foxnews.com/world/trump-faces-middle-east-test-netanyahu-balks-erdogans-gaza-troop-hopes,fox
https://www.foxnews.com/video/6384974117112,fox
https://www.foxnews.com/world/idf-eliminates-terrorist-another-ceasefire-violation-gaza,fox
https://www.foxnews.com/world/deadly-explosions-india-pakistan-occur-within-24-hours-least-20-dead,fox
https://www.foxnews.com/world/trumps-america-first-strategy-builds-deterrence-through-strong-us-israel-alliance-experts-say,fox
https://www.foxnews.com/politics/iran-smuggled-1b-hezbollah-year-despite-us-sanctions-treasury-official-says,fox
https://www.foxnews.com/opinion/syrias-christians-disappearing-trumps-moment-build-safer-federated-syria,fox
https://www.foxnews.com/world/trumps-warning-nigeria-offers-hope-nations-persecuted-christians,fox
https://www.foxnews.com/world/body-israeli-hostage-who-fought-heroically-defend-community-during-oct-7-massacre-returned-idf,fox
https://www.foxnews.com/world/iran-directed-plot-assassinate-israels-ambassador-mexico-thwarted-officials-reveal,fox
https://www.foxnews.com/video/6384802129112,fox
https://www.foxnews.com/world/north-korea-fires-ballistic-missile-days-after-hegseth-wraps-south-korea-visit,fox
https://www.foxnews.com/media/benjamin-hall-presents-honor-award-named-after-daughter-who-helped-him-survive-ukraine-attack,fox
https://www.foxnews.com/video/6384773009112,fox
https://www.foxnews.com/video/6384772777112,fox
https://www.foxnews.com/sports/riley-gaines-martina-navratilova-lead-sports-coalition-condemning-irans-death-sentence-boxer-javad-sani,fox
https://www.foxnews.com/video/6384620006112,fox
https://www.foxnews.com/world/parents-kayla-mueller-ask-president-trump-bring-daughters-remains-home-from-syria-letter,fox
https://www.foxnews.com/opinion/ruby-chen-my-son-home-from-gaza-our-fight-not-over,fox
https://www.foxnews.com/opinion/trump-praised-douglas-macarthur-he-could-embrace-his-nation-building-iran-too,fox
https://www.foxnews.com/world/from-africa-iran-mamdanis-mayoral-win-draws-praise-from-unexpected-quarters-sharp-criticism,fox
https://www.foxnews.com/opinion/amichai-chikli-israels-minister-combating-antisemitism-warns-mamdani-win-wake-up-call-jews,fox
https://www.foxnews.com/politics/charlotte-mayor-wins-landslide-reelection-despite-controversy-over-iryna-zarutskas-slaying,fox
https://www.foxnews.com/world/hegseth-applauds-south-koreas-plan-take-larger-role-defense-against-north-korean-aggression,fox
https://www.foxnews.com/video/6384528873112,fox
https://www.foxnews.com/world/israel-warns-hezbollah-playing-fire-presses-lebanon-act-weapons-pledge,fox
https://www.foxnews.com/world/zelenskyy-ukraine-confidently-moving-toward-eu-membership-after-european-commission-progress-report,fox
https://www.foxnews.com/politics/bush-hails-cheney-the-one-i-needed-vice-president,fox
https://www.foxnews.com/world/exclusive-tulsi-gabbard-visits-us-led-civil-military-coordination-center-israel-amid-trump-peace-push,fox
https://www.foxnews.com/opinion/president-trumps-historic-peace-plan-could-reshape-middle-east-we-need-act-fast,fox
https://www.foxnews.com/politics/trump-says-tariffs-critical-national-security-supreme-court-prepares-landmark-decision,fox
https://www.foxnews.com/world/trump-confirms-body-american-hostage-omer-neutra-returned-hamas,fox
https://www.foxnews.com/politics/syrias-interim-president-al-sharaa-expected-meet-trump-first-visit-syrian-leader-white-house,fox
https://www.foxnews.com/video/6384424337112,fox
https://www.foxnews.com/world/war-department-escalates-campaign-against-narco-terror-sea-15th-strike-they-not-succeed,fox
https://www.foxnews.com/video/6384389326112,fox
https://www.foxnews.com/world/red-cross-confirms-remains-three-hostages-return-israel-for-first-time-families-await-answers,fox
https://www.foxnews.com/world/ex-mossad-chief-behind-iran-nuclear-warehouse-raid-says-irans-atomic-sites-obliterated-credits-trump,fox
https://www.foxnews.com/media/dem-rep-warns-gop-imagine-who-gets-killed-ocasio-cortez-becomes-president-wields-same-power-trump,fox
https://www.foxnews.com/world/trump-leverage-stop-sudan-killings-satellite-images-reveal-mass-deaths-yale-researchers,fox
https://www.foxnews.com/world/pakistan-threatens-obliterate-taliban-after-peace-talks-fall-apart,fox
https://www.foxnews.com/politics/pentagon-scales-back-troops-from-nato-eastern-flank-denies-american-withdrawal-from-europe,fox
https://www.foxnews.com/world/putin-hails-successful-test-nuclear-powered-underwater-torpedo,fox
https://www.foxnews.com/world/israel-defense-forces-announces-resumption-ceasefire-following-strikes,fox
https://www.foxnews.com/video/6384219347112,fox
https://www.foxnews.com/video/6384199131112,fox
https://www.foxnews.com/politics/trump-dangles-big-you-get-carrot-bid-tempt-kim-jump-start-new-north-korea-talks,fox
https://www.foxnews.com/world/hamas-violates-gaza-ceasefire-attacking-israeli-soldiers-official-says,fox
https://www.foxnews.com/opinion/james-maslow-why-i-stand-israel-amid-rising-tide-antisemitism,fox
https://www.foxnews.com/world/taiwan-general-warns-chinas-military-drills-could-preparation-blockade-war-vows-resist,fox
https://www.foxnews.com/politics/trump-warns-russia-us-has-worlds-greatest-nuclear-submarine-right-off-shores,fox
https://www.foxnews.com/politics/tomahawk-factor-us-long-range-missiles-battlefield-gamechanger-putin-should-fear,fox
https://www.foxnews.com/politics/trumps-focus-turns-japan-south-korea-asia-trip-continues,fox
https://www.foxnews.com/politics/trump-indicates-hed-willing-extend-his-asia-trip-meet-north-koreas-kim-jong-un,fox
https://www.foxnews.com/video/6384101122112,fox
https://www.foxnews.com/video/6384097031112,fox
https://www.foxnews.com/world/trump-witnesses-thailand-cambodia-sign-peace-expansion-months-brokering-ceasefire,fox
https://www.foxnews.com/politics/trump-says-he-wont-waste-time-meeting-putin-unless-ukraine-deal-likely-happen-soon,fox
https://www.foxnews.com/video/6384036477112,fox
https://www.foxnews.com/politics/bipartisan-bill-aims-prevent-syrians-terror-ties-from-reaching-us-border,fox
https://www.foxnews.com/world/anti-hamas-protests-breakout-gaza-strip-over-demands-end-war,fox
https://www.foxnews.com/opinion/us-must-stand-up-terrorists-we-need-supreme-court-congress-do-part,fox
https://www.foxnews.com/video/6386291447112,fox
https://www.foxnews.com/video/6386264252112,fox
https://www.foxnews.com/video/6386251877112,fox
https://www.foxnews.com/video/6386118880112,fox
https://www.foxnews.com/video/6385442565112,fox
https://www.foxnews.com/video/6385062479112,fox
https://www.foxnews.com/video/6384971790112,fox
https://www.foxnews.com/video/6384769025112,fox
https://www.foxnews.com/video/6384763701112,fox
https://www.foxnews.com/video/6384583018112,fox
https://www.foxnews.com/video/6384320450112,fox
https://www.foxnews.com/video/6384197942112,fox
https://www.foxnews.com/video/6384194608112,fox
https://www.foxnews.com/video/6382660947112,fox
https://www.foxnews.com/video/6382633269112,fox
https://www.foxnews.com/video/6382632744112,fox
https://www.foxnews.com/video/6382629643112,fox
https://www.foxnews.com/video/6382621868112,fox
https://www.foxnews.com/video/6382594695112,fox
https://www.foxnews.com/video/6382584356112,fox
https://www.foxnews.com/video/6382574254112,fox
https://www.foxnews.com/video/6386406870112,fox
https://www.foxnews.com/tech/how-future-food-domes-could-change-way-you-eat,fox
https://www.foxnews.com/us/fbi-investigating-more-than-350-subjects-tied-online-764-network,fox
https://www.foxnews.com/video/6386294520112,fox
https://www.foxnews.com/video/6386261512112,fox
https://www.foxnews.com/video/6386258675112,fox
https://www.foxnews.com/video/6386259899112,fox
https://www.foxnews.com/politics/former-uk-pm-truss-warns-nyc-could-face-uk-style-antisemitism-taxes-regulation-under-mamdani-agenda,fox
https://www.foxnews.com/world/honduras-issues-warrant-former-president-pardoned-trump,fox
https://www.foxnews.com/video/6386207619112,fox
https://www.foxnews.com/politics/trump-unleash-12b-farm-rescue-china-trade-reset-hits-us-growers,fox
https://www.foxnews.com/opinion/america-has-respond-united-front-chinas-massive-economic-warfare,fox
https://www.foxnews.com/world/toddler-among-21-victims-pepper-spray-robbery-attack-london-airport,fox
https://www.foxnews.com/video/6386176094112,fox
https://www.foxnews.com/world/nigeria-secures-release-100-abducted-schoolchildren-from-catholic-school-after-weeks-captivity,fox
https://www.foxnews.com/politics/democrats-escalate-war-crime-accusations-white-house-calls-innocent-fisherman-new-maryland-man-hoax,fox
https://www.foxnews.com/world/uk-town-sees-nearly-200-homes-evacuated-over-potential-explosives-threat-2-men-arrested,fox
https://www.foxnews.com/video/6385866943112,fox
https://www.foxnews.com/opinion/us-needs-break-chinas-supply-chain-chokehold-win-tech-race,fox
https://www.foxnews.com/politics/holidays-approach-thanksgiving-becomes-trumps-economic-test,fox
https://www.foxnews.com/world/all-24-kidnapped-nigerian-schoolgirls-rescued-after-armed-attack-kebbi-president,fox
https://www.foxnews.com/politics/trump-trade-official-says-2k-tariff-payments-wont-fuel-inflation-revenues-climb,fox
https://www.foxnews.com/video/6385489633112,fox
https://www.foxnews.com/video/6385467786112,fox
https://www.foxnews.com/sports/fugitive-olympic-snowboarder-faces-new-accusations-feds-raise-reward-his-capture-15m,fox
https://www.foxnews.com/travel/new-details-about-louvre-heist-revealed-officials-announce-stricter-security-measures,fox
https://www.foxnews.com/politics/trump-says-tariff-funded-dividend-payments-americans-begin-next-year,fox
https://www.foxnews.com/politics/raspy-voiced-trump-reveals-reason-he-blew-my-stack-heated-discussion,fox
https://www.foxnews.com/video/6385017018112,fox
https://www.foxnews.com/video/6385002137112,fox
https://www.foxnews.com/video/6384926758112,fox
https://www.foxnews.com/tech/thieves-steal-100m-jewels-from-louvre-after-museum-used-own-name-surveillance-password,fox
https://www.foxnews.com/us/tariffs-push-us-wine-industry-uncertain-territory-really-creates-challenge,fox
https://www.foxnews.com/video/6384822140112,fox
https://www.foxnews.com/video/6384785000112,fox
https://www.foxnews.com/world/mexican-president-sheinbaum-press-charges-after-man-gropes-her-walk,fox
https://www.foxnews.com/travel/tourist-hot-spot-blasted-normalizing-theft-phone-snatching-awareness-campaign,fox
https://www.foxnews.com/video/6384583085112,fox
https://www.foxnews.com/video/6384440769112,fox
https://www.foxnews.com/video/6384440835112,fox
https://www.foxnews.com/video/6384427007112,fox
https://www.foxnews.com/video/6384318091112,fox
https://www.foxnews.com/video/6384313532112,fox
https://www.foxnews.com/video/6384299655112,fox
https://www.foxnews.com/politics/americas-quietest-crop-set-take-center-stage-trump-xi-talks,fox
https://www.foxnews.com/video/6384294455112,fox
https://www.foxnews.com/world/five-more-arrested-louvre-heist-investigation-stolen-crown-jewels-worth-102m-still-missing,fox
https://www.foxnews.com/video/6384286718112,fox
https://www.foxnews.com/video/6384247693112,fox
https://www.foxnews.com/video/6384243961112,fox
https://www.foxnews.com/world/trump-arrives-south-korea-key-talks-ahead-apec-summit-xi-meeting-no-kim-jong-un-reunion,fox
https://www.foxnews.com/opinion/new-study-just-exposed-corruption-behind-americas-homelessness-crisis,fox
https://www.foxnews.com/video/6384161822112,fox
https://www.foxnews.com/video/6384138395112,fox
https://www.foxnews.com/video/6384133880112,fox
https://www.foxnews.com/opinion/trey-gowdy-china-misjudging-trump-trade-may-soon-surprised,fox
https://www.foxnews.com/video/6384098044112,fox
https://www.foxnews.com/video/6384093100112,fox
https://www.foxnews.com/world/french-officials-arrest-multiple-suspects-louvre-crown-jewel-heist,fox
https://www.foxnews.com/video/6384060053112,fox
https://www.foxnews.com/us/independent-nj-candidates-martial-arts-theatrics-shakes-up-township-meeting,fox
https://www.foxnews.com/video/6384046985112,fox
https://www.foxnews.com/video/6384047026112,fox
https://www.foxnews.com/video/6383838601112,fox
https://www.foxnews.com/video/6383767955112,fox
https://www.foxnews.com/world/reporters-notebook-paris-jewel-heist-straight-out-movies,fox
https://www.foxnews.com/video/6383574409112,fox
https://www.foxnews.com/video/6383515805112,fox
https://www.foxnews.com/world/paris-judge-indicts-chinese-woman-theft-gold-nuggets-from-frances-museum-natural-history,fox
https://www.foxnews.com/video/6383432539112,fox
https://www.foxnews.com/video/6383423041112,fox
https://www.foxnews.com/world/photos-priceless-louvre-museum-items-stolen-broad-daylight,fox
https://www.foxnews.com/world/3-killed-us-strike-colombian-eln-vessel-smuggling-narcotics-hegseth-says,fox
https://www.foxnews.com/politics/trump-calls-colombias-petro-a-drug-leader-says-us-aid-end-payments,fox
https://www.foxnews.com/video/6383070377112,fox
https://www.foxnews.com/opinion/should-all-50-states-eliminate-income-tax-understanding-real-trade-offs,fox
https://www.foxnews.com/video/6382756629112,fox
https://www.foxnews.com/politics/trump-calls-xis-rare-earth-move-bad-moment-why-matters-us-national-security-china-ties,fox
https://www.foxnews.com/video/6382658981112,fox
https://www.foxnews.com/video/6382656769112,fox
https://www.foxnews.com/video/6382635697112,fox
https://www.foxnews.com/video/6382627944112,fox
https://www.foxnews.com/video/6382625058112,fox
https://www.foxnews.com/video/6382606092112,fox
https://www.foxnews.com/video/6382599395112,fox
https://www.foxnews.com/video/6382598561112,fox
https://www.foxnews.com/video/6382595569112,fox
https://www.foxnews.com/politics/trump-threatens-massive-china-tariffs-sees-no-reason-meet-xi,fox
https://www.foxnews.com/video/6382557511112,fox
https://www.foxnews.com/video/6382558288112,fox
https://www.foxnews.com/video/6382558676112,fox
https://www.foxnews.com/video/6382557901112,fox
https://www.foxnews.com/video/6382532899112,fox
https://www.foxnews.com/video/6382528731112,fox
https://www.foxnews.com/video/6382517764112,fox
https://www.foxnews.com/video/6382510493112,fox
https://www.foxnews.com/video/6382507780112,fox
https://www.foxnews.com/video/6382496817112,fox
https://www.foxnews.com/video/6382413567112,fox
https://www.foxnews.com/video/6382403654112,fox
https://www.foxnews.com/video/6382391011112,fox
https://www.foxnews.com/video/6382382309112,fox
https://www.foxnews.com/video/6382371761112,fox
https://www.foxnews.com/politics/think-tank-founder-faces-scrutiny-over-china-corporate-ties-despite-decoupling-advocacy,fox
https://www.foxnews.com/video/6382339342112,fox
https://www.foxnews.com/video/6382331493112,fox
https://www.foxnews.com/video/6382314798112,fox
https://www.foxnews.com/video/6382294081112,fox
https://www.foxnews.com/video/6382243062112,fox
https://www.foxnews.com/video/6382234252112,fox
https://www.foxnews.com/video/6382230484112,fox
https://www.foxnews.com/video/6382229697112,fox
https://www.foxnews.com/world/newly-elected-german-mayor-fights-life-after-stabbing-attack,fox
https://www.foxnews.com/video/6382205235112,fox
https://www.foxnews.com/video/6382203788112,fox
https://www.foxnews.com/video/6382147184112,fox
https://www.foxnews.com/video/6382205266112,fox
https://www.foxnews.com/video/6382199826112,fox
https://www.foxnews.com/video/6382190121112,fox
https://www.foxnews.com/video/6382187928112,fox
https://www.foxnews.com/video/6382163162112,fox
https://www.foxnews.com/video/6382159180112,fox
https://www.foxnews.com/video/6382157761112,fox
https://www.foxnews.com/video/6382154833112,fox
https://www.foxnews.com/video/6382152147112,fox
https://www.foxnews.com/video/6382148872112,fox
https://www.foxnews.com/video/6382145122112,fox
https://www.foxnews.com/video/6382143406112,fox
https://www.foxnews.com/video/6382121657112,fox
https://www.foxnews.com/video/6382113752112,fox
https://www.foxnews.com/video/6382101837112,fox
https://www.foxnews.com/video/6380972777112,fox
https://www.foxnews.com/video/6382100247112,fox
https://www.foxnews.com/video/6380612274112,fox
https://www.foxnews.com/video/6382093855112,fox
https://www.foxnews.com/video/6382070092112,fox
https://www.foxnews.com/video/6382067874112,fox
https://www.foxnews.com/video/6382067069112,fox
https://www.foxnews.com/video/6382066701112,fox
https://www.foxnews.com/video/6382044786112,fox
https://www.foxnews.com/video/6382039631112,fox
https://www.foxnews.com/video/6382033225112,fox
https://www.foxnews.com/video/6382018478112,fox
https://www.foxnews.com/video/6381871385112,fox
https://www.foxnews.com/video/6381772690112,fox
https://www.foxnews.com/video/6381757618112,fox
https://www.foxnews.com/video/6381741610112,fox
https://www.foxnews.com/video/6381691673112,fox
https://www.foxnews.com/video/6381688255112,fox
https://www.foxnews.com/video/6381692324112,fox
https://www.foxnews.com/video/6380949932112,fox
https://www.foxnews.com/video/6381579225112,fox
https://www.foxnews.com/politics/trump-tells-mexico-fix-cross-border-sewage-problem-flowing-us-communities-immediately,fox
https://www.foxnews.com/video/6386063502112,fox
https://www.foxnews.com/politics/climate-study-warning-38-trillion-a-year-hit-economy-yanked-faulty-data,fox
https://www.foxnews.com/food-drink/california-escalates-its-war-plastic-grocery-bags-banning-reusable-versions,fox
https://www.foxnews.com/politics/from-mojave-beijing-how-america-quietly-conceded-rare-earth-race,fox
https://www.foxnews.com/politics/zeldin-overhauls-biden-era-water-rule-end-weaponization-led-puddles-trigger-pricy-permits,fox
https://www.foxnews.com/opinion/jane-goodalls-surprising-lesson-death-changed-how-retired-pastor-sees-life,fox
https://www.foxnews.com/politics/epa-chief-wraps-national-tour-critics-slam-deregulation-agenda,fox
https://www.foxnews.com/health/common-cleaning-chemical-tied-spike-liver-disease-across-us-researchers-say,fox
https://www.foxnews.com/politics/green-energy-company-hot-seat-after-bald-eagles-knocked-out-of-skies,fox
https://www.foxnews.com/us/bill-gates-pivots-climate-strategy-focus-poverty-carbon-emissions-reduction,fox
https://www.foxnews.com/politics/flaring-climate-protests-becoming-more-confrontational-free-speech-tested-globally,fox
https://www.foxnews.com/lifestyle/rising-costs-cranberry-farmers-retiring-bogs-wetlands,fox
https://www.foxnews.com/politics/scalise-leads-gop-fight-scotus-stop-radical-lefts-war-american-energy,fox
https://www.foxnews.com/video/6380594563112,fox
https://www.foxnews.com/opinion/protecting-americas-outdoors-patriotic-radical-activism-gets-way,fox
https://www.foxnews.com/opinion/trump-epa-putting-black-americans-back-drivers-seat,fox
https://www.foxnews.com/politics/house-oversight-probes-whether-american-retirees-pension-funds-weaponized-progressive-playbook,fox
https://www.foxnews.com/tech/scientists-extract-silver-from-e-waste-using-cooking-oil,fox
https://www.foxnews.com/us/new-harr-e-robot-lets-you-summon-trash-pickup-like-uber-your-garbage,fox
https://www.foxnews.com/politics/exclusive-house-gop-report-alleges-20b-green-grants-enriched-biden-allies,fox
https://www.foxnews.com/video/6378302569112,fox
https://www.foxnews.com/politics/justice-department-launches-probe-california-epa-over-alleged-diversity-based-hiring-practices,fox
https://www.foxnews.com/politics/epa-urged-axe-funds-radical-climate-project-accuse-training-judges,fox
https://www.foxnews.com/video/6377296984112,fox
https://www.foxnews.com/politics/leftist-taxpayer-funded-academy-sparks-backlash-after-moving-against-trumps-rollback-of-key-regulation,fox
https://www.foxnews.com/health/valley-fever-cases-spike-record-levels-west-coast-state-health-officials-warn,fox
https://www.foxnews.com/video/6377038081112,fox
https://www.foxnews.com/politics/climate-group-scrubs-judges-names-from-website-after-unearthed-chats-unmasked-cozy-ties,fox
https://www.foxnews.com/video/6376795835112,fox
https://www.foxnews.com/politics/federal-judge-halts-expansion-trump-admins-alligator-alcatraz-detention-facility-florida,fox
https://www.foxnews.com/opinion/morning-glory-trump-needs-clean-house-environmental-agencies-abusing-property-rights,fox
https://www.foxnews.com/politics/trump-admin-eyes-overturning-bidens-green-energy-legacy-tune-7b,fox
https://www.foxnews.com/politics/gargantuan-bird-cemeteries-amid-projects-burgums-crosshairs-doi-reins-in-damaging-wind-solar,fox
https://www.foxnews.com/opinion/morning-glory-memo-president-trump-secretary-burgum-director-nesvik,fox
https://www.foxnews.com/politics/major-business-group-intervenes-blunt-newsom-lawsuit-attempting-reinstate-ev-mandates,fox
https://www.foxnews.com/video/6376339010112,fox
https://www.foxnews.com/tech/new-tech-recovers-92-ev-battery-metals,fox
https://www.foxnews.com/video/6376298598112,fox
https://www.foxnews.com/media/climate-activists-demand-end-us-navys-blue-angels-airshow-seattle,fox
https://www.foxnews.com/video/6376134154112,fox
https://www.foxnews.com/politics/us-mexico-tijuana-river-sewage-crisis-deal-massive-win-americans-epa-says,fox
https://www.foxnews.com/politics/epa-announces-workforce-reduction-closure-research-office-part-federal-streamlining,fox
https://www.foxnews.com/video/6375714728112,fox
https://www.foxnews.com/opinion/newsom-just-took-page-from-trump-theres-more-do-keep-california-golden-state,fox
https://www.foxnews.com/video/6375540307112,fox
https://www.foxnews.com/politics/proxy-voting-giants-investigated-missouri-ag-misleading-clients-about-dei-esg-priorities,fox
https://www.foxnews.com/opinion/make-america-beautiful-again-lets-restore-our-natural-legacy-from-sea-shining-sea,fox
https://www.foxnews.com/video/6375386352112,fox
https://www.foxnews.com/opinion/how-sensationalized-headlines-about-brain-plastic-undermining-trust-safe-sustainable-materials,fox
https://www.foxnews.com/politics/epa-places-numerous-employees-leave-alleged-misuse-official-titles-unauthorized-letter,fox
https://www.foxnews.com/us/honolulu-water-board-sues-navy-over-fuel-leak-contaminated-drinking-water,fox
https://www.foxnews.com/health/gut-microbes-could-key-fighting-toxic-long-lasting-forever-chemicals-research-says,fox
https://www.foxnews.com/politics/trump-administration-launches-10m-health-study-east-palestine-residents-following-toxic-spill,fox
https://www.foxnews.com/opinion/trumps-energy-department-taking-back-our-home-appliances-from-berserk-bureaucrats,fox
https://www.foxnews.com/video/6374293138112,fox
https://www.foxnews.com/media/old-fight-rekindled-between-environmentalists-loggers-over-trump-executive-order-timber,fox
https://www.foxnews.com/opinion/ending-californias-epa-power-grab-jump-start-american-auto-rv-manufacturing,fox
https://www.foxnews.com/travel/hotel-toiletries-targeted-maine-lawmakers-latest-environmental-push,fox
https://www.foxnews.com/media/arnold-schwarzenegger-tells-climate-activists-quit-whining-about-trump-get-work,fox
https://www.foxnews.com/video/6373871919112,fox
https://www.foxnews.com/media/braces-significant-wildfires-trumps-agriculture-secretary-addresses-forest-service-departures,fox
https://www.foxnews.com/politics/supreme-court-limits-judges-authority-block-infrastructure-projects-over-environmental-concerns,fox
https://www.foxnews.com/video/6373444415112,fox
https://www.foxnews.com/politics/watch-blue-state-republican-thankful-move-scrap-gas-car-ban-newsom-vows-court-fight-save,fox
https://www.foxnews.com/opinion/gov-gavin-newsom-protecting-american-jobs-air,fox
https://www.foxnews.com/politics/adam-schiff-tells-epas-zeldin-hell-cause-cancer-after-shoutfest,fox
https://www.foxnews.com/video/6373189474112,fox
https://www.foxnews.com/politics/senate-gop-vows-vote-end-biden-epa-waiver-granted-push-drivers-ev-cars,fox
https://www.foxnews.com/video/6372981773112,fox
https://www.foxnews.com/world/hidden-devices-found-chinese-solar-power-inverters-spark-national-security-alarm,fox
https://www.foxnews.com/opinion/americas-last-frontier-our-most-strategic-investment,fox
https://www.foxnews.com/politics/us-one-step-closer-100-deal-mexico-ending-decades-long-sewage-crisis-gripping-vacation-hotspot-epa,fox
https://www.foxnews.com/politics/more-than-dozen-states-sue-department-transportation-ev-charging-station-funds,fox
https://www.foxnews.com/politics/red-state-governor-shoots-down-bill-banning-common-hospitality-industry-item,fox
https://www.foxnews.com/politics/epa-chief-zeldin-announces-overhauls-bring-agency-back-reagan-level-staffing,fox
https://www.foxnews.com/video/6372333631112,fox
https://www.foxnews.com/video/6372230866112,fox
https://www.foxnews.com/politics/epa-fires-reassigns-hundreds-working-environmental-justice,fox
https://www.foxnews.com/politics/epa-chief-zeldin-launches-talks-mexico-end-sewage-hitting-san-diego-navy-seals-out-patience,fox
https://www.foxnews.com/video/6371788992112,fox
https://www.foxnews.com/opinion/bishop-robert-barron-legacy-pope-francis,fox
https://www.foxnews.com/politics/trump-energy-chief-recounts-evolution-us-environs-over-55-earth-days-a-handily-energized-society-works,fox
https://www.foxnews.com/politics/global-church-network-pushes-climate-justice-narrative-during-holy-week-moral-imperative,fox
https://www.foxnews.com/tech/stop-sorting-your-garbage-new-technology,fox
https://www.foxnews.com/politics/epa-chief-takes-mexican-sewage-crisis-flowing-us-waters-where-navy-seals-train,fox
https://www.foxnews.com/media/liberal-outlets-say-dogs-actually-bad-environment,fox
https://www.foxnews.com/video/6371516810112,fox
https://www.foxnews.com/politics/peta-animal-rights-groups-praise-trump-admin-bucking-animal-testing,fox
https://www.foxnews.com/video/6371437840112,fox
https://www.foxnews.com/politics/trump-ends-biden-era-water-regulations-make-americas-showers-great-again,fox
https://www.foxnews.com/video/6371316432112,fox
https://www.foxnews.com/world/greenpeace-uk-leader-arrested-targeting-american-embassy-blood-red-dye-report,fox
https://www.foxnews.com/us/mexico-dump-millions-gallons-sewage-tijuana-river-us-continues-dumping-ground,fox
https://www.foxnews.com/tech/googles-new-ai-tech-may-know-when-your-house-burn-down,fox
https://www.foxnews.com/politics/zeldin-visit-border-where-disgusting-mexican-sewage-harming-us-environment,fox
https://www.foxnews.com/politics/zeldin-shutters-multimillion-dollar-biden-epa-museum-scarcely-saw-visitors,fox
https://www.foxnews.com/opinion/lee-zeldin-why-were-shutting-down-bidens-epa-museum,fox
https://www.foxnews.com/politics/3b-la-lawsuit-could-destroy-gulf-energy-industry-critics-warn-states-position-questioned,fox
https://www.foxnews.com/tech/tech-startup-major-airline-partner-launch-electric-air-taxi-service,fox
https://www.foxnews.com/politics/new-report-reveals-how-trump-admin-will-eliminate-paper-straws-not-rocket-science,fox
https://www.foxnews.com/sports/environmental-activists-protest-dodgers-home-opener-over-partnership-embattled-oil-company,fox
https://www.foxnews.com/politics/comer-probes-ngos-received-20b-biden-epa-grants-despite-almost-no-revenue-shady-deal,fox
https://www.foxnews.com/politics/trump-epa-chief-confront-crisis-mexican-sewage-polluting-san-diego-area-beaches,fox
https://www.foxnews.com/politics/controversial-climate-group-facing-bankruptcy-how-did-get-here,fox
https://www.foxnews.com/opinion/liz-peek-trump-zeldin-bringing-key-ingredient-americas-green-agenda,fox
https://www.foxnews.com/travel/archaeologists-uncover-jerusalem-wall-mysteriously-destroyed-power-struggle-biblical-era,fox
https://www.foxnews.com/media/fox-nation-taps-acclaimed-actor-zachary-levi-new-docudrama-david-king-israel,fox
https://www.foxnews.com/travel/he-revealed-himself-me-treasure-hunter-unearths-900-year-old-figure-jesus-windswept-field,fox
https://www.foxnews.com/us/pastor-announces-gender-transition-service-congregation-giving-up-pretending-man,fox
https://www.foxnews.com/world/pope-leo-urges-dialogue-military-action-failed-maduro-trump-call,fox
https://www.foxnews.com/world/reporters-notebook-papal-plane-beyond-covering-pope-leo-xivs-first-foreign-trip,fox
https://www.foxnews.com/world/reporters-notebook-thanksgiving-weekend-turkey-american-pope-next-stop-lebanon,fox
https://www.foxnews.com/video/6385765666112,fox
https://www.foxnews.com/world/pope-leo-xiv-begins-lebanon-visit-amid-economic-crisis-heightened-security-concerns,fox
https://www.foxnews.com/world/pope-visits-istanbuls-blue-mosque-without-praying-he-focuses-unifying-christians,fox
https://www.foxnews.com/world/pope-leo-joins-eastern-western-patriarchs-turkey-pray-christian-unity,fox
https://www.foxnews.com/world/pope-leo-xiv-opens-first-foreign-trip-turkey-visit-christianitys-early-heartlands,fox
https://www.foxnews.com/opinion/thanksgiving-has-deep-jewish-roots-reminder-important-lesson,fox
https://www.foxnews.com/world/temple-staff-stunned-hear-knocking-from-inside-coffin-brought-cremation,fox
https://www.foxnews.com/world/50-kidnapped-catholic-school-students-nigeria-escape-some-schools-ordered-close,fox
https://www.foxnews.com/world/trump-admin-slams-south-africa-weaponized-g20-presidency-summit-ignores-christian-persecution,fox
https://www.foxnews.com/world/52-catholic-school-students-nigeria-kidnapped-gunmen-latest-attack-report,fox
https://www.foxnews.com/opinion/mike-pence-no-place-antisemitism-america-today-tomorrow-ever,fox
https://www.foxnews.com/politics/nyc-mayor-elect-stays-quiet-after-intifada-chants-target-synagogue-led-holocaust-survivor,fox
https://www.foxnews.com/world/china-formally-arrests-18-leaders-underground-zion-church-amid-religious-crackdown,fox
https://www.foxnews.com/sports/pope-leo-xiv-receives-invite-throw-out-first-pitch-white-sox-new-stadium,fox
https://www.foxnews.com/politics/nicki-minaj-teams-up-trumps-un-ambassador-spotlight-genocide-christians-nigeria,fox
https://www.foxnews.com/opinion/dr-marc-siegel-my-personal-miracle-physicians-lessons-faith-healing,fox
https://www.foxnews.com/travel/birthplace-jesus-resume-christmas-celebrations-after-war-forced-two-year-pause,fox
https://www.foxnews.com/media/martin-scorsese-explores-legacy-st-patrick-kick-off-new-season-fox-nations-the-saints,fox
https://www.foxnews.com/travel/rumored-supernatural-sighting-jesus-hillside-town-debunked-pope-leo-xiv,fox
https://www.foxnews.com/us/americans-report-dramatic-drop-importance-faith-poll-finds,fox
https://www.foxnews.com/media/first-american-pope-welcome-hollywood-stars-vatican-rare-holy-year-audience,fox
https://www.foxnews.com/world/nigerian-christian-leader-calls-trumps-spotlight-violence-nigeria-answered-prayer,fox
https://www.foxnews.com/travel/archaeologists-unearth-evidence-biblical-power-struggle-beneath-jerusalem-screamed-excitement,fox
https://www.foxnews.com/opinion/among-richmonds-ghosts-i-discovered-grace-deeper-faith-freedom,fox
https://www.foxnews.com/travel/ancient-christian-mosaic-mysterious-inscription-unearthed-traditional-birthplace-abraham,fox
https://www.foxnews.com/world/101-year-old-kristallnacht-survivor-warns-current-era-equivalent-1938-anniversary-nazi-riot,fox
https://www.foxnews.com/media/bible-college-says-chicago-public-schools-discriminate-over-faith-based-hiring-practices,fox
https://www.foxnews.com/travel/one-worlds-most-sacred-landmarks-expected-welcome-record-crowds-year,fox
https://www.foxnews.com/video/6384650519112,fox
https://www.foxnews.com/lifestyle/jd-vance-discusses-interfaith-marriage-raising-christian-children-hindu-wife,fox
https://www.foxnews.com/media/boko-haram-kidnapping-survivor-praises-trump-he-weighs-vicious-military-action-nigeria,fox
https://www.foxnews.com/us/alabama-man-accused-violent-threats-against-synagogues-had-intentions-not-being-taken-alive-sheriff,fox
https://www.foxnews.com/opinion/faith-freedom-and-the-fight-against-rising-antisemitism,fox
https://www.foxnews.com/video/6384212147112,fox
https://www.foxnews.com/media/martin-scorsese-returns-fox-nation-fall-powerful-new-season-the-saints,fox
https://www.foxnews.com/opinion/im-christian-from-niger-dont-ignore-horrifying-attacks-african-christians,fox
https://www.foxnews.com/travel/haunted-american-hotels-offer-real-scares-heres-why-people-go-nuts-them,fox
https://www.foxnews.com/media/joe-rogan-says-he-enjoys-going-church-admires-jesus-christ-benefits-faith,fox
https://www.foxnews.com/video/6383809967112,fox
https://www.foxnews.com/travel/ancient-synagogue-uncovered-israel-reveals-jewish-life-rise-christianity,fox
https://www.foxnews.com/politics/vance-visits-church-where-christians-believe-jesus-crucified-resurrected-amid-israel-hamas-ceasefire,fox
https://www.foxnews.com/politics/cruz-leads-senate-push-hold-china-accountable-beijing-church-crackdown,fox
https://www.foxnews.com/media/spanish-priest-acquitted-after-facing-3-years-behind-bars-criticizing-radical-islam,fox
https://www.foxnews.com/us/american-chess-grandmaster-daniel-naroditsky-dead-29,fox
https://www.foxnews.com/politics/fbi-agents-93-wtc-attack-blast-mamdani-embracing-radical-imam,fox
https://www.foxnews.com/world/turkey-deports-peaceful-christians-under-guise-national-security-claims-watchdog,fox
https://www.foxnews.com/opinion/dr-marc-siegel-from-horror-hope-what-gazas-freed-hostages-teach-weary-world,fox
https://www.foxnews.com/lifestyle/death-charlie-kirk-man-lasting-values-pushes-bestselling-author-former-navy-seal-back-church,fox
https://www.foxnews.com/media/bible-belt-pastors-how-kirks-assassination-prompted-americans-return-church-purchase-bibles,fox
https://www.foxnews.com/world/man-hauled-away-security-after-urinating-main-altar-st-peters-basilica-report,fox
https://www.foxnews.com/world/chinese-underground-church-pastor-father-us-citizens-detained-authorities-family-says,fox
https://www.foxnews.com/us/megachurch-founder-finishes-churchs-restoration-process-after-stepping-down-due-undisclosed-transgression,fox
https://www.foxnews.com/media/pope-leo-rejects-reporters-question-about-president-trumps-use-national-guard-his-hometown,fox
https://www.foxnews.com/travel/remains-historys-most-beloved-saint-st-francis-assisi-displayed-rare-event,fox
https://www.foxnews.com/world/cruz-clashes-nigeria-over-his-claims-50000-christians-killed-since-2009-religious-violence,fox
https://www.foxnews.com/us/act-violence-new-jersey-rabbi-injured-suspected-hate-crime-before-jewish-holiday,fox
https://www.foxnews.com/world/popes-top-diplomat-blasts-israels-gaza-offensive-ongoing-massacre-condemns-hamas-attacks,fox
https://www.foxnews.com/media/pitt-football-players-lead-pitt-jesus-event-dozens-baptized,fox
https://www.foxnews.com/politics/fbi-cuts-ties-leftist-group-put-turning-point-usa-its-hate-map-before-kirk-assassination,fox
https://www.foxnews.com/world/who-british-citizen-syrian-descent-accused-synagogue-terror-attack,fox
https://www.foxnews.com/video/6381354455112,fox
https://www.foxnews.com/world/church-england-names-sarah-mullally-first-woman-archbishop-canterbury-after-welby-exit,fox
https://www.foxnews.com/world/uk-stabbing-vehicle-attack-injures-4-outside-synagogue-police-say,fox
https://www.foxnews.com/us/michigan-church-shooters-family-reacts-viral-fundraising-effort-community-faith-members,fox
https://www.foxnews.com/travel/treasure-hoard-found-near-jesus-galilee-site-tied-forgotten-jewish-uprising-archaeologists-say,fox
https://www.foxnews.com/opinion/morning-glory-how-the-news-cover-charlie-kirks-service,fox
https://www.foxnews.com/politics/erika-kirk-forgives-husbands-killer-memorial-service-its-what-charlie-would-do,fox
https://www.foxnews.com/world/german-officials-condemn-store-owner-declared-jews-banned-entry-protest-israel,fox
https://www.foxnews.com/lifestyle/demi-tebow-warns-social-media-self-worth-points-bibles-perfect-plan-life,fox
https://www.foxnews.com/us/charlie-kirks-final-moments-emotionally-detailed-mentor-frank-turek-he-jesus-already,fox
https://www.foxnews.com/politics/pastor-charlie-kirks-graphic-death-traumatic-americans-reconcile-loss,fox
https://www.foxnews.com/world/pope-leo-xiv-told-us-ambassador-he-praying-charlie-kirk-his-family-after-assassination,fox
https://www.foxnews.com/us/young-people-restore-charlie-kirk-memorial-mural-bible-verses-after-vandals-deface-tribute,fox
https://www.foxnews.com/travel/ancient-estate-tied-group-bible-unearthed-fascinating-treasures-israel,fox
https://www.foxnews.com/media/ben-shapiro-bill-maher-clash-over-morality-bible,fox
https://www.foxnews.com/media/charming-earnest-trusted-charlie-kirks-colleagues-friends-reflect-extraordinary-american-life,fox
https://www.foxnews.com/us/house-prayer-church-leaders-indicted-alleged-fraud-scheme-targeting-military-vets,fox
https://www.foxnews.com/us/who-erika-kirk-what-know-about-late-charlie-kirks-widow-from-love-story-his-legacy,fox
https://www.foxnews.com/sports/nfl-redzone-host-scott-hanson-calls-reasonable-discourse-after-charlie-kirk-assassination,fox
https://www.foxnews.com/media/texas-attorney-general-ken-paxton-encourages-schools-bring-back-prayer-we-want-word-god-opened,fox
https://www.foxnews.com/travel/religious-leaders-oppose-construction-mega-resort-sacred-holy-site,fox
https://www.foxnews.com/opinion/sen-tim-kaine-why-americas-rights-depend-laws-not-divine-decrees-religious-authority,fox
https://www.foxnews.com/politics/trump-call-americans-pray-nation-250th-birthday-approaches-one-nation-under-god,fox
https://www.foxnews.com/video/6378739033112,fox
https://www.foxnews.com/world/pope-leo-xiv-announces-two-new-saints-including-first-canonized-millennial,fox
https://www.foxnews.com/video/6378697603112,fox
https://www.foxnews.com/media/catholic-group-gives-30000-gospels-college-students-100-campuses-nationwide,fox
https://www.foxnews.com/faith-values/lgbtq-catholics-march-st-peters-basilica-jubilee-rite-vatican-calendar-entry-stirs-controversy,fox
https://www.foxnews.com/video/6378663284112,fox
https://www.foxnews.com/travel/pope-leo-xiv-canonize-modern-saints-weekend-faithful-flock-rome,fox
https://www.foxnews.com/travel/archaeologists-find-1600-year-old-churches-mural-jesus-egyptian-desert-settlement,fox
https://www.foxnews.com/travel/surprised-archaeologists-unearth-ancient-graves-caught-between-pagan-christian-rituals-poland,fox
https://www.foxnews.com/us/dr-james-dobson-focus-family-founder-advisor-5-presidents-dead-89,fox
https://www.foxnews.com/world/netanyahu-slams-australia-pm-says-he-betrayed-israel-abandoned-australias-jews,fox
https://www.foxnews.com/travel/oldest-written-reference-moses-may-hiding-ancient-egyptian-desert-inscriptions-researcher-says,fox
https://www.foxnews.com/opinion/my-flight-canceled-baby-airport-taught-me-everything-about-gods-peace-storm,fox
https://www.foxnews.com/travel/2000-year-old-jewish-rebel-coin-minted-decades-jesus-unearthed-jerusalem,fox
https://www.foxnews.com/travel/archaeologists-uncover-ancient-blade-factory-tied-major-group-bible-exceptional-individuals,fox
https://www.foxnews.com/opinion/im-leading-trumps-antisemitism-task-force-we-must-protect-jewish-people-now-forever,fox
https://www.foxnews.com/opinion/max-lucado-finding-peace-faith-god-middle-storm,fox
https://www.foxnews.com/travel/rare-biblical-seal-ancient-fingerprint-found-debris-from-jerusalems-temple-mount,fox
https://www.foxnews.com/video/6376729051112,fox
https://www.foxnews.com/us/fbi-investigating-horrific-antisemitic-attack-american-who-served-israeli-army,fox
https://www.foxnews.com/politics/charleston-bishop-slams-trumps-harsh-deportations-cites-george-w-bushs-acceptable-plan,fox
https://www.foxnews.com/food-drink/pizza-pope-survived-van-breakdown-tsa-security-drama-finally-reaching-catholic-leader,fox
https://www.foxnews.com/video/6376500811112,fox
https://www.foxnews.com/video/6376509127112,fox
https://www.foxnews.com/travel/ancient-christian-church-reveals-mysterious-1500-year-old-warning-against-nonbelievers-righteous,fox
https://www.foxnews.com/video/6376506509112,fox
https://www.foxnews.com/faith-values/graham-family-responds-global-crackdown-christians-1-3m-defense-fund-urgent-call-action,fox
https://www.foxnews.com/video/6376343292112,fox
https://www.foxnews.com/world/monkeys-running-scam-sacred-temple-frustrated-tourists-say-phone-thefts,fox
https://www.foxnews.com/politics/gop-lawmakers-advocate-us-condemnation-persecution-against-christians-muslim-majority-nations,fox
https://www.foxnews.com/opinion/morning-glory-pope-leo-xiv-and-president-trump,fox
https://www.foxnews.com/us/catholic-bishops-call-mandatory-reporting-law-brazen-act-of-religious-discrimination,fox
https://www.foxnews.com/world/pope-demands-ceasefire-after-gazas-catholic-church-hit-apparent-israeli-strike,fox
https://www.foxnews.com/politics/new-yorkers-skeptical-after-zohran-mamdani-distances-himself-from-phrase-globalize-intifada,fox
https://www.foxnews.com/politics/exclusive-trump-admin-strengthens-religious-accommodations-federal-workforce,fox
https://www.foxnews.com/us/faith-brings-light-devastated-texas-town-after-deadly-flooding-disaster,fox
https://www.foxnews.com/media/utah-bath-body-works-manager-says-she-fired-over-companys-pronoun-policy,fox
https://www.foxnews.com/politics/texas-turns-faith-gov-abbott-declares-day-prayer-amid-devastating-floods,fox
https://www.foxnews.com/politics/trump-defends-use-shylock-term-rally-amid-antisemitism-claims,fox
https://www.foxnews.com/politics/what-trump-told-faith-leaders-after-slamming-atts-tech-issues-nearly-prevented-massive-call,fox
https://www.foxnews.com/world/dalai-lama-lays-out-succession-plan-pledging-reincarnation-china-eyes-interference,fox
https://www.foxnews.com/travel/archaeologist-uncovers-persuasive-evidence-true-location-where-jesus-turned-water-wine,fox
https://www.foxnews.com/media/majority-adults-support-religious-chaplains-public-schools-new-report-shows,fox
https://www.foxnews.com/politics/justice-department-investigating-university-california-over-alleged-dei-based-hiring,fox
https://www.foxnews.com/us/pastors-crucifixion-murder-suspect-says-video-he-planned-kill-14-more,fox
https://www.foxnews.com/us/mother-claims-children-disappeared-after-religious-brainwashing-amber-alert-issued,fox
https://www.foxnews.com/us/church-attacks-stopped-three-step-training-strategy-security-expert-says,fox
https://www.foxnews.com/politics/exclusive-red-state-updating-education-standards-address-rise-antisemitism-schools,fox
https://www.foxnews.com/opinion/we-cant-ignore-danger-from-those-who-want-globalize-intifada-we-need-take-action,fox
https://www.foxnews.com/travel/archaeologists-discover-sensational-artifacts-historic-monastery-floor,fox
https://www.foxnews.com/politics/federal-appeals-court-rules-louisiana-ten-commandments-school-law-unconstitutional,fox
https://www.foxnews.com/politics/biden-lambasts-juneteenth-critics-black-church-speech-signs-cross-avoid-naming-trump,fox
https://www.foxnews.com/politics/1500-jewish-americans-evacuated-from-israel-desantis-sponsors-rescue-flights-tampa,fox
https://www.foxnews.com/video/6374348041112,fox
https://www.foxnews.com/health/intermittent-fastings-surprising-biblical-roots-revealed-diet-trend-grows,fox
https://www.foxnews.com/travel/ancient-christian-tomb-complex-revealed-beneath-rubble-syrias-civil-war,fox
https://www.foxnews.com/lifestyle/culture-most-important-thing-human-flourishing-bible-provides-guide-author,fox
https://www.foxnews.com/world/vatican-sets-date-first-millennial-saint-canonized,fox
https://www.foxnews.com/us/ex-megachurch-founder-hit-1m-lawsuit-claiming-sexual-abuse-elaborate-cover-up-scheme,fox
https://www.foxnews.com/media/fox-nation-renews-martin-scorseses-record-breaking-the-saints-docudrama-second-season,fox
https://www.foxnews.com/politics/dems-join-clergy-pray-moral-reckoning-fix-big-beautiful-bill,fox
https://www.foxnews.com/world/bishops-village-attacked-20-slain-after-recent-testimony-congress-christian-persecution,fox
https://www.foxnews.com/video/6374065383112,fox
https://www.foxnews.com/travel/rare-medieval-bible-returns-israel-public-exhibit-centuries-long-journey,fox
https://www.foxnews.com/video/6374020674112,fox
https://www.foxnews.com/us/wife-colorado-firebombing-suspect-brought-jewish-neighbors-welcome-gift-weeks-prior-attack,fox
https://www.foxnews.com/lifestyle/torahs-clothing-lessons-backed-yale-study-showing-attire-changes-how-you-think,fox
https://www.foxnews.com/opinion/broadcast-bias-networks-downplay-illegal-immigrants-alleged-antisemitic-attack-sanctuary-city,fox
https://www.foxnews.com/politics/exclusive-legal-institute-celebrates-scotus-decision-declares-religious-liberty-alive-well,fox
https://www.foxnews.com/travel/dead-sea-scrolls-could-even-older-previously-thought-according-study,fox
https://www.foxnews.com/opinion/morning-glory-antisemitism-shameful-evil-none-us-should-ever-neutral-hate,fox
https://www.foxnews.com/world/exclusive-refugees-own-country-samaritans-purse-steps-israels-war-zones-needed-relief,fox
https://www.foxnews.com/us/focus-familys-jim-daly-rejects-splc-hate-group-label-this-isnt-hate-its-love-christ,fox
https://www.foxnews.com/sports/nfl-vet-jake-mcquaide-escorted-out-mass-police-after-confrontation-over-porn-accusations-against-priest,fox
https://www.foxnews.com/video/6373837298112,fox
https://www.foxnews.com/video/6373838341112,fox
https://www.foxnews.com/politics/boulder-antisemitic-terror-attack-spurs-response-from-major-cities-we-not-rest,fox
https://www.foxnews.com/media/queer-black-actress-laughs-off-backlash-playing-jesus-upcoming-musical,fox
https://www.foxnews.com/video/6373806067112,fox
https://www.foxnews.com/us/rise-antisemitic-extremism-fuels-wave-terror-plots-united-states-since-2020,fox
https://www.foxnews.com/video/6373806459112,fox
https://www.foxnews.com/video/6373804449112,fox
https://www.foxnews.com/video/6373798295112,fox
https://www.foxnews.com/video/6373763142112,fox
https://www.foxnews.com/video/6373758216112,fox
https://www.foxnews.com/opinion/america-rediscovering-its-soul-reviving-sacred,fox
https://www.foxnews.com/lifestyle/biblical-formula-choosing-spouse-offers-lessons-modern-dating-overlooks,fox
https://www.foxnews.com/video/6373537420112,fox
https://www.foxnews.com/video/6373607529112,fox
https://www.foxnews.com/media/justice-department-takes-small-idaho-town-religious-freedom-battle-over-church-permit,fox
https://www.foxnews.com/world/franklin-graham-meets-zelenskyy-berlin-offers-prayer-amid-escalating-russia-ukraine-war,fox
https://www.foxnews.com/politics/senators-condemn-fatal-shooting-israeli-embassy-employees-family-mourns,fox
https://www.foxnews.com/video/6373550392112,fox
https://www.foxnews.com/lifestyle/rare-glimpse-440-year-old-remains-saint-teresa-draw-100000-pilgrims-spain,fox
https://www.foxnews.com/world/putin-rejects-trumps-vatican-push-kremlin-accuses-him-being-emotional-envoy-kellogg,fox
https://www.foxnews.com/media/jordan-peterson-stuns-atheist-debaters-refusing-identify-christian-viral-exchange,fox
https://www.foxnews.com/media/wapo-deletes-post-about-confusion-where-jews-belong-after-israeli-embassy-staff-killings,fox
https://www.foxnews.com/travel/researchers-find-compelling-evidence-possible-noahs-ark-remains-country,fox
https://www.foxnews.com/us/new-jersey-town-moves-seize-church-turn-pickleball-courts-fields-religious-freedom-clash,fox
https://www.foxnews.com/media/iowa-man-reportedly-fired-wearing-bible-verse-t-shirts-during-pride-month-settles-lawsuit,fox
https://www.foxnews.com/media/joe-rogan-starts-going-church-faith-resurgence-gains-momentum-christian-apologist-claims,fox
https://www.foxnews.com/lifestyle/god-bible-were-right-work-schedule-all-along,fox
https://www.foxnews.com/politics/nyc-mayoral-candidate-zohran-mamdani-defends-bds-support-amid-israel-controversy,fox
https://www.foxnews.com/us/deadly-dc-shooting-too-close-every-jew-america-activist-says,fox
https://www.foxnews.com/video/6373378243112,fox
https://www.foxnews.com/video/6373358667112,fox
https://www.foxnews.com/video/6373346799112,fox
https://www.foxnews.com/video/6373247648112,fox
https://www.foxnews.com/video/6373246841112,fox
https://www.foxnews.com/politics/supreme-court-upholds-oklahoma-decision-blow-religious-charter-schools,fox
https://www.foxnews.com/opinion/morning-glory-leos-launch,fox
https://www.foxnews.com/us/dramatic-video-shows-dump-truck-plowing-into-nj-home-after-driver-suffers-medical-emergency,fox
https://www.foxnews.com/us/florida-activist-calls-satanology-banners-public-schools-citing-first-amendment,fox
https://www.foxnews.com/travel/expert-identifies-ancient-propaganda-praising-pharaoh-may-have-challenged-moses,fox
https://www.foxnews.com/media/california-ends-ban-special-education-funds-children-religious-schools,fox
https://www.foxnews.com/politics/afghan-christian-pastor-pleads-trump-warns-taliban-revenge-after-admin-revokes-refugee-protections,fox
https://www.foxnews.com/world/in-pictures-pope-leo-xiv-addresses-150000-faithful-inaugural-mass,fox
https://www.foxnews.com/world/pope-leo-xiv-vows-work-unity-peace-during-inaugural-mass,fox
https://www.foxnews.com/video/6373020245112,fox
https://www.foxnews.com/world/pope-leo-says-family-based-union-between-man-woman-defends-dignity-unborn,fox
https://www.foxnews.com/lifestyle/secrets-meaningful-lifelong-grandparent-grandchild-bond,fox
https://www.foxnews.com/world/grandmother-arrested-abortion-clinic-warns-expanding-free-speech-buffer-zones,fox
https://www.foxnews.com/media/conservative-brother-leo-xiv-says-new-pope-isnt-woke-praises-his-devotion-church,fox
https://www.foxnews.com/world/pope-leo-xiv-makes-first-social-media-post-calling-peace,fox
https://www.foxnews.com/opinion/bishop-robert-barron-what-leos-choice-name-tells-us-about-new-pope,fox
https://www.foxnews.com/us/tennessee-pastor-kidnapped-gunpoint-in-south-africa-recalls-miracle-saved-his-life,fox
https://www.foxnews.com/world/pictures-from-chicago-priest-new-pope-historic-rise-leo-xiv,fox
https://www.foxnews.com/opinion/hugh-hewitt-pope-leo-xiv-reverse-anti-american-vibe-from-last-pope,fox
https://www.foxnews.com/world/pope-leo-dishes-advice-journalists-mentions-ai-challenge-first-news-conference,fox
https://www.foxnews.com/video/6372694123112,fox
https://www.foxnews.com/video/6372676920112,fox
https://www.foxnews.com/video/6372668798112,fox
https://www.foxnews.com/world/pope-leo-delivers-first-regina-caeli-prayers-from-st-peters-balcony,fox
https://www.foxnews.com/media/snl-mocks-popes-death-implies-vp-jd-vance-played-role-controversial-trump-sketch,fox
https://www.foxnews.com/media/vatican-goes-viral-tiktokers-fascinated-who-next-pope,fox
https://www.foxnews.com/world/pope-leo-xiv-calls-challenge-human-dignity-first-address-cardinals,fox
https://www.foxnews.com/video/6372624004112,fox
https://www.foxnews.com/politics/pope-leo-xivs-name-gives-clue-how-hell-handle-social-political-divides-bishop-says,fox
https://www.foxnews.com/video/6372604052112,fox
https://www.foxnews.com/politics/vance-says-he-wont-play-politicization-pope-game-leo-xiv-conservative-liberal,fox
https://www.foxnews.com/us/cardinal-dolan-describes-pope-xiv-citizen-world-build-bridges-trump,fox
https://www.foxnews.com/world/pope-francis-era-deal-chinese-communist-party-again-under-scrutiny-conclave-meets,fox
https://www.foxnews.com/video/6372583856112,fox
https://www.foxnews.com/video/6372582732112,fox
https://www.foxnews.com/world/pope-leo-xiv-gives-first-homily-american-pontiff-says-loss-faith-has-led-crisis-humanity,fox
https://www.foxnews.com/video/6372573072112,fox
https://www.foxnews.com/video/6372574821112,fox
https://www.foxnews.com/video/6372574018112,fox
https://www.foxnews.com/lifestyle/first-ever-american-pope-inspires-faith-leaders-nationwide-heart-integrity,fox
https://www.foxnews.com/us/pope-leo-xivs-brother-reacts-historic-election-there-no-words,fox
https://www.foxnews.com/video/6372555568112,fox
https://www.foxnews.com/world/world-leaders-congratulate-pope-leo-xiv-first-american-pontiff,fox
https://www.foxnews.com/video/6372548466112,fox
https://www.foxnews.com/video/6372546664112,fox
https://www.foxnews.com/video/6372541851112,fox
https://www.foxnews.com/video/6372541435112,fox
https://www.foxnews.com/video/6372541209112,fox
https://www.foxnews.com/politics/trump-congratulates-pope-leo-xiv-calls-his-election-a-great-honor-united-states,fox
https://www.foxnews.com/video/6372538040112,fox
https://www.foxnews.com/lifestyle/president-trump-calls-first-american-pope-leo-xiv-honor-us-happy,fox
https://www.foxnews.com/video/6372536735112,fox
https://www.foxnews.com/video/6372536661112,fox
https://www.foxnews.com/world/first-american-elected-pontiff-get-know-pope-leo-xiv,fox
https://www.foxnews.com/world/dio-benedica-il-papa-other-well-wishes-new-pope-italian,fox
https://www.foxnews.com/video/6372531571112,fox
https://www.foxnews.com/video/6372533911112,fox
https://www.foxnews.com/opinion/david-marcus-pope-leo-xivs-greatest-challenge-already-changing-world,fox
https://www.foxnews.com/world/cardinal-robert-prevost-announced-first-american-pope-taking-name-leo-xiv,fox
https://www.foxnews.com/world/white-smoke-rises-over-sistine-chapel-signal-new-pope-has-been-chosen,fox
https://www.foxnews.com/video/6372530502112,fox
https://www.foxnews.com/video/6372529879112,fox
https://www.foxnews.com/video/6372525419112,fox
https://www.foxnews.com/video/6372512027112,fox
https://www.foxnews.com/opinion/morning-glory-please-god-pope-younger-than-me,fox
https://www.foxnews.com/world/papal-conclave-eventual-new-popes-chosen-name-may-signal-whats-ahead,fox
https://www.foxnews.com/video/6372481297112,fox
https://www.foxnews.com/world/popes-salary-how-does-pontiff-get-paid,fox
https://www.foxnews.com/video/6372469479112,fox
https://www.foxnews.com/video/6372466272112,fox
https://www.foxnews.com/video/6372462603112,fox
https://www.foxnews.com/world/who-could-next-pope,fox
https://www.foxnews.com/us/arizona-pastor-found-dead-arms-pinned-wall-homicide-home,fox
https://www.foxnews.com/video/6372408320112,fox
https://www.foxnews.com/video/6372375030112,fox
https://www.foxnews.com/media/papal-pulse-everyday-catholics-reveal-hopes-next-pope,fox
https://www.foxnews.com/world/francis-pope-mobile-being-converted-gaza-mobile-clinic,fox
https://www.foxnews.com/video/6372338795112,fox
https://www.foxnews.com/world/battle-biblical-archaeology-intensifies-israeli-researchers-face-academic-boycott,fox
https://www.foxnews.com/opinion/trumps-5000-baby-bonus-heres-condition-society-must-insist,fox
https://www.foxnews.com/world/next-pope-from-asia,fox
https://www.foxnews.com/politics/trump-posts-ai-image-himself-pope-amid-vaticans-search-new-pontiff,fox
https://www.foxnews.com/video/6372273592112,fox
https://www.foxnews.com/video/6372227531112,fox
https://www.foxnews.com/world/chimney-installed-sistine-chapels-roof-ahead-conclave-pick-pope-francis-successor,fox
https://www.foxnews.com/politics/vance-explains-why-meeting-pope-francis-hours-before-his-death-a-sign-from-god,fox
https://www.foxnews.com/politics/trump-jokes-hed-like-pope-number-1-choice-names-real-contender,fox
https://www.foxnews.com/world/convicted-cardinal-announces-he-wont-part-conclave-choose-pope-francis-successor,fox
https://www.foxnews.com/media/cardinal-dolan-gives-inside-look-conclave-holy-spirits-role-selecting-new-pope,fox
https://www.foxnews.com/world/conclave-pick-next-pope-begin-may-7-vatican-says,fox
https://www.foxnews.com/video/6371999969112,fox
https://www.foxnews.com/media/catholic-aid-group-violated-gay-employees-rights-judge-says-after-spouses-health-benefits-canceled,fox
https://www.foxnews.com/video/6371994349112,fox
https://www.foxnews.com/video/6371993597112,fox
https://www.foxnews.com/video/6371993481112,fox
https://www.foxnews.com/media/whats-behind-trumps-heated-feud-bbc-resulted-5-billion-lawsuit-threat,fox
https://www.foxnews.com/media/abc-reporters-jeffrey-epstein-question-trump-revives-accusations-disney-network-initially-buried-scandal,fox
https://www.foxnews.com/us/harvard-revokes-professors-tenure-rare-move-amid-data-manipulation-allegations,fox
https://www.foxnews.com/world/emmanuel-macrons-wife-seen-shoving-him-face-viral-clip-frances-first-couple-arrives-vietnam,fox
https://www.foxnews.com/media/jake-tapper-declares-biden-white-house-lied-about-cheap-fakes-after-cnn-peddled-narrative-2024,fox
https://www.foxnews.com/media/jake-tapper-admits-didnt-cover-bidens-cognitive-decline-enough-claims-look-back-humility,fox
https://www.foxnews.com/politics/trumps-400m-qatar-jet-gift-follows-long-history-unusual-presidential-presents,fox
https://www.foxnews.com/us/notorious-crazy-eddies-fraudster-says-hes-behind-letitia-james-mortgage-scandal-not-trump-administration,fox
https://www.foxnews.com/world/world-economic-forum-greenlights-new-investigation-whistleblower-claims-against-founder-klaus-schwab,fox
https://www.foxnews.com/world/south-korean-pm-han-duck-soo-reinstated-acting-president-after-impeachment-overturned,fox
https://www.foxnews.com/politics/kash-patel-takes-reins-scandal-ridden-fbi-america-always-mindset,fox
https://www.foxnews.com/media/ex-cnn-pundit-apologizes-ignoring-bidens-mental-decline,fox
https://www.foxnews.com/politics/former-democratic-rep-anthony-weiner-convicted-illicit-contact-minor-files-run-nyc-council,fox
https://www.foxnews.com/media/al-sharptons-interview-scandal-becomes-latest-decades-long-history-controversies-haunting-msnbc-host,fox
https://www.foxnews.com/media/before-biden-pardoned-hunter-media-speculated-trump-would-pardon-his-children-ahead-leaving-office,fox
https://www.foxnews.com/media/sharptons-pay-to-play-scandal-ricocheting-around-halls-msnbc-insider-says-cant-be-acceptable,fox
https://www.foxnews.com/world/church-england-head-resigns-failing-report-decades-long-sexual-abuse-summer-camp-volunteer,fox
https://www.foxnews.com/politics/head-us-central-command-being-investigated-getting-physical-airman-plane-israel,fox
https://www.foxnews.com/media/cbs-hits-back-trumps-legal-threat-citing-first-amendment-rights-we-decline-release-full-transcript,fox
https://www.foxnews.com/media/trump-sends-letter-cbs-demanding-unedited-60-minutes-harris-transcript-teases-potential-lawsuit,fox
https://www.foxnews.com/media/olivia-nuzzi-exits-ny-magazine-following-rfk-jr-relationship-revelations,fox
https://www.foxnews.com/media/cnn-pundit-downplays-big-tech-censorship-hunter-biden-laptop-2020-calls-government-collusion-nonsense,fox
https://www.foxnews.com/media/bill-maher-questions-media-avoiding-doug-emhoff-controversies-wouldnt-make-look-worse,fox
https://www.foxnews.com/media/cbs-news-boss-mulling-editorial-review-its-fairness-reporting-following-dopoukil-coates-drama,fox
https://www.foxnews.com/media/60-minutes-under-fire-kamala-harris-editing-decision-has-history-liberal-controversies,fox
https://www.foxnews.com/media/former-cbs-staffers-call-outside-investigation-60-minutes-controversy-theres-problem-here,fox
https://www.foxnews.com/media/trump-calls-cbs-lose-its-broadcasting-license-amid-60-minutes-controversy-unprecedented-scandal,fox
https://www.foxnews.com/media/cbs-news-staff-told-not-refer-jerusalem-being-israel-report,fox
https://www.foxnews.com/media/cbs-latest-news-outlet-face-revolt-from-far-left-staff-after-meltdown-over-contentious-israel-interview,fox
https://www.foxnews.com/lifestyle/this-day-history-oct-10-1845-us-naval-academy-founded-planned-mutiny-shocks,fox
https://www.foxnews.com/politics/nc-gubernatorial-candidate-mark-robinson-hires-trump-friendly-lawyer-investigate-porn-website-allegations,fox
https://www.foxnews.com/media/seinfeld-star-new-watergate-doc-proves-nixon-railroaded-didnt-get-day-court,fox
https://www.foxnews.com/lifestyle/this-day-history-august-8-1974-president-nixon-announces-resignation,fox
https://www.foxnews.com/us/scandal-plagued-illinois-mayor-boots-residents-from-public-meeting-town-cuts-government-credit-card,fox
https://www.foxnews.com/lifestyle/this-day-history-july-19-1969-kennedy-aide-killed-chappaquiddick-incident,fox
https://www.foxnews.com/media/former-gop-staffers-offer-dems-friendly-advice-how-handle-hostile-media-you-may-not-used-this,fox
https://www.foxnews.com/media/critics-agree-biden-press-conference-worst-possible-outcome-dems-hes-not-going-anywhere,fox
https://www.foxnews.com/media/nbcs-chuck-todd-says-bidens-entire-narrative-erode-he-stays-race-ambition-comes-first,fox
https://www.foxnews.com/media/biden-remains-defiant-sets-primetime-interview-nbcs-lester-holt,fox
https://www.foxnews.com/media/abc-distances-itself-stephanopoulos-claim-biden-cant-serve-second-term-not-position-network,fox
https://www.foxnews.com/media/biden-interviewers-shed-light-frailty-behind-scenes,fox
https://www.foxnews.com/media/abcs-george-stephanopoulos-after-biden-interview-i-dont-think-he-can-serve-four-more-years,fox
https://www.foxnews.com/media/ex-new-york-times-reporter-accuses-paper-stealing-story-parkinsons-experts-multiple-wh-visits,fox
https://www.foxnews.com/media/jean-pierre-clashes-reporters-pressing-her-about-neurologists-white-house-visits-i-do-take-offense,fox
https://www.foxnews.com/media/critics-pile-biden-following-abc-interview-blast-refusal-commit-cognitive-test-disqualifying,fox
https://www.foxnews.com/media/wh-reporters-admit-being-turned-off-exposing-bidens-mental-decline-right-wing-media-hype,fox
https://www.foxnews.com/media/nathan-wades-team-disrupts-cnn-interview-after-hes-asked-timeline-fani-willis-relationship,fox
https://www.foxnews.com/media/embattled-dolton-mayor-tiffany-henyard-accused-politically-targeting-towns-own-park-district,fox
https://www.foxnews.com/media/kristen-welker-said-nbc-covered-hunter-biden-laptop-2020-scandal-dismissed-network,fox
https://www.foxnews.com/world/philippine-mayor-accused-acting-chinese-asset-investigation-tensions,fox
https://www.foxnews.com/world/perus-president-arrives-testify-prosecutors-expanding-rolexgate-probe,fox
https://www.foxnews.com/media/cnn-brings-scandal-plagued-jeffrey-toobin-back-fold-abrupt-exit-previous-regime,fox
https://www.foxnews.com/world/panamas-president-holed-nicaraguas-embassy-judiciary-orders-arrest,fox
https://www.foxnews.com/media/questions-bidens-age-dems-media-comedians-keep-piling-up-following-hur-report,fox
https://www.foxnews.com/media/ny-times-crushes-biden-avalanche-criticism-following-hur-report,fox
https://www.foxnews.com/media/biden-says-wont-take-questions-white-house-address-dont-want-anything-get-way,fox
https://www.foxnews.com/media/bill-maher-warned-dems-bidens-electability-long-before-explosive-special-counsel-report,fox
https://www.foxnews.com/politics/dems-one-step-closer-replacing-biden-michelle-obama-damning-special-counsel-report-ramaswamy-sa,fox
https://www.foxnews.com/media/bill-maher-says-biden-switched-out-dnc-convention,fox
https://www.foxnews.com/media/msnbc-hosts-defend-biden-accuse-special-counsel-sneaking-ageism-report,fox
https://www.foxnews.com/media/biden-lashes-reporters-asking-age-concerns-special-counsel-report-judgment,fox
https://www.foxnews.com/world/russian-rapper-threatened-frontline-service-scandalous-almost-naked-party,fox
https://www.foxnews.com/media/ex-cnn-pundit-says-chris-cuomo-called-her-tinsel-crotch-text-suggests-led-network-cutting-her,fox
https://www.foxnews.com/media/clinton-library-deletes-post-asking-people-guess-ex-potus-sent-first-email-jeffrey-epstein,fox
https://www.foxnews.com/politics/2023-in-political-scandals-a-senate-sex-tape-and-indictments-galore,fox
https://www.foxnews.com/media/2023-liberal-reporters-avoid-asking-biden-hunters-growing-legal-woes-formal-interviews,fox
https://www.foxnews.com/world/world-political-scandals-raunchy-dance-video-prompts-leaders-exit-global-corruption-cases-abound,fox
https://www.foxnews.com/politics/capitol-hill-rocked-sex-tape-scandal-featuring-famous-senate-hearing-room,fox
https://www.foxnews.com/media/ny-times-blasted-omitting-key-word-hunter-biden-quote-saying-father-never-financially-involved,fox
https://www.foxnews.com/politics/eric-adams-fate-democrats-political-struggles-reminiscent-andrew-cuomo-expert,fox
https://www.foxnews.com/world/sex-crazed-guards-one-prison-jacuzzi-orgies-refused-work-without-sex-report,fox
https://www.foxnews.com/world/macrons-wife-admits-head-was-mess-when-she-dated-her-high-school-aged-ex-pupil,fox
https://www.foxnews.com/media/bill-maher-confronts-cuomo-nursing-home-scandal-ex-ny-gov-calls-questions-monday-morning-quarterbacking,fox
https://www.foxnews.com/world/ex-finland-pm-went-viral-raunchy-dance-video-makes-flashy-new-career-move,fox
https://www.foxnews.com/media/bidens-string-friendly-interviews-avoid-questions-hunter-corruption-allegations,fox
https://www.foxnews.com/world/catch-me-if-you-can-styled-conman-exposed-decades-bizarre-lies-scams-report,fox
https://www.foxnews.com/world/ex-finland-pm-sanna-marin-went-viral-raunchy-dance-video-sparks-furor-early-exit,fox
https://www.foxnews.com/politics/ramaswamy-calls-hunter-biden-gun-charges-smokescreen-says-real-problem-biden-familys-finances,fox
https://www.foxnews.com/politics/house-republicans-push-condemn-new-mexico-gov-subverting-constitution,fox
https://www.foxnews.com/media/cnn-declares-mccarthy-pushed-unproven-claims-biden-impeachment-inquiry-quietly-admits-true,fox
https://www.foxnews.com/politics/california-mayor-spanked-by-drag-queen-denies-children-present-at-event,fox
https://www.foxnews.com/politics/new-mexico-governor-swipes-at-california-dem-who-called-her-gun-ban-unconstitutional,fox
https://www.foxnews.com/politics/interior-sec-hit-accused-apparent-ethical-breaches-over-oil-gas-drilling-ban,fox
https://www.foxnews.com/media/bidens-weather-channel-sitdown-latest-softball-interview-avoid-hunter-drama-corruption-allegations,fox
https://www.foxnews.com/media/cnns-dana-bash-decries-doj-lacking-humanity-stringing-along-hunter-biden,fox
https://www.foxnews.com/politics/republicans-blast-coverup-hunter-biden-special-counsel-appointment,fox
https://www.foxnews.com/media/cnns-jake-tapper-chalks-up-biden-family-money-revelations-sleazy-not-criminal-during-comer-clash,fox
https://www.foxnews.com/media/hunter-biden-scandal-devon-archer-transcript-exposes-media-peddling-dem-illusion-of-access-talking-point,fox
https://www.foxnews.com/media/nbc-news-mocked-claiming-bidens-brand-tested-never-family-controversies-grow,fox
https://www.foxnews.com/media/hunter-biden-scandal-cnn-abc-cbs-nbc-sunday-shows-completely-avoid-devon-archer-testimony,fox
https://www.foxnews.com/politics/dem-gubernatorial-candidate-took-money-solar-utility-officials-regulates-blows-mind,fox
https://www.foxnews.com/politics/hunter-biden-laid-out-price-power-texts-with-devon-archer-you-are-biden,fox
https://www.foxnews.com/media/washington-post-slaps-biden-four-pinocchios-falsely-claiming-hunter-money-china,fox
https://www.foxnews.com/media/abc-news-spends-less-than-30-seconds-biden-scandals-during-kamala-harris-interview,fox
https://www.foxnews.com/media/leon-panetta-says-doesnt-regret-signing-infamous-letter-implying-hunter-biden-laptop-russian-disinfo,fox
https://www.foxnews.com/media/jesse-watters-media-creating-most-ridiculous-excuses-bidens-scandals,fox
https://www.foxnews.com/media/abc-completely-avoids-on-air-coverage-irs-whistleblowers-explosive-hearing-hunter-biden-probe,fox
https://www.foxnews.com/world/politician-urges-action-mocked-losing-pants-speech-respect-disabled,fox
https://www.foxnews.com/media/cnn-msnbc-skip-live-coverage-irs-whistleblower-hearing-explosive-hunter-biden-probe-claims,fox
https://www.foxnews.com/media/rfk-jr-shrugs-off-biden-family-corruption-allegations-wont-spear-tip-campaign,fox
https://www.foxnews.com/media/cnns-jake-tapper-insists-wont-shy-away-covering-hunter-biden-avoiding-laptop-scandal,fox
https://www.foxnews.com/media/cnns-dana-bash-biden-shunning-7th-grandchild-disturbing,fox
https://www.foxnews.com/us/massachusetts-detective-accused-of-tawdry-love-affair-with-heroin-kingpins-fiancee-report,fox
https://www.foxnews.com/world/special-needs-teacher-fired-school-district-discovered-onlyfans-account-denies-egregious-conduct,fox
https://www.foxnews.com/world/nurse-fired-secret-affair-patient-died-during-sex-hospital-parking-lot,fox
https://www.foxnews.com/media/msnbc-host-scrutinizes-wh-cocaine-found-near-situation-room,fox
https://www.foxnews.com/media/karine-jean-pierre-directly-answered-2-biden-scandal-questions-press-briefings,fox
https://www.foxnews.com/media/msnbcs-nicolle-wallace-gushes-biden-rare-live-interview-avoids-growing-hunter-scandal,fox
https://www.foxnews.com/media/hunter-biden-probe-media-covers-whistleblowers-using-scare-quotes-undermine-credibility-irs,fox
https://www.foxnews.com/media/karine-jean-pierre-spars-reporters-refuses-answer-hunter-biden-questions-testy-exchanges,fox
https://www.foxnews.com/media/ex-cnn-producer-john-griffin-sentenced-19-years-child-sex-crimes,fox
https://www.foxnews.com/politics/white-house-blows-off-hatch-act-violation-continues-using-maga-despite-internal-watchdogs-warning,fox
https://www.foxnews.com/media/ex-cnn-pundit-rips-networks-interview-toobin-masturbation-scandal-sexual-harassment,fox
https://www.foxnews.com/us/ex-social-worker-faked-brain-cancer-dodge-justice-after-false-tip-councilwoman-molested-toddler-victim,fox
https://www.foxnews.com/politics/jeffrey-epstein-allegedly-threatened-bill-gates-reported-affair-russian-card-player-report,fox
https://www.foxnews.com/media/kelly-clarkson-show-faces-accusations-toxic-work-environment-staffers-report,fox
https://www.foxnews.com/politics/cia-approved-former-top-spy-signing-hunter-biden-laptop-letter,fox
https://www.foxnews.com/politics/hunter-bidens-day-court-batesville-residents-weigh-first-sons-child-support-case,fox
https://www.foxnews.com/media/congress-investigate-hunter-biden-corruption-evidence-andy-mccathy,fox
https://www.foxnews.com/world/british-minister-blasts-absurd-saga-force-him-leadership-resignation,fox
https://www.foxnews.com/media/bloomberg-news-sues-doj-stonewalling-release-records-pertaining-biden-classified-documents-scandal,fox
https://www.foxnews.com/politics/dccc-hacked-materials-pledge-medical-record-leaks,fox
https://www.foxnews.com/politics/biden-denies-1m-payments-family-hunter-associate-despite-bank-records-not-true,fox
https://www.foxnews.com/us/former-tennessee-cop-maegan-hall-breaks-silence-sex-scandal-rocked-police-department,fox
https://www.foxnews.com/politics/waltz-house-republicans-drop-resolution-condemning-buttigieg,fox
https://www.foxnews.com/media/biden-chides-abcs-david-muir-grilled-classified-documents-scandal-good-lawyer,fox
https://www.foxnews.com/media/brian-stelter-defends-2020-media-coverage-hunter-biden-laptop-story-never-labeled-disinformation,fox
https://www.foxnews.com/media/cnn-insiders-say-don-lemon-no-defenders-network-not-worth-headache,fox
https://www.foxnews.com/media/t-j-holmes-amy-robach-spotted-vacationing-mexico-leaving-gma3,fox
https://www.foxnews.com/media/ex-cnn-anchor-chris-cuomo-says-firing-consumed-kill-everybody,fox
https://www.foxnews.com/media/biden-tells-pbs-hes-not-at-liberty-discuss-classified-documents-scandal,fox
https://www.foxnews.com/us/tennessee-sex-romp-cop-scandal-police-chief-fired-city-discovers-he-knew-escapades-among-officers,fox
https://www.foxnews.com/media/abbe-lowell-hunter-bidens-high-profile-attorney-legal-battle-over-infamous-laptop,fox
https://www.foxnews.com/politics/mystery-swirls-bidens-closely-guarded-senate-papers-university-delaware,fox
https://www.foxnews.com/politics/biden-needs-firewall-hunter-bidens-legal-defense-former-white-house-ethics-chief-says,fox
https://www.foxnews.com/politics/embattled-rep-george-santos-karaoke-amid-looming-ethics-probe-considered-singing-i-will-survive,fox
https://www.foxnews.com/media/sloppy-joe-shrugged-off-rules-like-reckless-driver-politico-writer-biden-docs-scandal,fox
https://www.foxnews.com/politics/senate-republicans-pence-document-revelations-suggest-dealing-over-classification-docs,fox
https://www.foxnews.com/media/national-archives-silent-disparity-between-handling-biden-trump-documents-fuels-questions,fox
https://www.foxnews.com/world/london-police-play-numbers-game-hiring-officers-face-interviews-report,fox
https://www.foxnews.com/media/abcs-morale-hits-all-time-low-banker-president-kim-goodwin-oversees-anchors-romance-investigation,fox
https://www.foxnews.com/entertainment/hilaria-baldwin-ripped-offensive-accent-talking-paparazzi,fox
https://www.foxnews.com/us/tennessee-cop-fired-sex-romps-faced-termination-preventable-traffic-accidents-report,fox
https://www.foxnews.com/media/bill-maher-admits-biden-very-shady-documents-scandal-different-trumps,fox
https://www.foxnews.com/media/charlamagne-tha-god-rips-media-hypocrisy-amid-coverage-biden-document-scandal-trump-raid,fox
https://www.foxnews.com/media/new-orleans-mayor-cantrell-claims-affair-accusations-sexist-bulls-wouldnt-happen-man,fox
https://www.foxnews.com/media/abc-news-tj-holmes-accused-another-affair-young-staffer-amid-suspension-fling-amy-robach,fox
https://www.foxnews.com/media/cnn-reports-biden-familys-shady-business-dealings-over-two-years-after-ny-post-panned-critics,fox
https://www.foxnews.com/media/ex-intel-official-signed-hunter-biden-laptop-letter-admits-significant-portion-emails-real,fox
https://www.foxnews.com/politics/republicans-respond-after-biden-calls-them-fiscally-demented,fox
https://www.foxnews.com/entertainment/gma-host-amy-robach-reunites-estranged-husband-andrew-shue-amid-reported-t-j-holmes-affair,fox
https://www.foxnews.com/media/katie-porter-allegations-racist-rhetoric-staff-abuse-ignored-media-outlets-launches-senate-bid,fox
https://www.foxnews.com/media/biden-aides-blame-trump-making-them-feel-weird-about-transition-as-documents-mishandled-report,fox
https://www.foxnews.com/world/boris-johnson-partygate-sex-allegations-illegal-lockdown-parties-add-former-prime-ministers-mess,fox
https://www.foxnews.com/us/husband-tennessee-cop-fired-wild-sexual-escapades-not-board-swinger-lifestyle,fox
https://www.foxnews.com/us/tennessee-police-dept-staffing-down-12-wild-accusations-cop-threesomes-duty-escapades-surface,fox
https://www.foxnews.com/media/2022-year-the-hunter-biden-laptop-finally-verified-media,fox
https://www.foxnews.com/media/cnn-beleaguered-network-tumultuous-year-marked-high-profile-firings-continued-ratings-woes,fox
https://www.foxnews.com/media/bari-weiss-claps-back-critics-saying-twitter-files-cherry-picks-reporting-twitter-misled-public,fox
https://www.foxnews.com/media/ex-cnn-producer-john-griffin-pleads-guilty-child-sex-crime,fox
https://www.foxnews.com/media/nonbinary-biden-official-sam-brintons-backstory-called-into-question-lgbtq-activist,fox
https://www.foxnews.com/media/liberals-fume-elon-musk-gives-independent-journalist-bari-weiss-unprecedented-access-twitter-files-2,fox
https://www.foxnews.com/media/elon-musks-second-installment-twitter-files-reveals-secret-blacklists-bari-weiss-reports,fox
https://www.foxnews.com/media/jim-baker-ousted-twitter-lawyer-ex-fbi-official-involved-russiagate-cnn-analyst-between-jobs,fox
https://www.foxnews.com/media/elon-musk-tells-jack-dorsey-important-twitter-files-hidden-bosses-suggests-deleted,fox
https://www.foxnews.com/media/tucker-carlson-exposes-coordinated-effort-among-fbi-media-alter-election-hunter-biden-story,fox
https://www.foxnews.com/media/cbs-nbc-avoid-coverage-abcs-amy-robach-tj-holmes-affair-plaguing-rival-network,fox
https://www.foxnews.com/media/ousted-twitter-counsel-jim-baker-vetted-files-without-elon-musks-knowledge-matt-taibbi-reveals,fox
https://www.foxnews.com/media/ex-media-darling-michael-avenatti-once-compared-holy-spirit-additional-14-year-prison-sentence,fox
https://www.foxnews.com/media/abc-news-avoids-amy-robach-tj-holmes-being-benched-gma-extramarital-affair-makes-headlines,fox
https://www.foxnews.com/media/abc-pulls-married-gma3-anchors-amy-robach-t-j-holmes-off-air-as-extramarital-affair-causes-distraction,fox
https://www.foxnews.com/media/married-abc-news-anchors-had-affair-but-wont-face-network-discipline-as-relationship-becomes-public,fox
https://www.foxnews.com/media/ftx-ceo-sam-bankman-fried-denies-trying-buy-influence-donations-news-outlets,fox
https://www.foxnews.com/sports/andrea-agnelli-era-juventus-fc-board-resigns-en-masse,fox
https://www.foxnews.com/media/cbs-verifies-hunter-biden-laptop-becoming-latest-news-outlet-pivot-after-dismissing-scandal-2020,fox
https://www.foxnews.com/media/nbc-news-blasted-critics-over-retracted-paul-pelosi-report-questions-persist-done-damage,fox
https://www.foxnews.com/video/6314123558112,fox
https://www.foxnews.com/video/6314064714112,fox
https://www.foxnews.com/video/6313968184112,fox
https://www.foxnews.com/video/6313919742112,fox
https://www.foxnews.com/video/6313890916112,fox
https://www.foxnews.com/video/6313887919112,fox
https://www.foxnews.com/video/6313881811112,fox
https://www.foxnews.com/media/jake-tappers-soft-hunter-biden-question-during-biden-interview-follows-medias-weak-coverage-scandal,fox
https://www.foxnews.com/video/6313848372112,fox
https://www.foxnews.com/media/herschel-walker-abortion-story-jumped-media-avoided-video-warnock-wife-abuse-claim-2020,fox
https://www.foxnews.com/video/6313713566112,fox
https://www.foxnews.com/video/6313644857112,fox
https://www.foxnews.com/video/6313598690112,fox
https://www.foxnews.com/video/6313593118112,fox
https://www.foxnews.com/video/6313559383112,fox
https://www.foxnews.com/media/cnns-jake-tapper-cynical-gopers-big-tech-censorship-hunter-biden-story-rigged-2020-election,fox
https://www.foxnews.com/video/6313417887112,fox
https://www.foxnews.com/video/6313406056112,fox
https://www.foxnews.com/video/6313316409112,fox
https://www.foxnews.com/video/6313316614112,fox
https://www.foxnews.com/video/6313309283112,fox
https://www.foxnews.com/video/6313294362112,fox
https://www.foxnews.com/video/6313296398112,fox
https://www.foxnews.com/video/6313286603112,fox
https://www.foxnews.com/video/6312940742112,fox
https://www.foxnews.com/video/6312932966112,fox
https://www.foxnews.com/video/6312855877112,fox
https://www.foxnews.com/video/6312700744112,fox
https://www.foxnews.com/video/6312593495112,fox
https://www.foxnews.com/video/6312592137112,fox
https://www.foxnews.com/video/6312392226112,fox
https://www.foxnews.com/video/6312329983112,fox
https://www.foxnews.com/video/6312277078112,fox
https://www.foxnews.com/video/6312251227112,fox
https://www.foxnews.com/video/6312255294112,fox
https://www.foxnews.com/media/robert-telles-arrest-abc-cbs-nbc-msnbc-avoid-mentioning-suspect-journalists-murder-democrat,fox
https://www.foxnews.com/us/how-fat-leonard-orchestrated-major-us-navy-corruption-scandal-escaped,fox
https://www.foxnews.com/video/6312010422112,fox
https://www.foxnews.com/video/6311607179112,fox
https://www.foxnews.com/video/6311573767112,fox
https://www.foxnews.com/video/6311574963112,fox
https://www.foxnews.com/video/6311567630112,fox
https://www.foxnews.com/video/6311567807112,fox
https://www.foxnews.com/video/6311546132112,fox
https://www.foxnews.com/video/6311536043112,fox
https://www.foxnews.com/video/6311536427112,fox
https://www.foxnews.com/video/6311521892112,fox
https://www.foxnews.com/video/6311520723112,fox
https://www.foxnews.com/video/6311516045112,fox
https://www.foxnews.com/video/6311503510112,fox
https://www.foxnews.com/video/6311449424112,fox
https://www.foxnews.com/video/6311446922112,fox
https://www.foxnews.com/politics/fbi-scandal-history-gop-skepticism,fox
https://www.foxnews.com/video/6311426522112,fox
https://www.foxnews.com/video/6311351064112,fox
https://www.foxnews.com/video/6311290660112,fox
https://www.foxnews.com/media/brian-stelter-remains-defiant-final-reliable-sources-doubles-down,fox
https://www.foxnews.com/video/6311269791112,fox
https://www.foxnews.com/video/6311246539112,fox
https://www.foxnews.com/media/brian-stelter-retrospective-cnns-ousted-media-reporter,fox
https://www.foxnews.com/video/6311096508112,fox
https://www.foxnews.com/video/6311010546112,fox
https://www.foxnews.com/video/6310978498112,fox
https://www.foxnews.com/video/6310974192112,fox
https://www.foxnews.com/video/6310976085112,fox
https://www.foxnews.com/video/6310965906112,fox
https://www.foxnews.com/video/6310965285112,fox
https://www.foxnews.com/video/6310941326112,fox
https://www.foxnews.com/video/6310928724112,fox
https://www.foxnews.com/video/6310926012112,fox
https://www.foxnews.com/video/6310926098112,fox
https://www.foxnews.com/video/6310927646112,fox
https://www.foxnews.com/media/jeffrey-toobin-almost-certainly-pushed-out-cnn-insiders,fox
https://www.foxnews.com/video/6310907146112,fox
https://www.foxnews.com/video/6310805687112,fox
https://www.foxnews.com/video/6310788060112,fox
https://www.foxnews.com/video/6310784897112,fox
https://www.foxnews.com/video/6310771353112,fox
https://www.foxnews.com/video/6310772326112,fox
https://www.foxnews.com/video/6310753853112,fox
https://www.foxnews.com/video/6310748092112,fox
https://www.foxnews.com/video/6310736164112,fox
https://www.foxnews.com/video/6310734276112,fox
https://www.foxnews.com/video/6310723501112,fox
https://www.foxnews.com/video/6310724475112,fox
https://www.foxnews.com/video/6310714357112,fox
https://www.foxnews.com/video/6310713440112,fox
https://www.foxnews.com/video/6310709322112,fox
https://www.foxnews.com/video/6310710534112,fox
https://www.foxnews.com/video/6310692721112,fox
https://www.foxnews.com/video/6310689897112,fox
https://www.foxnews.com/video/6310681553112,fox
https://www.foxnews.com/video/6310664575112,fox
https://www.foxnews.com/video/6310664151112,fox
https://www.foxnews.com/video/6310662322112,fox
https://www.foxnews.com/video/6310656537112,fox
https://www.foxnews.com/video/6310656809112,fox
https://www.foxnews.com/video/6310620363112,fox
https://www.foxnews.com/video/6310621329112,fox
https://www.foxnews.com/video/6310620821112,fox
https://www.foxnews.com/video/6310620407112,fox
https://www.foxnews.com/video/6310618315112,fox
https://www.foxnews.com/video/6310618246112,fox
https://www.foxnews.com/video/6310615438112,fox
https://www.foxnews.com/video/6310618990112,fox
https://www.foxnews.com/media/cnn-brian-stelter-flip-flops-hunter-biden-scandal-right-wing-media-story,fox
https://www.foxnews.com/video/6310470166112,fox
https://www.foxnews.com/video/6310466642112,fox
https://www.foxnews.com/video/6310410814112,fox
https://www.foxnews.com/video/6310376627112,fox
https://www.foxnews.com/video/6310304749112,fox
https://www.foxnews.com/video/6310263050112,fox
https://www.foxnews.com/video/6310115575112,fox
https://www.foxnews.com/media/chris-cuomo-join-newsnation-following-cnn-turmoil,fox
https://www.foxnews.com/video/6310041026112,fox
https://www.foxnews.com/video/6310003383112,fox
https://www.foxnews.com/video/6309951151112,fox
https://www.foxnews.com/video/6309925451112,fox
https://www.foxnews.com/video/6309859148112,fox
https://www.foxnews.com/video/6309853245112,fox
https://www.foxnews.com/video/6309700086112,fox
https://www.foxnews.com/video/6309697065112,fox
https://www.foxnews.com/video/6309673571112,fox
https://www.foxnews.com/video/6309652774112,fox
https://www.foxnews.com/video/6309653648112,fox
https://www.foxnews.com/media/hunter-biden-judge-pirro-explores-presidents-sons-unhinged-life,fox
https://www.foxnews.com/opinion/tucker-carlson-hunter-biden-business-dealings-china-joe-biden,fox
https://www.foxnews.com/video/6309357470112,fox
https://www.foxnews.com/video/6309347754112,fox
https://www.foxnews.com/video/6309263499112,fox
https://www.foxnews.com/world/boris-johnsons-resignation-caps-tumultuous-tenure,fox
https://www.foxnews.com/video/6309235757112,fox
https://www.foxnews.com/media/vibe-dating-explodes-young-singles-ditch-rules-chase-instant-chemistry,fox
https://www.foxnews.com/media/tom-cruise-turned-down-space-film-because-he-didnt-want-ask-trumps-help-report-says,fox
https://www.foxnews.com/media/scott-pelley-says-60-minutes-has-faced-no-corporate-interference-new-paramount-owners,fox
https://www.foxnews.com/media/jim-carrey-reveals-seal-team-six-officer-trained-him-endure-grinch-makeup-after-suffering-from-panic-atta,fox
https://www.foxnews.com/sports/chicago-radio-host-rips-cubs-player-turning-point-event-attendance-nazi-adjacent-pep-rally,fox
https://www.foxnews.com/media/charter-school-touts-beating-every-public-school-new-york-top-math-test-scores,fox
https://www.foxnews.com/media/james-carville-says-democrats-must-realize-youth-not-static-voting-bloc,fox
https://www.foxnews.com/media/actress-amanda-seyfried-calls-socialism-gorgeous-idea,fox
https://www.foxnews.com/media/jimmy-kimmel-tears-times-ai-focused-person-year-cover-featuring-musk-altman-other-tech-ceos,fox
https://www.foxnews.com/opinion/wake-up-dead-man-knives-out-review-daniel-craig-returns-solve-murder-star-studded-sequel,fox
https://www.foxnews.com/opinion/broadcast-bias-networks-would-rather-slam-trump-than-report-massive-somali-fraud,fox
https://www.foxnews.com/opinion/andrew-mccarthy-prosecuting-charlie-kirks-alleged-killer-social-media-age,fox
https://www.foxnews.com/media/us-covert-team-leader-describes-dangerous-mission-rescue-venezuelan-opposition-leader,fox
https://www.foxnews.com/media/nicki-minaj-appears-condemn-newsom-trans-agenda-declares-end-road-his-career,fox
https://www.foxnews.com/sports/turning-point-usa-partners-state-tennessee-establish-club-america-chapter,fox
https://www.foxnews.com/media/top-disney-exec-reveals-white-house-didnt-push-kimmel-suspension-says-we-didnt-hear-from-them,fox
https://www.foxnews.com/media/bennie-thompson-claims-he-misspoke-after-calling-dc-national-guard-shooting-unfortunate-accident,fox
https://www.foxnews.com/media/erika-kirks-standout-fox-news-moments-grief-faith-truth-shes-fighting,fox
https://www.foxnews.com/media/white-house-mocks-cnn-chicken-news-network-after-failing-schedule-stephen-miller,fox
https://www.foxnews.com/media/soros-linked-group-shuts-down-miamis-conservative-radio-mambi-after-three-years-ownership,fox
https://www.foxnews.com/media/tony-dokoupil-becomes-latest-revolving-door-anchors-tasked-revive-cbs-evening-news,fox
https://www.foxnews.com/us/accused-charlie-kirk-assassin-tyler-robinson-tries-hide-from-double-edged-sword-publicity-expert,fox
https://www.foxnews.com/politics/newsom-says-trump-one-most-destructive-president-his-lifetime-this-guy-reckless,fox
https://www.foxnews.com/media/james-carville-blasts-crockett-breaking-first-rule-politics-focusing-herself-more-than-voters,fox
https://www.foxnews.com/entertainment/savannah-chrisley-defends-erika-kirk-slams-reality-star-cheap-shot-grieving-mother,fox
https://www.foxnews.com/media/olivia-nuzzis-new-book-suffers-dismal-sales-following-alleged-affair-revelations-rfk-jr,fox
https://www.foxnews.com/media/joy-reid-reposts-viral-video-calling-jingle-bells-racist-christmas-carol-faces-new-scrutiny,fox
https://www.foxnews.com/media/michelle-obama-says-leaders-hang-too-long-america-elders-have-nowhere-go-dignity,fox
https://www.foxnews.com/media/trump-administrations-top-scientific-priority-ai-energy-secretary-says,fox
https://www.foxnews.com/media/colbert-asks-taylor-swift-she-has-any-advice-him-after-late-show-canceled,fox
https://www.foxnews.com/us/alleged-charlie-kirk-assassin-tyler-robinson-make-first-in-person-court-appearance,fox
https://www.foxnews.com/media/erika-kirk-has-nothing-say-man-accused-killing-her-husband,fox
https://www.foxnews.com/media/wake-charlie-kirks-murder-elon-musk-says-security-issues-keep-him-from-spending-much-time-public,fox
https://www.foxnews.com/media/fox-news-media-spotlight-awards-recognize-team-members-who-went-above-beyond-2025,fox
https://www.foxnews.com/media/kentucky-lawmaker-sparks-firestorm-saying-she-doesnt-feel-good-about-being-white,fox
https://www.foxnews.com/media/pulitzer-prize-board-says-wont-cowed-trump-ongoing-defamation-legal-fight,fox
https://www.foxnews.com/media/kyrsten-sinema-warns-us-adversary-program-ai-chinese-values-america-falls-behind-tech-race,fox
https://www.foxnews.com/media/gayle-king-acknowledges-drama-cbs-amid-network-changes-says-shes-staying-out,fox
https://www.foxnews.com/media/washington-post-praises-bondi-rolling-back-woke-racial-element-doj-slams-bogus-criticism-move,fox
https://www.foxnews.com/media/stephen-miller-claims-cnn-refuses-book-him-for-any-show-any-topic,fox
https://www.foxnews.com/opinion/miranda-devine-erika-kirk-tormented-vile-trolls-since-charlies-assassination,fox
https://www.foxnews.com/politics/trump-torches-bidens-shut-out-press-record-opens-floodgates-media-access-first-year-back,fox
https://www.foxnews.com/media/time-magazine-puts-ai-leaders-person-year-cover,fox
https://www.foxnews.com/media/erika-kirk-delivers-powerful-rebuke-those-celebrating-her-husbands-assassination,fox
https://www.foxnews.com/media/cheryl-hines-reveals-why-she-hasnt-spoken-larry-david-since-curb-your-enthusiasm-finale,fox
https://www.foxnews.com/media/actress-amanda-seyfried-says-shes-not-f-ing-apologizing-charlie-kirk-post-calling-him-hateful,fox
https://www.foxnews.com/media/mcmahon-recounts-story-reassuring-parent-special-needs-funding-continue-department-shrinks,fox
https://www.foxnews.com/media/gavin-newsom-reflects-his-interview-charlie-kirk-sincerity-grace-slain-conservative,fox
https://www.foxnews.com/media/mamdani-declares-hes-ready-any-consequence-standing-against-trumps-federal-immigration-enforcement,fox
https://www.foxnews.com/media/trump-says-any-deal-buy-warner-bros-should-include-cnn,fox
https://www.foxnews.com/media/kelly-shrugs-off-trump-court-martial-threat-says-growing-up-tony-sopranos-hometown-made-him-resilient,fox
https://www.foxnews.com/media/erika-kirk-pushes-back-online-conspiracy-theories-about-husbands-death,fox
https://www.foxnews.com/media/rachel-maddow-regrets-not-pressing-kamala-harris-more-during-interview-about-107-days-memoir,fox
https://www.foxnews.com/media/colbert-says-paramounts-108-billion-bid-warner-bros-proof-could-save-his-show-wanted,fox
https://www.foxnews.com/media/charlemagne-tha-god-calls-out-democrats-playing-footsie-trump-calls-hakeem-jeffries-corny,fox
https://www.foxnews.com/media/florida-ag-sues-starbucks-systemic-discrimination-says-workers-punished-being-white,fox
https://www.foxnews.com/media/nj-moms-smartphone-delay-movement-spreads-140-communities-promoting-tech-balance-not-bans,fox
https://www.foxnews.com/politics/crocketts-potential-successor-repeatedly-railed-against-us-reparations-push-evil,fox
https://www.foxnews.com/media/anti-israel-critics-fume-tony-dokoupil-tapped-anchor-cbs-evening-news,fox
https://www.foxnews.com/media/newsom-calls-homelessness-poverty-poster-child-californias-failures-state,fox
https://www.foxnews.com/media/death-threat-towards-tpusa-chapter-illinois-college-sparks-investigation-forces-leaders-leave-campus,fox
https://www.foxnews.com/politics/democrat-john-fetterman-decries-dehumanizing-attack-against-charlie-kirks-widow-erika,fox
https://www.foxnews.com/media/netflix-set-air-transgender-coal-miner-film-queen-coal-december,fox
https://www.foxnews.com/media/usps-rejects-troop-care-packages-charity-turns-trump-christmas-miracle,fox
https://www.foxnews.com/media/crockett-faces-blowback-from-gop-hollywood-far-left-agenda-media-presence-after-launching-us-senate-bid,fox
https://www.foxnews.com/media/david-letterman-crowns-jimmy-kimmel-the-leader-resistance-calls-trump-fool,fox
https://www.foxnews.com/politics/nancy-mace-vows-fight-like-hell-rename-old-black-lives-matter-plaza-charlie-kirk,fox
https://www.foxnews.com/media/jasmine-crockett-cites-mamdani-trump-aoc-trump-voters-when-confronted-path-victory-texas,fox
https://www.foxnews.com/media/cnn-staffers-fear-utter-s-show-networks-future-paramount-buys-warner-bros-discovery-insiders,fox
https://www.foxnews.com/media/deep-blue-nyc-its-getting-hotter-holidays-right-turns-up-party,fox
https://www.foxnews.com/media/musk-shares-he-could-have-do-over-he-wouldnt-join-doge,fox
https://www.foxnews.com/media/jasmine-crockett-walks-back-claim-hispanic-trump-voters-have-slave-mentality,fox
https://www.foxnews.com/media/joe-rogans-show-snubbed-from-golden-globes-best-podcast-category-despite-popularity,fox
https://www.foxnews.com/sports/pro-football-hall-famer-troy-aikman-critiques-nil-landscape-transfer-rules-lane-kiffins-lsu-move,fox
https://www.foxnews.com/media/michigan-parent-wants-trump-act-after-daughter-shares-locker-room-trans-athlete,fox
https://www.foxnews.com/media/erika-kirk-details-charlie-kirks-final-book-impact-millions-lives,fox
https://www.foxnews.com/media/joe-rogan-mma-fighter-warn-upcoming-white-house-ufc-event-poses-serious-security-safety-concerns,fox
https://www.foxnews.com/media/usa-today-editor-in-chief-exits-after-roughly-one-year-job,fox
https://www.foxnews.com/media/fox-news-stars-battle-holiday-supremacy-christmas-game-show-competition,fox
https://www.foxnews.com/video/6386192116112,fox
https://www.foxnews.com/video/6386034354112,fox
https://www.foxnews.com/entertainment/dick-van-dyke-turns-100-crediting-daily-ritual-keeping-him-youthful,fox
https://www.foxnews.com/entertainment/jim-gaffigan-stores-his-bourbon-collection-decommissioned-catholic-confessional-booth,fox
https://www.foxnews.com/entertainment/amy-schumer-announces-split-says-not-because-she-dropped-some-lbs-he-can-still-pull-some-hot-tail,fox
https://www.foxnews.com/entertainment/jessica-alba-stuns-revealing-bikini-snaps-from-luxury-family-getaway,fox
https://www.foxnews.com/entertainment/ex-prince-andrew-appears-photo-released-jeffrey-epsteins-estate-shared-house-democrats,fox
https://www.foxnews.com/entertainment/jelly-roll-felt-months-away-from-death-before-beginning-dramatic-300-pound-weight-loss-journey,fox
https://www.foxnews.com/entertainment/jelly-roll-says-lifelong-gun-ban-felon-should-have-path-redemption-wants-right-hunt-back,fox
https://www.foxnews.com/entertainment/country-music-duo-shock-fans-announce-heartbreaking-split-after-15-years-together,fox
https://www.foxnews.com/entertainment/jewel-sends-fans-frenzy-stunning-bikini-snaps-ask-singer-she-drank-youth-serum,fox
https://www.foxnews.com/entertainment/adrien-grenier-calls-out-woke-liberal-college-kids-trying-tell-farmers-how-do-jobs,fox
https://www.foxnews.com/entertainment/pulp-fiction-actor-peter-greene-dead-60,fox
https://www.foxnews.com/entertainment/melissa-joan-hart-nearly-fired-from-sabrina-over-racy-maxim-photoshoot,fox
https://www.foxnews.com/entertainment/wheel-fortune-contestant-makes-show-history-record-breaking-million-dollar-win,fox
https://www.foxnews.com/entertainment/jeopardy-fans-slam-contestants-failed-answer-late-hollywood-actor,fox
https://www.foxnews.com/entertainment/ryan-seacrest-spills-wheel-fortune-secret-surprises-co-host-vanna-white,fox
https://www.foxnews.com/entertainment/jeopardy-fire-james-bond-clue-viewers-frustrated,fox
https://www.foxnews.com/entertainment/andrew-sarah-ferguson-reemerge-christening-expert-warns-york-sisters-keep-distance,fox
https://www.foxnews.com/entertainment/liam-neeson-denies-anti-vax-claims-after-narrating-documentary-pharma-corruption,fox
https://www.foxnews.com/entertainment/from-miss-photogenic-beauty-queen-hollywood-icon-michelle-pfeiffers-journey-through-decades-stardom,fox
https://www.foxnews.com/entertainment/king-charles-keeps-door-open-prince-harry-cancer-battle-continues-into-third-year-expert,fox
https://www.foxnews.com/entertainment/kelsey-grammer-now-dad-eight-70-shares-parenting-lesson-he-didnt-grasp-young-father,fox
https://www.foxnews.com/entertainment/kevin-costner-says-first-big-christmas-purchase-left-hardworking-father-tears,fox
https://www.foxnews.com/entertainment/gold-rush-star-warns-washington-has-zero-interest-fixing-debt-fueling-massive-gold-boom,fox
https://www.foxnews.com/entertainment/john-stamos-cast-hunting-wives-drama-wife-questions-potential-nude-scenes,fox
https://www.foxnews.com/entertainment/princess-sofia-sweden-met-jeffrey-epstein-few-times-denies-ties-palace-says,fox
https://www.foxnews.com/entertainment/wendy-williams-attorney-denies-dementia-diagnosis-claims-condition-alcohol-induced,fox
https://www.foxnews.com/entertainment/meghan-markle-urged-show-compassion-her-ailing-father-risk-collapse-hollywood-brand-experts,fox
https://www.foxnews.com/entertainment/king-charles-kicked-andrew-out-cant-remove-disgraced-ex-royal-line-succession-experts,fox
https://www.foxnews.com/entertainment/taylor-swift-fires-back-four-word-message-critics-who-tell-her-go-away,fox
https://www.foxnews.com/entertainment/sharon-osbourne-defends-daughter-kelly-after-trolls-target-her-appearance-following-ozzys-death,fox
https://www.foxnews.com/entertainment/dick-van-dyke-99-credits-ditching-two-bad-habits-for-his-near-century-longevity,fox
https://www.foxnews.com/entertainment/sophie-kinsella-confessions-shopaholic-author-dead-55-following-brain-cancer-battle,fox
https://www.foxnews.com/video/6386404225112,fox
https://www.foxnews.com/video/6386201580112,fox
https://www.foxnews.com/video/6386059980112,fox
https://www.foxnews.com/video/6385913149112,fox
https://www.foxnews.com/entertainment/andrew-demands-new-six-bedroom-home-full-staff-forced-out-royal-lodge-experts,fox
https://www.foxnews.com/entertainment/andrew-faces-final-humiliation-king-charles-erases-royal-legacy-completely-not-much-sympathy-expert,fox
https://www.foxnews.com/entertainment/prince-william-quietly-reshaping-monarchy-king-charles-undergoes-cancer-treatment-battles-scandals-expert,fox
https://www.foxnews.com/politics/uk-prime-minister-suggests-former-prince-andrew-should-testify-epstein-investigation,fox
https://www.foxnews.com/entertainment/kate-middleton-extends-olive-branch-andrews-daughters-amid-jeffrey-epstein-disaster-expert,fox
https://www.foxnews.com/entertainment/sarah-ferguson-hit-latest-business-blow-ex-prince-andrews-epstein-scandals-derail-her-career-expert,fox
https://www.foxnews.com/entertainment/ex-prince-andrew-fighting-tooth-nail-keep-daughters-protected-from-royal-fallout-expert,fox
https://www.foxnews.com/entertainment/sarah-ferguson-massively-edge-panicking-ex-prince-andrews-royal-eviction-expert,fox
https://www.foxnews.com/entertainment/king-charles-birthday-overshadowed-ex-prince-andrew-nightmare-new-epstein-scandals-rock-monarchy,fox
https://www.foxnews.com/entertainment/epstein-emails-suggest-ex-prince-andrew-photo-virginia-giuffre-authentic-despite-royals-denials,fox
https://www.foxnews.com/entertainment/kate-middleton-power-behind-throne-supported-king-charles-stripping-prince-andrews-titles-expert,fox
https://www.foxnews.com/entertainment/ex-prince-andrew-asked-testify-house-democrats-ongoing-jeffrey-epstein-investigation,fox
https://www.foxnews.com/entertainment/ex-prince-andrew-stocked-bathrooms-sex-poppers-jeffrey-epstein-ghislaine-maxwell-party-book,fox
https://www.foxnews.com/entertainment/ex-prince-andrew-vulnerable-criminal-charges-losing-royal-protection-status-experts,fox
https://www.foxnews.com/entertainment/prince-andrews-royal-lodge-eviction-leaves-sarah-ferguson-determined-stand-her-own-two-feet-expert,fox
https://www.foxnews.com/entertainment/prince-andrew-vanishes-royal-website-king-charles-strips-titles-honors,fox
https://www.foxnews.com/entertainment/king-charles-barely-tolerate-former-prince-andrew-scandalous-behavior-expert,fox
https://www.foxnews.com/entertainment/sarah-ferguson-prepares-independent-move-prince-andrew-loses-royal-titles-royal-lodge-lease-report,fox
https://www.foxnews.com/entertainment/king-charles-stunning-prince-andrew-exile-may-too-little-too-late-royals-cling-reputation-expert,fox
https://www.foxnews.com/entertainment/king-charles-strips-prince-andrew-all-royal-titles-honors-amid-ongoing-scandals,fox
https://www.foxnews.com/entertainment/prince-andrews-jealousy-kate-middletons-royal-success-fueled-rift-prince-william-experts,fox
https://www.foxnews.com/entertainment/prince-andrews-mystery-millions-continue-fuel-lavish-lifestyle-public-demands-answers,fox
https://www.foxnews.com/entertainment/king-charles-heckled-over-prince-andrews-epstein-ties-during-royal-visit,fox
https://www.foxnews.com/entertainment/prince-andrew-oblivious-reality-demands-two-homes-royal-lodge-exit-deal-expert,fox
https://www.foxnews.com/entertainment/prince-william-kate-middleton-enforce-zero-tolerance-approach-prince-andrews-scandals-experts,fox
https://www.foxnews.com/entertainment/prince-andrew-spends-days-holed-up-watching-war-films-royal-lodge-move-out-buzz-heats-up-expert,fox
https://www.foxnews.com/entertainment/prince-andrews-arms-banner-removal-ghastly-reserved-high-treason-rebellion-royal-expert,fox
https://www.foxnews.com/entertainment/prince-andrew-faces-public-disgust-outrage-after-living-rent-free-more-than-20-years-experts,fox
https://www.foxnews.com/entertainment/virginia-giuffres-family-calls-king-charles-iii-strip-prince-andrew-away-his-last-remaining-title,fox
https://www.foxnews.com/entertainment/sarah-ferguson-allegedly-visited-jeffrey-epstein-royal-daughters-after-prison-release-report,fox
https://www.foxnews.com/entertainment/prince-andrew-accuser-virginia-giuffre-feared-she-would-die-sex-slave-jeffrey-epstein-trafficking-ring,fox
https://www.foxnews.com/entertainment/prince-william-forces-prince-andrew-out-save-monarchy-from-being-overshadowed-sleaze-expert,fox
https://www.foxnews.com/entertainment/prince-andrew-gives-up-royal-title-king-charles-support,fox
https://www.foxnews.com/entertainment/king-charles-faces-family-uproar-prince-william-tries-exclude-prince-andrew-experts,fox
https://www.foxnews.com/entertainment/prince-andrew-told-jeffrey-epstein-we-together-after-virginia-giuffre-photo-surfaced,fox
https://www.foxnews.com/entertainment/prince-william-sees-prince-andrew-sarah-ferguson-threat-king-charles-freezes-them-out-experts,fox
https://www.foxnews.com/entertainment/prince-andrew-faces-all-time-low-virginia-giuffre-haunts-royal-grave-expert,fox
https://www.foxnews.com/entertainment/prince-andrew-jeffrey-epsteins-friendship-fueled-money-sex-author,fox
https://www.foxnews.com/politics/key-takeaways-from-dojs-release-ghislaine-maxwells-epstein-interviews,fox
https://www.foxnews.com/entertainment/prince-andrew-bully-who-humiliated-royal-staff-throughout-his-career-book,fox
https://www.foxnews.com/entertainment/prince-andrews-rudeness-kate-middleton-caused-ongoing-feud-prince-william-book,fox
https://www.foxnews.com/entertainment/prince-andrew-scores-victory-over-king-charles-royal-lodge-battle-report,fox
https://www.foxnews.com/entertainment/jeffrey-epstein-pal-prince-andrew-free-travel-again-remains-embarrassment-royal-family-expert,fox
https://www.foxnews.com/entertainment/prince-william-draws-hard-line-uncle-prince-andrews-royal-future-experts,fox
https://www.foxnews.com/entertainment/prince-william-plans-banish-uncle-andrew-from-royal-life-when-he-becomes-king-expert,fox
https://www.foxnews.com/entertainment/jeffrey-epstein-pal-prince-andrew-should-disappear-after-virginia-giuffres-death-experts,fox
https://www.foxnews.com/entertainment/prince-andrew-accuser-virginia-giuffres-death-cements-royals-ruin-deepens-epsteins-evil-legacy-experts,fox
https://www.foxnews.com/us/epstein-accuser-virginia-giuffre-leaves-hospital-after-crash-school-bus,fox
https://www.foxnews.com/us/jeffrey-epstein-accusers-school-bus-accident-story-under-fire-from-parents,fox
https://www.foxnews.com/us/jeffrey-epstein-accuser-virginia-giuffre-seriously-injured-after-wreck,fox
https://www.foxnews.com/entertainment/prince-andrew-gets-angry-teddy-bear-collection-isnt-perfect-pyramid-shape-bed-author,fox
https://www.foxnews.com/entertainment/prince-william-wants-prince-andrew-vanish-nude-massage-accusations-expert,fox
https://www.foxnews.com/entertainment/prince-andrew-strapped-cash-manual-work-beneath-him-crumbling-estate-expert,fox
https://www.foxnews.com/entertainment/prince-andrews-jeffrey-epstein-link-disgraced-duke-petrified-step-foot,fox
https://www.foxnews.com/entertainment/king-charles-humiliated-prince-andrew-new-epstein-connections-experts,fox
https://www.foxnews.com/entertainment/prince-andrew-embarrassed-king-charles-sidelines-him-diminished-man-expert,fox
https://www.foxnews.com/entertainment/prince-andrews-royal-lodge-shocking-state-disgraced-duke-maintains-garden-pinch-pennies-report,fox
https://www.foxnews.com/entertainment/prince-william-under-pressure-save-monarchy-prince-harry-prince-andrew-wary-wrath-expert,fox
https://www.foxnews.com/entertainment/prince-andrew-skips-king-charles-christmas-lunch-he-faces-backlash-over-chinese-spy-scandal,fox
https://www.foxnews.com/entertainment/king-charles-haunted-prince-andrew-grubby-duke-humiliates-monarchy-year-hell-experts,fox
https://www.foxnews.com/entertainment/fergie-would-marry-ex-prince-andrew-all-over-again-despite-scandals,fox
https://www.foxnews.com/entertainment/prince-andrew-wont-join-king-charles-royal-family-christmas-after-latest-scandal-reports,fox
https://www.foxnews.com/entertainment/king-charles-secretly-paying-prince-andrews-rent-stripping-allowance-expert,fox
https://www.foxnews.com/entertainment/king-charles-strip-prince-andrew-treasures-38m-royal-nest-egg,fox
https://www.foxnews.com/entertainment/prince-andrew-appears-unfazed-he-faces-eviction-silent-treatment-from-king-charles-report,fox
https://www.foxnews.com/entertainment/king-charles-fed-up-fragile-prince-andrew-disgraced-duke-scrambles-experts,fox
https://www.foxnews.com/entertainment/king-charles-cuts-prince-andrews-1-million-allowance-private-security-book,fox
https://www.foxnews.com/entertainment/prince-andrews-jeffrey-epstein-fallout-princess-beatrice-devastated-expert,fox
https://www.foxnews.com/entertainment/king-charles-losing-patience-prince-andrew-disgraced-duke-refuses-leave-38m-home-expert,fox
https://www.foxnews.com/entertainment/king-charles-cuts-prince-andrews-private-security-disgraced-duke-york-faces-eviction-report,fox
https://www.foxnews.com/entertainment/queen-elizabeth-ii-blind-spot-prince-andrew-epstein-scandal-expert,fox
https://www.foxnews.com/entertainment/king-charles-prince-andrew-desk-pounding-shouting-match-monarchs-idea-downgrade-nieces-author,fox
https://www.foxnews.com/entertainment/king-charles-desperate-avoid-knockdown-war-prince-andrew-refuses-leave-lavish-digs-expert,fox
https://www.foxnews.com/entertainment/prince-andrew-holding-fingertips-prisoner-pride-inside-crumbling-royal-home-experts,fox
https://www.foxnews.com/entertainment/king-charles-struggles-evict-prince-andrew-disgraced-royals-home-disrepair-experts,fox
https://www.foxnews.com/opinion/prince-edward-harry-meghan-blessing,fox
https://www.foxnews.com/us/jeffrey-epstein-fbi-records-targeted-senate-judiciary-probe-after-document-dump,fox
https://www.foxnews.com/us/jeffrey-epstein-files-ghislaine-maxwell-lawyers-fought-against-searching-her-emails-hundreds-terms,fox
https://www.foxnews.com/us/jeffrey-epstein-documents-final-files-reveal-trafficking-allegations-against-prominent-figures,fox
https://www.foxnews.com/entertainment/king-charles-wishes-beloved-kate-middleton-happy-birthday-amid-prince-andrews-epstein-drama,fox
https://www.foxnews.com/us/final-jeffrey-epstein-files-release-looming-court-reposts-stricken-island-photographs,fox
https://www.foxnews.com/entertainment/jeffrey-epstein-connection-pressures-king-charles-strip-prince-andrews-royal-titles-final-punishment,fox
https://www.foxnews.com/us/jeffrey-epstein-files-photos-young-girls-private-island-emerge-latest-doc-dump,fox
https://www.foxnews.com/world/jeffrey-epstein-list-prince-andrew-wont-newly-investigated-uk-police-document-release,fox
https://www.foxnews.com/entertainment/sarah-ferguson-duchess-of-york-allegedly-once-visited-jeffrey-epsteins-florida-home-with-prince-andrew-doc,fox
https://www.foxnews.com/us/jeffrey-epstein-docs-3rd-batch-includes-allegations-sex-trafficker-trolled-nightclubs-underage-girls,fox
https://www.foxnews.com/entertainment/jeffrey-epstein-list-prince-andrew-named-court-documents-final-nail-coffin-expert,fox
https://www.foxnews.com/us/jeffrey-epstein-list-2nd-batch-documents-unsealed-ghislaine-maxwell-lawsuit,fox
https://www.foxnews.com/us/jeffrey-epstein-documents-media-lawyer-asks-judge-unseal-complete-list-names-too,fox
https://www.foxnews.com/us/jeffrey-epstein-documents-5-revelations-ghislaine-maxwell-lawsuit,fox
https://www.foxnews.com/us/jeffrey-epstein-list-court-unseals-names-ghislaine-maxwell-lawsuit,fox
https://www.foxnews.com/us/jeffrey-epstein-friend-list-ghislaine-maxwell-lawsuit-holds-clues-names-about-made-public,fox
https://www.foxnews.com/us/jeffrey-epstein-accuser-mocks-nervous-associates-named-whos-naughty-list,fox
https://www.foxnews.com/entertainment/prince-william-kate-middleton-join-king-charles-balmoral-king-welcomes-prince-andrew-back-into-family,fox
https://www.foxnews.com/entertainment/prince-andrew-retreatsbalmoral-epstein-ties-explored-new-doc-expert-claims,fox
https://www.foxnews.com/entertainment/jeffrey-epstein-once-said-prince-andrew-likes-sex-more-me-doc-claims,fox
https://www.foxnews.com/entertainment/duchess-sarah-ferguson-shares-health-update-undergoing-surgery-breast-cancer-diagnosis,fox
https://www.foxnews.com/entertainment/sarah-ferguson-copied-princess-diana-after-joining-royal-family-mirrored-her,fox
https://www.foxnews.com/entertainment/sarah-ferguson-princess-eugenies-newborn-babys-name-tears,fox
https://www.foxnews.com/entertainment/princess-eugenies-newborn-baby-knocks-prince-edward-down-line-succession-british-throne,fox
https://www.foxnews.com/entertainment/king-charles-coronation-concert-brings-fergie-prince-andrew-together-again,fox
https://www.foxnews.com/entertainment/king-charles-crowned-prince-william-prince-george-line-succession,fox
https://www.foxnews.com/entertainment/prince-harry-prince-andrew-attend-king-charles-queen-camillas-coronation,fox
https://www.foxnews.com/entertainment/prince-andrew-resentful-toward-king-charles-dragging-heels-leave-lavish-home-experts,fox
https://www.foxnews.com/entertainment/sarah-ferguson-reflects-terrifying-prince-philip-decades-alleged-fallout,fox
https://www.foxnews.com/entertainment/sarah-ferguson-black-sheep-returns-royal-fold-turned-disappointment-dollars,fox
https://www.foxnews.com/entertainment/prince-andrew-tighten-belt-king-charles-refuses-share-inheritance-royal-expert-claims,fox
https://www.foxnews.com/entertainment/prince-andrew-furious-king-charles-possible-humiliating-ban-royal-experts-claim,fox
https://www.foxnews.com/entertainment/sarah-ferguson-talks-demise-strong-prince-andrew-becoming-his-bookends-queen-elizabeth,fox
https://www.foxnews.com/entertainment/prince-harry-meghan-markle-reportedly-vacating-frogmore-cottage,fox
https://www.foxnews.com/entertainment/meghan-markle-prince-harrys-frogmore-cottage-eviction-prince-andrew-insulted-new,fox
https://www.foxnews.com/entertainment/meghan-markle-prince-harry-stunned-king-charles-cruel-frogmore-cottage-eviction,fox
https://www.foxnews.com/entertainment/king-charles-wont-leave-prince-andrew-homeless-disgraced-duke-york,fox
https://www.foxnews.com/entertainment/prince-andrews-infamous-bbc-interview-jeffrey-epstein-turned-movie-what-know,fox
https://www.foxnews.com/world/virginia-giuffre-wont-remain-silent-prince-andrew-sexual-abuse-allegations-once-gag-order-lifts-lawyer,fox
https://www.foxnews.com/entertainment/prince-andrew-remains-danger-monarchys-image-amid-reports-buckingham,fox
https://www.foxnews.com/entertainment/prince-andrew-forget-comeback-king-charles-coronation-experts-new-boss,fox
https://www.foxnews.com/politics/george-santos-claims-2020-interview-met-jeffrey-epstein-alleged-sex-trafficker-murdered,fox
https://www.foxnews.com/politics/ghislaine-maxwell-says-she-believes-jeffrey-epstein-murdered-post-conviction-prison-interview-report,fox
https://www.foxnews.com/entertainment/princess-eugenie-pregnant-expecting-second-child-jack-brooksbank-summer,fox
https://www.foxnews.com/world/prince-andrew-building-12m-legal-war-chest-demand-virginia-giuffre-retract-sexual-abuse-claims-reports,fox
https://www.foxnews.com/entertainment/lisa-marie-presleys-pal-sarah-ferguson-believes-late-star-died-broken-heart,fox
https://www.foxnews.com/world/ghislaine-maxwell-claims-prince-andrew-virginia-giuffre-photo-fake-no-memory-pair-meeting,fox
https://www.foxnews.com/entertainment/14-ways-british-royal-family-was-rocked-scandal-in-2022,fox
https://www.foxnews.com/entertainment/prince-andrew-surprisingly-attends-christmas-service-king-charles-iii-prince-william,fox
https://www.foxnews.com/us/epstein-accuser-virginia-giuffre-alan-dershowitz-agree-permanently-drop-lawsuits-against-each-other,fox
https://www.foxnews.com/entertainment/meghan-markle-talks-mom-guilt-stepford-wife-stereotype,fox
https://www.foxnews.com/entertainment/queen-elizabeth-iis-corgis-all-right-sarah-fergusons-update-beloved-dogs-andrew-inherited,fox
https://www.foxnews.com/entertainment/queen-elizabeth-remained-incredibly-close-prince-andrew-right-until-death,fox
https://www.foxnews.com/entertainment/bully-prince-andrew-revolving-door-women-entering-bedroom-former-royal-officer,fox
https://www.foxnews.com/entertainment/king-charles-iii-may-remove-princess-beatrice-princess-eugenie-royal-titles-prince-andrew-expert,fox
https://www.foxnews.com/entertainment/prince-andrew-controversial-friendship-jeffrey-epstein-explored-new-doc,fox
https://www.foxnews.com/entertainment/royal-demotion-prince-harry-meghan-markle-knocked-bottom-totem-pole-andrew-family-website,fox
https://www.foxnews.com/entertainment/king-charles-zero-plans-include-prince-andrew-monarchy-future,fox
https://www.foxnews.com/entertainment/royal-snub-real-reason-prince-harrys-uniform-missing-symbol-honoring-queen,fox
https://www.foxnews.com/entertainment/queen-elizabeth-beloved-corgis-prince-andrew-makes-pit-stop-before-burial-service,fox
https://www.foxnews.com/entertainment/queen-elizabeth-ii-insignia-missing-from-prince-harry-uniform-worn-by-prince-william-prince-andrew,fox
https://www.foxnews.com/entertainment/sarah-ferguson-seen-first-time-queen-elizabeths-death-views-floral-tributes-prince-andrew,fox
https://www.foxnews.com/entertainment/prince-andrews-every-move-scrutinized-continues-thorn-royals-side-expert,fox
https://www.foxnews.com/world/video-shows-prince-andrew-heckler-arrested-crowd-chants-god-save-the-king,fox
https://www.foxnews.com/entertainment/queen-elizabeth-ii-children-king-charles-iii-princess-anne-prince-andrew-prince-edward,fox
https://www.foxnews.com/entertainment/prince-harry-not-allowed-wear-uniform-queens-vigil-prince-andrew-reportedly-gets-special-approval,fox
https://www.foxnews.com/entertainment/harry-meghan-plan-future-kate-keeps-her-distance-while-security-concerns-rise-over-funeral-royal-expert,fox
https://www.foxnews.com/entertainment/prince-andrew-princess-anne-prince-edward-greet-wellwishers-balmoral-queen-elizabeth-death,fox
https://www.foxnews.com/entertainment/prince-andrew-bbc-interview-movie-scoop,fox
https://www.foxnews.com/entertainment/royal-princes-andrew-charles-william-reunite,fox
https://www.foxnews.com/entertainment/prince-andrew-ex-sarah-ferguson-would-marry-duke-york-again,fox
https://www.foxnews.com/entertainment/queen-elizabeth-concerned-prince-andrew-royal-drama,fox
https://www.foxnews.com/entertainment/kate-middleton-garter-day-service-prince-william,fox
https://www.foxnews.com/entertainment/prince-andrew-axed-garter-day-sex-abuse-scandal,fox
https://www.foxnews.com/entertainment/queen-elizabeth-prince-andrew-platinum-jubilee,fox
https://www.foxnews.com/media/platinum-jubilee-prince-andrew-harry-meghan-markle-morgan,fox
https://www.foxnews.com/entertainment/prince-andrew-sarah-ferguson-princess-eugenie-portugal,fox
https://www.foxnews.com/entertainment/queen-elizabeth-son-prince-andrew-tina-brown-book,fox
https://www.foxnews.com/entertainment/prince-andrew-queen-elizabeth-garter-day,fox
https://www.foxnews.com/entertainment/prince-andrew-ex-wife-sarah-ferguson-duchess-york-book-deal,fox
https://www.foxnews.com/entertainment/prince-harry-meghan-markle-andrew-palace-queen-elizabeth-jubilee,fox
https://www.foxnews.com/entertainment/queen-elizabeth-smiles-new-photos-return-work-prince-andrew-losing-freedom-of-city-honor,fox
https://www.foxnews.com/entertainment/prince-andrew-stripped-freedom-of-the-city-of-york-honor-sex-abuse-scandal,fox
https://www.foxnews.com/entertainment/prince-andrew-california-suite-watching-porn-tina-brown-palace-papers,fox
https://www.foxnews.com/entertainment/jeffrey-epstein-prince-andrew-useful-idiot-book-claim-tina-brown-palace-papers,fox
https://www.foxnews.com/entertainment/prince-andrew-princess-eugenie-princess-beatrice-roped-fraud-case,fox
https://www.foxnews.com/entertainment/prince-andrew-sarah-ferguson-instagram-message-deleted-falklands-war,fox
https://www.foxnews.com/entertainment/princess-eugenie-close-prince-harry-prince-andrew-sex-abuse-lawsuit,fox
https://www.foxnews.com/entertainment/queen-elizabeth-ii-divorces-children,fox
https://www.foxnews.com/us/prince-andrew-sex-abuse-suit-sides-agree-drop-case,fox
https://www.foxnews.com/entertainment/royal-family-scandal-covid-queen-elizabeth-ii-platinum-jubilee,fox
https://www.foxnews.com/entertainment/prince-andrew-sex-abuse-settlement,fox
https://www.foxnews.com/entertainment/prince-andrew-ex-wife-sarah-ferguson-public-outing-duke-of-york-sex-abuse-settlement,fox
https://www.foxnews.com/entertainment/prince-andrew-sex-abuse-settlement-fallout-hollywood-publicist-weighs-in,fox
https://www.foxnews.com/entertainment/prince-andrew-press-final-disgrace-settle-sex-abuse-lawsuit,fox
https://www.foxnews.com/entertainment/prince-andrew-duke-of-york-title-withdrawn-settlement-sex-assault-accuser-mp,fox
https://www.foxnews.com/us/prince-andrew-strikes-deal-sexual-abuse-accuser-virginia-giuffre,fox
https://www.foxnews.com/us/virginia-giuffres-legal-team-depose-prince-andrews-ex-assistant,fox
https://www.foxnews.com/entertainment/prince-andrew-membership-golf-club-sexual-abuse-allegations,fox
https://www.foxnews.com/entertainment/prince-andrew-jury-trial-sexual-assault-case-virginia-roberts,fox
https://www.foxnews.com/entertainment/prince-william-prince-adrew-strip-royal-titles-queen-elizabeth-support-sexual-assault-case,fox
https://www.foxnews.com/entertainment/meat-loaf-prince-andrew-alleged-royal-feud-sarah-ferguson-queen-hates-me,fox
https://www.foxnews.com/entertainment/prince-andrew-deletes-twitter-sexual-assault-case-virginia-roberts-giuffre,fox
https://www.foxnews.com/entertainment/prince-andrew-lady-victoria-maxwell-epstein-batman-robin,fox
https://www.foxnews.com/us/jeffrey-epstein-ghislaine-maxwell-john-does-identities-court-papers,fox
https://www.foxnews.com/entertainment/prince-andrew-accuser-witnesses-sex-abuse-lawsuit,fox
https://www.foxnews.com/entertainment/prince-andrew-disappear-royal-family-events-stripped-titles,fox
https://www.foxnews.com/entertainment/prince-charles-ignores-question-prince-andrew-virginia-roberts-giuffre,fox
https://www.foxnews.com/entertainment/royals-stripped-titles-prince-andrew,fox
https://www.foxnews.com/entertainment/queen-elizabeth-ii-told-prince-andrew-stripped-title,fox
https://www.foxnews.com/entertainment/prince-andrew-stripped-military-royal-titles-sexual-assault-case,fox
https://www.foxnews.com/entertainment/prince-andrew-hrh-title-sex-abuse-lawsuit-source-virginia-giuffre,fox
https://www.foxnews.com/us/jeffrey-epstein-prince-andrews-sex-assault-lawsuit-virginia-giuffre,fox
https://www.foxnews.com/us/prince-andrews-lawyer-grilled-udge-secret-epstein-settlement-bars-sex-abuse-suit,fox
https://www.foxnews.com/entertainment/document-prince-andrew-claims-prevents-lawsuit-released,fox
https://www.foxnews.com/us/prince-andrew-cant-document-claim-he-suffered-inability-sweat-lawyers-said,fox
https://www.foxnews.com/us/jeffrey-epsteins-secret-500k-settlement-accuser-released-prince-andrew-rape-lawsuit,fox
https://www.foxnews.com/us/ghislaine-maxwells-conviction-spell-trouble-prince-andrew,fox
https://www.foxnews.com/entertainment/queen-elizabeth-remembers-prince-philip-christmas-speech-meghan-markle-prince-harry-andrew,fox
https://www.foxnews.com/entertainment/meghan-markle-considered-deponent-prince-andrew-sex-abuse-case,fox
https://www.foxnews.com/entertainment/princess-diana-prince-harry-meghan-markle-sarah-ferguson-happiness,fox
https://www.foxnews.com/us/prince-andrew-asks-judge-to-toss-lawsuit-says-alleged-victim-was,fox
https://www.foxnews.com/entertainment/sarah-ferguson-duchess-of-york-prince-andrew-most-persecuted-woman-royal-family,fox
https://www.foxnews.com/entertainment/ghislaine-maxwell-trial-jeffrey-epstein-christina-oxenberg-royal-cousin-prince-andrew,fox
https://www.foxnews.com/us/virginia-giuffre-prince-andrew-baseless-defamatory-attacks,fox
https://www.foxnews.com/entertainment/jeffrey-epstein-pilot-names-hollywood-stars-flew-private-plane,fox
https://www.foxnews.com/entertainment/prince-andrew-lawyers-sexual-abuse-lawsuit-tossed,fox
https://www.foxnews.com/entertainment/princess-eugenie-wedding-anniversary-jack-brooksbank,fox
https://www.foxnews.com/entertainment/prince-william-prince-andrew-threat-monarchy-lawsuit,fox
https://www.foxnews.com/entertainment/prince-andrew-met-police-is-taking-no-further-action-after-reviewing-sex-assault-claims,fox
https://www.foxnews.com/entertainment/queen-elizabeth-faith-buckingham-palace-drama-matthew-dennison-book,fox
https://www.foxnews.com/entertainment/queen-elizabeth-financially-backing-prince-andrew-sex-abuse-lawsuit-report,fox
https://www.foxnews.com/entertainment/prince-william-pressure-future-king-robert-lacey,fox
https://www.foxnews.com/entertainment/prince-andrew-acknowledges-u-s-sex-assault-lawsuit-filed-by-virginia-giuffre,fox
https://www.foxnews.com/us/prince-andrew-uk-high-court-virginia-roberts-giuffre,fox
https://www.foxnews.com/entertainment/prince-andrew-wants-to-remarry-fergie-report,fox
https://www.foxnews.com/us/prince-andrew-virginia-giuffre-lawsuit-pretrial-hearing-court,fox
https://www.foxnews.com/entertainment/prince-andrew-lawyers-question-legal-documents-served-properly-us-jurisdiction,fox
https://www.foxnews.com/entertainment/prince-andrew-served-lawsuit-underage-sex-jeffrey-epstein-accuser-virginia-roberts-giuffre,fox
https://www.foxnews.com/entertainment/prince-andrew-legal-team-remain-calm-new-lawsuit,fox
https://www.foxnews.com/entertainment/sarah-ferguson-calls-queen-elizabeth-mentor-mother-figure,fox
https://www.foxnews.com/entertainment/prince-william-exasperated-prince-andrew-jeffrey-epstein-virginia-giuffre-source-claims,fox
https://www.foxnews.com/entertainment/jeffrey-wpstein-employee-testify-prince-andrew-sexual-assault,fox
https://www.foxnews.com/entertainment/prince-charles-prince-andrew-jeffre-epstein-scandal-virginia-giuffre-lawsuit,fox
https://www.foxnews.com/entertainment/princess-eugenie-prince-andrew-sarah-ferguson-balmoral-castle-lawsuit-virginia-giuffre-epstein-accuser,fox
https://www.foxnews.com/entertainment/prince-andrew-sarah-ferguson-photographed-balmoral-castle-lawsuit-jeffrey-epstein-accuser-virginia-giuffre,fox
https://www.foxnews.com/entertainment/sarah-ferguson-princess-diana-prince-harry-meghan-markle-megxit,fox
https://www.foxnews.com/entertainment/prince-andrew-sued-federal-court-jeffrey-epstein-accuser-virginia-giuffre,fox
https://www.foxnews.com/entertainment/prince-andrew-sued-sexual-abuse-battery-alleged-epstein-victim-virginia-giuffre,fox
https://www.foxnews.com/entertainment/sarah-ferguson-marrying-prince-andrew-memory-royal-wedding,fox
https://www.foxnews.com/entertainment/sarah-ferguson-cruel-nicknames-british-tabloids,fox
https://www.foxnews.com/entertainment/sarah-ferguson-not-perfect-friends-past-mistakes,fox
https://www.foxnews.com/entertainment/princess-beatrice-edoardo-mapelli-first-wedding-anniversary-tribute,fox
https://www.foxnews.com/entertainment/prince-andrew-spent-time-jeffrey-epstein-nyc-townhouse-divorce,fox
https://www.foxnews.com/entertainment/sarah-ferguson-prince-andrew-jeffrey-epstein-scandal-co-parenting,fox
https://www.foxnews.com/entertainment/princess-eugenie-jack-brooksbank-postpone-son-august-christening-amid-coronavirus-scare-report,fox
https://www.foxnews.com/entertainment/princess-eugenie-reveals-new-photos-august-jack-brooksbank-birthday,fox
https://www.foxnews.com/entertainment/2-trespassers-arrested-prince-andrew-royal-lodge-police,fox
https://www.foxnews.com/entertainment/prince-charles-royal-patronage-previously-overseen-prince-andrew,fox
https://www.foxnews.com/entertainment/prince-andrew-surprised-the-palace-prince-philip-death-source-claims,fox
https://www.foxnews.com/entertainment/senior-royals-wont-wear-uniforms-prince-philip-funeral-avoid-awkward,fox
https://www.foxnews.com/entertainment/prince-philip-prince-andrew-speaks-death-queen-elizabeth-huge-void,fox
https://www.foxnews.com/entertainment/why-oprah-winfrey-probably-didnt-ask-meghan-markle-prince-harry-about-prince-andrew-royal-author,fox
https://www.foxnews.com/entertainment/queen-elizabeth-frustrated-by-prince-charles-closer-to-prince-andrew-expert,fox
https://www.foxnews.com/world/ghislaine-maxwells-brother-reveals-key-detail-about-notorious-prince-andrew-photo,fox
https://www.foxnews.com/entertainment/buckingham-palace-silent-meghan-markle-prince-harry-oprah-interview-sparks-fury-bombshell-claims,fox
https://www.foxnews.com/entertainment/palace-investigating-meghan-markle-not-prince-andrew-double-standard-royal-family-author-leslie-carroll,fox
https://www.foxnews.com/entertainment/princess-eugenie-jack-brooksbank-welcome-baby,fox
https://www.foxnews.com/entertainment/sarah-ferguson-the-crown-netflix-prince-andrew,fox
https://www.foxnews.com/entertainment/meghan-markle-prince-harry-win-case-news-agency-not-publish-photos-son-archie,fox
https://www.foxnews.com/entertainment/queen-elizabeth-staffer-stealing-buckingham-palace-ebay,fox
https://www.foxnews.com/entertainment/prince-charles-prince-philip-pressured-marriage-princess-diana,fox
https://www.foxnews.com/entertainment/prince-andrew-sex-addiction-new-book-claims,fox
https://www.foxnews.com/entertainment/prince-andrew-visits-mother-queen-elizabeth-amid-epstein-scandal-report,fox
https://www.foxnews.com/entertainment/meghan-markle-prince-harry-critics-morons-finding-freedom-author-omid-scobie,fox
https://www.foxnews.com/entertainment/prince-andrew-birthday-honor-jeffrey-epstein,fox
https://www.foxnews.com/entertainment/jeffrey-epstein-accuser-virginia-giuffre-alleges-prince-andrew-used-puppet-victims,fox
https://www.foxnews.com/entertainment/prince-andrew-team-denies-happy-claim-epstein,fox
https://www.foxnews.com/entertainment/princess-beatrice-marries-edoardo-mapelli-mozzi-private-royal-wedding-ceremony,fox
https://www.foxnews.com/entertainment/ghislaine-maxwell-jeffrey-epstein-christina-oxenberg-prince-andrew,fox
https://www.foxnews.com/entertainment/rose-mcgowan-calls-for-arrests-prince-andrew-bill-clinton-following-ghislaine-maxwell-fbi-capture,fox
https://www.foxnews.com/entertainment/prince-andrew-legal-team-bewildered-jeffrey-epstein-investigation,fox
https://www.foxnews.com/entertainment/prince-andrew-wasnt-well-protected-buckingham-palace-jeffrey-epstein-pal-claims,fox
https://www.foxnews.com/entertainment/sophie-countess-of-wessex-royal-workload-since-megxit,fox
https://www.foxnews.com/entertainment/prince-philip-birthday-queen-elizabeth,fox
https://www.foxnews.com/politics/barr-confirms-doj-wants-prince-andrew-to-provide-some-evidence-in-epstein-investigation,fox
https://www.foxnews.com/entertainment/prince-andrew-us-investigation-jeffrey-epstein-attorneys,fox
https://www.foxnews.com/entertainment/prince-andrew-bbc-interview-jeffrey-epstein-bafta,fox
https://www.foxnews.com/entertainment/prince-andrew-toxic-presence-british-royal-family-report,fox
https://www.foxnews.com/entertainment/jeffrey-epstein-suicide-watch-companion-docuseries-id,fox
https://www.foxnews.com/entertainment/princess-theodora-of-greece-postpoones-wedding-coronavirus-reports,fox
https://www.foxnews.com/entertainment/royal-exit-british-monarchy,fox
https://www.foxnews.com/entertainment/sarah-ferguson-international-family-day-prince-andrew-princesses-beatrice-eugenie,fox
https://www.foxnews.com/entertainment/prince-andrew-sarah-ferguson-owe-8-million-ski-chalet-legal-action-report,fox
https://www.foxnews.com/entertainment/princess-beatrice-royal-wedding-plans-may-coronavirus-pandemic,fox
https://www.foxnews.com/entertainment/prince-andrew-reunites-with-ex-sarah-ferguson-to-deliver-gifts-to-front-line-workers-fighting-coronavirus,fox
https://www.foxnews.com/entertainment/sarah-ferguson-dont-give-up-hope-coronavirus,fox
https://www.foxnews.com/health/prince-andrew-accuser-says-shes-being-tested-coronavirus,fox
https://www.foxnews.com/entertainment/princess-eugenie-honors-sarah-ferguson-mothers-day,fox
https://www.foxnews.com/entertainment/coronavirus-postpone-princess-beatrice-royal-wedding-two-prior-pushbacks-report,fox
https://www.foxnews.com/entertainment/prince-andrew-accuser-virginia-roberts-giuffre-netflix-epstein,fox
https://www.foxnews.com/entertainment/prince-andrew-still-not-cooperating-jeffrey-epstein,fox
https://www.foxnews.com/entertainment/prince-andrew-snubbed-royal-siblings-birthday-report,fox
https://www.foxnews.com/entertainment/prince-andrew-alibi-virginia-roberts-allegations-questioned-former-royal-protection-officer,fox
https://www.foxnews.com/world/prince-andrew-trolled-on-epstein-link-with-banner-draped-on-schoolbus,fox
https://www.foxnews.com/entertainment/prince-andrew-princess-beatrice-epstein-scandal-italy,fox
https://www.foxnews.com/entertainment/royal-family-tone-deaf-prince-andrew-birthday-tribute,fox
https://www.foxnews.com/entertainment/meghan-markle-prince-harry-skipping-prince-andrew-birthday,fox
https://www.foxnews.com/entertainment/prince-andrew-epstein-scandal-princess-beatrice-wedding-date-change,fox
https://www.foxnews.com/entertainment/prince-william-kate-middleton-baftas-megxit-prince-andrew-jokes,fox
https://www.foxnews.com/entertainment/princess-beatrice-wedding-date-low-key-royal-plans,fox
https://www.foxnews.com/entertainment/prince-andrew-cooperate-authorities-jeffrey-epstein-ghislaine-maxwell-christina-oxenberg,fox
https://www.foxnews.com/entertainment/prince-andrew-not-cooperating-feds-jeffrey-epstein-investigation-probe,fox
https://www.foxnews.com/entertainment/meghan-markle-prince-harry-princess-beatrice-princess-eugenie-megxit,fox
https://www.foxnews.com/entertainment/princess-eugenie-ends-instagram-hiatus-dad-prince-andrew-stepped-back-royal-duties,fox
https://www.foxnews.com/entertainment/meghan-markle-prince-harry-bullied-megxit-royal-author,fox
https://www.foxnews.com/entertainment/meghan-markle-prince-harry-miles-apart,fox
https://www.foxnews.com/entertainment/princess-beatrice-royal-wedding-not-televised-prince-andrew-epstein,fox
https://www.foxnews.com/entertainment/meghan-markle-prince-harrys-canadian-holiday-katharine-mcphee-david-foster,fox
https://www.foxnews.com/entertainment/queen-elizabeth-quite-bumpy-christmas-address,fox
https://www.foxnews.com/entertainment/prince-andrew-biggest-supporter-princess-beatrice-sex-scandal,fox
https://www.foxnews.com/entertainment/prince-harry-meghan-markle-pressure-prince-andrew,fox
https://www.foxnews.com/entertainment/meghan-markle-kate-middleton-save-royal-family,fox
https://www.foxnews.com/entertainment/prince-andrew-princess-beatrice-engagement-party-attendance,fox
https://www.foxnews.com/entertainment/prince-andrew-plans-princess-beatrice-down-aisle-wedding-amid-epstein-scandal-report,fox
https://www.foxnews.com/entertainment/disgraced-prince-andrew-surprisingly-attends-buckingham-palace-christmas-party,fox
https://www.foxnews.com/entertainment/stefanie-powers-meghan-markle-prince-harry,fox
https://www.foxnews.com/entertainment/queen-elizabeth-difficult-time-prince-andrew-epstein-scandal,fox
https://www.foxnews.com/entertainment/sarah-ferguson-speaks-prince-andrews-friendship-jeffrey-epstein,fox
https://www.foxnews.com/entertainment/prince-andrew-accuser-virginia-roberts-fbi-death-threats,fox
https://www.foxnews.com/entertainment/katy-perry-romance-justin-trudeau-intimate-japan-photos-world-tour,fox
https://www.foxnews.com/entertainment/katy-perry-joins-justin-trudeau-high-profile-diplomatic-lunch-meeting-former-japanese-pm-japan,fox
https://www.foxnews.com/entertainment/justin-trudeaus-ex-admits-katy-perry-romance-affects-her-emotionally-candid-interview,fox
https://www.foxnews.com/entertainment/katy-perry-struggled-months-release-vulnerable-new-song-about-failed-romance,fox
https://www.foxnews.com/entertainment/katy-perry-hints-reason-orlando-bloom-breakup,fox
https://www.foxnews.com/entertainment/katy-perry-confirms-new-relationship-status-justin-trudeaus-halloween-costume-sparks-buzz,fox
https://www.foxnews.com/entertainment/christian-singer-forrest-frank-questions-celebrating-blatantly-dark-halloween,fox
https://www.foxnews.com/entertainment/katy-perry-transforms-justin-trudeaus-life-romance-heats-up-after-recent-breakups-report,fox
https://www.foxnews.com/entertainment/katy-perry-justin-trudeau-flaunt-romance-risque-french-club-frequented-hollywood-stars,fox
https://www.foxnews.com/entertainment/katy-perry-justin-trudeau-make-first-public-debut-couple-walk-hand-in-hand-paris,fox
https://www.foxnews.com/entertainment/katy-perry-romance-puts-justin-trudeau-back-familiar-place-global-spotlight,fox
https://www.foxnews.com/entertainment/katy-perry-justin-trudeaus-budding-relationship-has-depth-despite-duos-busy-schedules-report,fox
https://www.foxnews.com/entertainment/katy-perry-justin-trudeau-kiss-pack-pda-months-after-first-sparking-romance-rumors,fox
https://www.foxnews.com/entertainment/orlando-bloom-addresses-katy-perry-breakup-first-public-comments-since-split,fox
https://www.foxnews.com/entertainment/orlando-bloom-horrible-person-while-he-lost-over-50-pounds-new-movie,fox
https://www.foxnews.com/entertainment/katy-perrys-attitude-during-high-stakes-testimony-could-make-break-trial-against-us-vet-legal-experts,fox
https://www.foxnews.com/entertainment/katy-perry-turns-heads-bikini-miami-beach-days-before-testifying-15m-mansion-trial,fox
https://www.foxnews.com/entertainment/katy-perry-take-stand-court-battle-us-veteran-after-judge-blasts-proceedings-outrageous,fox
https://www.foxnews.com/entertainment/chris-pratt-dragged-katy-perrys-15m-mansion-showdown-u-s-veterans-family-trial-kicks-off,fox
https://www.foxnews.com/entertainment/real-housewife-blasts-katy-perry-orlando-bloom-lack-empathy-legal-feud-over-15m-mansion,fox
https://www.foxnews.com/entertainment/katy-perry-stops-detroit-concert-young-fan-collapses-stage,fox
https://www.foxnews.com/video/6376660780112,fox
https://www.foxnews.com/video/6376383154112,fox
https://www.foxnews.com/entertainment/katy-perry-justin-trudeau-fuel-romance-buzz-montreal-tour-stop-appearance,fox
https://www.foxnews.com/entertainment/newly-single-katy-perry-enjoys-intimate-dinner-former-canadian-prime-minister-during-world-tour-break,fox
https://www.foxnews.com/entertainment/katy-perry-left-dangling-midair-terrifying-concert-stage-malfunction,fox
https://www.foxnews.com/entertainment/orlando-bloom-arrives-solo-jeff-bezos-lauren-sanchez-wedding-amid-katy-perry-split-reports,fox
https://www.foxnews.com/entertainment/katy-perry-fan-arrested-storming-stage-during-australian-concert,fox
https://www.foxnews.com/entertainment/lauren-sanchez-star-studded-paris-bachelorette-party-bezos-wedding,fox
https://www.foxnews.com/sports/nba-great-shaquille-oneal-floats-theory-blue-origin-flight,fox
https://www.foxnews.com/entertainment/katy-perry-fresh-off-blue-origin-flap-admits-shes-bruised-online-backlash,fox
https://www.foxnews.com/entertainment/katy-perry-ridiculed-space-costume-lifetimes-tour-following-blue-origin-flight-debacle,fox
https://www.foxnews.com/entertainment/katy-perry-blue-origin-space-flight-gayle-king-crews-mission,fox
https://www.foxnews.com/video/6371909021112,fox
https://www.foxnews.com/entertainment/martha-stewart-trolls-katy-perrys-blue-origin-spaceflight,fox
https://www.foxnews.com/entertainment/katy-perry-breaks-down-after-blue-origin-landing-kisses-ground-post-incredible-trip-space,fox
https://www.foxnews.com/entertainment/katy-perry-lauren-sanchez-visit-space-blue-origin-photos,fox
https://www.foxnews.com/entertainment/katy-perrys-blue-origin-flight-follows-william-shatner-on-star-studded-treks-to-space,fox
https://www.foxnews.com/entertainment/katy-perry-lauren-sanchez-show-off-blue-origin-flight-suits-bring-spice-space,fox
https://www.foxnews.com/entertainment/katy-perry-train-zero-gravity-historic-blue-origin-space-flight,fox
https://www.foxnews.com/entertainment/katy-perry-heading-space-lauren-sanchez-blue-origins-all-female-crew,fox
https://www.foxnews.com/entertainment/stevie-nicks-tells-katy-perry-get-off-internet,fox
https://www.foxnews.com/entertainment/nicole-kidman-salma-hayek-go-viral-tense-run-in-balenciaga-fashion-show,fox
https://www.foxnews.com/entertainment/orlando-bloom-thought-was-gonna-die-from-extreme-52-pound-weight-loss-new-movie,fox
https://www.foxnews.com/entertainment/katy-perry-reveals-orlando-blooms-x-rated-reward-completing-chores,fox
https://www.foxnews.com/entertainment/heather-graham-jennifer-lopez-katy-perry-butted-heads-family-faced-warnings-hollywood-evil,fox
https://www.foxnews.com/entertainment/katy-perry-admits-polarizing-figure-credits-spirituality-tough-times,fox
https://www.foxnews.com/entertainment/katy-perrys-music-video-lifetimes-under-investigation-spanish-authorities,fox
https://www.foxnews.com/entertainment/katy-perry-uses-lint-roller-her-feet-weird-bedtime-routine,fox
https://www.foxnews.com/entertainment/abigail-breslin-receiving-death-threats-appearing-slam-katy-perry,fox
https://www.foxnews.com/entertainment/american-idol-alum-suggests-country-music-superstar-katy-perrys-replacement,fox
https://www.foxnews.com/entertainment/katy-perry-goes-nearly-naked-again-upcoming-song-faces-backlash,fox
https://www.foxnews.com/entertainment/katy-perry-goes-nearly-naked-wearing-cut-out-black-dress-paris,fox
https://www.foxnews.com/entertainment/american-idols-original-winner-kelly-clarkson-reveals-shed-return-after-quitting-rival-show-voice,fox
https://www.foxnews.com/entertainment/katy-perry-edits-harrison-butker-speech-pro-lgbtq-lecture,fox
https://www.foxnews.com/entertainment/american-idol-judge-katy-perry-wild-plan-luke-bryan-celebrate-final-episode,fox
https://www.foxnews.com/entertainment/katy-perry-admits-fake-met-gala-photos-fooled-mom,fox
https://www.foxnews.com/entertainment/american-idol-judge-katy-perry-shuts-down-the-biggest-lie-of-the-music-industry,fox
https://www.foxnews.com/entertainment/american-idol-judge-katy-perry-wants-jelly-roll-replace-show,fox
https://www.foxnews.com/entertainment/american-idol-judge-luke-bryan-not-surprised-katy-perrys-exit,fox
https://www.foxnews.com/entertainment/jennifer-lopez-taylor-swift-floated-katy-perrys-american-idol-replacement,fox
https://www.foxnews.com/entertainment/american-idol-judges-katy-perry-lionel-richie-luke-bryan-annoying-habits,fox
https://www.foxnews.com/entertainment/katy-perry-exits-american-idol,fox
https://www.foxnews.com/entertainment/emma-stone-wants-called-birth-name-other-hollywood-stars-real-names-revealed,fox
https://www.foxnews.com/entertainment/new-years-eve-playlist,fox
https://www.foxnews.com/entertainment/gwyneth-paltrow-chris-martin-lead-hollywood-divorcees-making-friends-with-exs-new-love,fox
https://www.foxnews.com/entertainment/taylor-swift-travis-kelces-relationship-rare-praise-celebrity-friends-her-ex,fox
https://www.foxnews.com/entertainment/katy-perry-earns-legal-victory-years-long-battle-15-million-montecito-home,fox
https://www.foxnews.com/entertainment/celine-dion-returns-vegas-spotlight-katy-perry-concert-rare-appearance-may-signal-positive-health,fox
https://www.foxnews.com/entertainment/meghan-markle-prince-harry-attend-katy-perry-concert-star-studded-crowd,fox
https://www.foxnews.com/entertainment/prince-william-kate-middleton-katy-perry-orlando-bloom-couples-may-inspire-text-ex,fox
https://www.foxnews.com/entertainment/sophie-turner-katy-perry-among-celebrities-who-suffered-brutal-breakups,fox
https://www.foxnews.com/us/beverly-hills-police-cryptic-update-missing-musician-co-wrote-katy-perry-song,fox
https://www.foxnews.com/entertainment/katy-perrys-backup-singer-turned-down-pop-music-career-serve-god,fox
https://www.foxnews.com/entertainment/katy-perry-reveals-she-orlando-bloom-stopped-drinking-three-months-finding-balance,fox
https://www.foxnews.com/entertainment/katy-perry-defended-fellow-american-idol-judge-luke-bryan-after-harsh-fan-criticism-we-get-set-up,fox
https://www.foxnews.com/entertainment/katy-perry-not-bully-says-american-idol-finalist-controversial-season,fox
https://www.foxnews.com/entertainment/american-idol-fans-katy-perry-fired-replaced-temporary-judge-alanis-morisette,fox
https://www.foxnews.com/entertainment/lionel-richie-katy-perry-close-coronation-fireworks-tom-cruise-sends-king-charles-special-shout-out,fox
https://www.foxnews.com/entertainment/katy-perry-addresses-confusion-king-charles-coronation-viral,fox
https://www.foxnews.com/entertainment/katy-perry-says-fiance-orlando-bloom-continuously-work-keep-relationship-strong,fox
https://www.foxnews.com/entertainment/orlando-bloom-brags-katy-perry-performing-king-charles-coronation,fox
https://www.foxnews.com/entertainment/katy-perry-hopes-bring-light-love-king-charles-coronation-concert,fox
https://www.foxnews.com/entertainment/american-idol-fans-criticize-katy-perry-luke-bryan-rude-reaction-they-need-apologize,fox
https://www.foxnews.com/entertainment/american-idol-audience-boos-katy-perry-another-questionable-critique,fox
https://www.foxnews.com/entertainment/katy-perry-under-fire-american-idol-judge-criticized-for-contestant-comments,fox
https://www.foxnews.com/entertainment/american-idol-contestant-katy-perry-criticized-apologizes-star-after-experience-destroyed-her,fox
https://www.foxnews.com/entertainment/katy-perry-blasted-being-condescending-american-idol-folllowing-mom-shaming-drama,fox
https://www.foxnews.com/entertainment/american-idol-judge-katy-perry-wears-mama-hat-after-mom-shamed-contestant-quits,fox
https://www.foxnews.com/entertainment/katy-perry-explains-glitching-doll-eye-again-video-performance-goes-viral,fox
https://www.foxnews.com/entertainment/american-idol-contestant-calls-katy-perrys-mom-shaming-joke-hurtful-embarrassing,fox
https://www.foxnews.com/entertainment/katy-perry-pat-sajak-mayim-bialik-trashed-by-fans-tv-hosts-fire-competition-shows,fox
https://www.foxnews.com/entertainment/american-idol-judge-katy-perry-accused-being-bully-mom-shaming-contestant,fox
https://www.foxnews.com/entertainment/katy-perry-sobs-american-idol-audition-school-shooting-survivor,fox
https://www.foxnews.com/entertainment/katy-perry-traumatized-american-idol-contestant-harsh-critique-nightmares,fox
https://www.foxnews.com/entertainment/alec-baldwin-goldie-hawn-step-out-nyc-anne-hathaway-takes-berlin-sheer-leather-dress,fox
https://www.foxnews.com/entertainment/orlando-bloom-katy-perry-relationship-challenging,fox
https://www.foxnews.com/entertainment/katy-perry-supports-fiance-orlando-blooms-ex-wife-miranda-kerr-duo-stuns-red-carpet,fox
https://www.foxnews.com/entertainment/sean-penn-robin-wright-photo-sparks-romance-rumors-celebrity-exes-who-reunite,fox
https://www.foxnews.com/entertainment/john-mayer-finally-reveals-female-inspiration-your-body-is-a-wonderland,fox
https://www.foxnews.com/entertainment/luke-bryans-son-surprised-katy-perry-odd-question-his-dad,fox
https://www.foxnews.com/entertainment/katy-perry-thomas-rhett-team-up-cmas-performance,fox
https://www.foxnews.com/entertainment/katy-perry-explains-glitching-eye-video-performance-goes-viral,fox
https://www.foxnews.com/entertainment/katy-perry-and-kesha-get-slammed-jeffrey-dahmer-references-songs-amid-monster-release-netflix,fox
https://www.foxnews.com/entertainment/katy-perry-slammed-abortion-rights-tweet-rick-caruso,fox
https://www.foxnews.com/entertainment/katy-perry-kentucky-hollywood-bubble-chelsea-handler,fox
https://www.foxnews.com/entertainment/stevie-nicks-katy-perry-music-rivalry-taylor-swift-bulls-t,fox
https://www.foxnews.com/entertainment/katy-perry-beer-can-bra-las-vegas,fox
https://www.foxnews.com/entertainment/even-stevens-christy-carlson-romano-katy-perry-lose-record-deal,fox
https://www.foxnews.com/entertainment/miranda-kerr-recalls-first-meeting-katy-perry,fox
https://www.foxnews.com/entertainment/katy-perry-orlando-bloom-rowdy-party-goofy-costumes,fox
https://www.foxnews.com/entertainment/katy-perry-orlando-bloom-italy-getaway,fox
https://www.foxnews.com/entertainment/american-idol-singing-garbageman-doug-kiker-arrested-domestic-violence,fox
https://www.foxnews.com/entertainment/katy-perry-carrie-underwood-announce-las-vegas-performance-dates-new-resort,fox
https://www.foxnews.com/entertainment/katy-perry-miranda-kerr-close-relationship,fox
https://www.foxnews.com/entertainment/american-idol-katy-perry-lionel-richie-update-luke-bryan-coronavirus,fox
https://www.foxnews.com/entertainment/katy-perry-stopped-shaving-her-legs,fox
https://www.foxnews.com/entertainment/katy-perry-gushes-daughter-daisy,fox
https://www.foxnews.com/entertainment/celebrities-performing-attending-joe-biden-inauguration,fox
https://www.foxnews.com/entertainment/katy-perry-pretend-zooey-deschanel-los-angeles-clubs,fox
https://www.foxnews.com/entertainment/katy-perry-not-the-end-of-the-world-video-zooey-deschanel-alien-abductee,fox
https://www.foxnews.com/entertainment/katy-perry-slammed-followers-dads-non-partisan-clothing-line,fox
https://www.foxnews.com/entertainment/katy-perry-slammed-trump-supporting-family-election,fox
https://www.foxnews.com/entertainment/katy-perry-giant-i-voted-sticker-encourage-americans-cast-ballots,fox
https://www.foxnews.com/entertainment/stars-endorsed-joe-biden-president,fox
https://www.foxnews.com/entertainment/katy-perry-orlando-bloom-song-encouraging-fans-vote-in-person,fox
https://www.foxnews.com/entertainment/cmt-music-awards-2020-watch-performing-what-to-know,fox
https://www.foxnews.com/entertainment/orlando-bloom-katy-perry-daughter-looks-like,fox
https://www.foxnews.com/entertainment/katy-perry-russell-brand-marriage-tornado,fox
https://www.foxnews.com/entertainment/katy-perry-post-baby-body,fox
https://www.foxnews.com/entertainment/miranda-kerr-reacts-katy-perry-orlando-bloom-baby-announcement,fox
https://www.foxnews.com/entertainment/katy-perry-delivering-baby-new-album-in-the-same-week,fox
https://www.foxnews.com/entertainment/katy-perry-orlando-bloom-welcome-baby,fox
https://www.foxnews.com/entertainment/katy-perry-orlando-bloom-relationship,fox
https://www.foxnews.com/entertainment/american-idol-returning-katy-perry-lionel-richie-luke-bryan-ryan-seacrest,fox
https://www.foxnews.com/entertainment/orlando-bloom-excited-little-daddys-girl-katy-perry,fox
https://www.foxnews.com/entertainment/katy-perry-split-orlando-bloom-reason,fox
https://www.foxnews.com/entertainment/katy-perry-addresses-rumors-jennifer-aniston-godmother-baby,fox
https://www.foxnews.com/entertainment/orlando-bloom-help-missing-dog,fox
https://www.foxnews.com/entertainment/katy-perry-fights-like-cousins-taylor-swift-related,fox
https://www.foxnews.com/entertainment/orlando-bloom-daughter-katy-perry-moments,fox
https://www.foxnews.com/entertainment/katy-perry-contemplated-suicide-split-orlando-bloom,fox
https://www.foxnews.com/entertainment/blackout-tuesday-social-media,fox
https://www.foxnews.com/entertainment/katy-perry-pregnant-depression-coronavirus,fox
https://www.foxnews.com/entertainment/katy-perry-cries-pregnant-simple-tasks,fox
https://www.foxnews.com/entertainment/katy-perry-reveals-what-would-have-been-met-gala-show-off-baby-bump,fox
https://www.foxnews.com/entertainment/katy-perry-orlando-bloom-fauci-gang,fox
https://www.foxnews.com/entertainment/katy-perry-cat-kitty-purry-died,fox
https://www.foxnews.com/entertainment/katy-perry-orlando-bloom-reveal-gender-baby,fox
https://www.foxnews.com/entertainment/katy-perry-cries-american-idol-contestant-seizure,fox
https://www.foxnews.com/entertainment/katy-perry-wins-copyright-case-christian-rapper,fox
https://www.foxnews.com/entertainment/orlando-bloom-katy-perry-wedding-coronavirus,fox
https://www.foxnews.com/entertainment/katy-perry-australia-coronavirus-orland-bloom-quarantined,fox
https://www.foxnews.com/entertainment/katy-perry-orlando-bloom-friction-singer-says-after-pregnancy,fox
https://www.foxnews.com/entertainment/katy-perry-pregnancy-working-moms,fox
https://www.foxnews.com/entertainment/katy-perry-orlando-bloom-postpone-wedding-japan-coronavirus-reports,fox
https://www.foxnews.com/entertainment/katy-perry-confirms-pregnancy-music-video,fox
https://www.foxnews.com/entertainment/katy-perry-social-media-post-fans-wondering-pregnant,fox
https://www.foxnews.com/entertainment/russell-brand-katy-perry-marriage-comedy-show,fox
https://www.foxnews.com/entertainment/katy-perry-ryan-seacrest-crying-american-idol,fox
https://www.foxnews.com/entertainment/katy-perry-texts-taylor-swift-ending-feud,fox
https://www.foxnews.com/entertainment/katy-perry-american-idol-gas-leak-collapse-first-responders,fox
https://www.foxnews.com/entertainment/katy-perry-fall-american-idol-gas-leak,fox
https://www.foxnews.com/entertainment/orlando-bloom-fixes-tattoo-fail-misspelled-sons-name,fox
https://www.foxnews.com/entertainment/lionel-richie-american-idol-contestant,fox
https://www.foxnews.com/entertainment/katy-perry-support-china-coronavirus,fox
https://www.foxnews.com/entertainment/judge-rules-kesha-defamed-dr-luke-lady-gaga-katy-perry-rape-claim,fox
https://www.foxnews.com/entertainment/prince-charles-katy-perry-ambassador-british-asian-trust,fox
https://www.foxnews.com/entertainment/biggest-halftime-show-mishaps-nfl,fox
https://www.foxnews.com/entertainment/katy-perry-dinner-michael-bloomberg-los-angeles,fox
https://www.foxnews.com/entertainment/katy-perry-depression-fiance-orlando-bloom-pull-poison-out,fox
https://www.foxnews.com/entertainment/katy-perry-holiday-plans-goals-new-year,fox
https://www.foxnews.com/entertainment/katy-perry-santa-outfit-cozy-little-christmas-music-video,fox
https://www.foxnews.com/entertainment/katy-perry-fiance-orlando-bloom-facetime-photo,fox
https://www.foxnews.com/entertainment/katy-perry-sued-for-150g-over-old-halloween-pic-in-hillary-clinton-costume,fox
https://www.foxnews.com/entertainment/prince-hated-katy-perry-ed-sheeran-music-new-memoir,fox
https://www.foxnews.com/entertainment/katy-perry-sultry-swimsuit-pic-birthday-35,fox
https://www.foxnews.com/entertainment/katy-perry-single-harleys-in-hawaii,fox
https://www.foxnews.com/entertainment/paula-abdul-katy-perry-american-idol-salary,fox
https://www.foxnews.com/entertainment/orlando-bloom-katy-perry-kids,fox
https://www.foxnews.com/entertainment/katy-perry-accused-second-person-sexual-misconduct,fox
https://www.foxnews.com/entertainment/katy-perry-teenage-dream-video-sexual-assault-allegation-josh-kloss,fox
https://www.foxnews.com/entertainment/katy-perry-million-verdict-travesty-of-justice-copyright-infringement,fox
https://www.foxnews.com/entertainment/prince-harry-reportedly-among-celebs-who-took-private-jet-to-google-climate-change-summit,fox
https://www.foxnews.com/entertainment/katy-perry-ordered-pay-million-copying-christian-song,fox
https://www.foxnews.com/entertainment/katy-perry-dark-horse-court-record-label-costs,fox
https://www.foxnews.com/entertainment/katy-perrys-dark-horse-earned-41m-singer-took-home-3-2m-for-copied-song,fox
https://www.foxnews.com/entertainment/katy-perrys-dark-horse-improperly-copied-christian-rap-song-jury-decides,fox
https://www.foxnews.com/entertainment/katy-perry-taylor-swift-you-need-to-calm-down-music-video-celebrity-cameos,fox
https://www.foxnews.com/entertainment/taylor-swift-katy-perry-cookies-feud,fox
https://www.foxnews.com/entertainment/katy-perry-nuns-convent-blood-hands,fox
https://www.foxnews.com/entertainment/katy-perry-matching-tattoo-fans,fox
https://www.foxnews.com/entertainment/met-gala-katy-perry-chandelier-burger,fox
https://www.foxnews.com/entertainment/katy-perry-chandelier-met-gala,fox
https://www.foxnews.com/entertainment/american-idol-judge-katy-perry-ursula-costume-disney-night,fox
https://www.foxnews.com/entertainment/american-idol-judge-katy-perry-contestant-song-cover,fox
https://www.foxnews.com/entertainment/american-idol-katy-perry-uche-ndubizu-performance,fox
https://www.foxnews.com/entertainment/katy-perry-calls-orlando-bloom-boyfriend-in-tweet-by-accident-gets-called-out-by-fans,fox
https://www.foxnews.com/entertainment/katy-perry-says-she-would-be-open-to-working-with-taylor-swift-on-a-song,fox
https://www.foxnews.com/entertainment/katy-perry-details-orlando-bloom-accident-filled-proposal,fox
https://www.foxnews.com/entertainment/katy-perry-orlando-bloom-engaged-on-valentines-day,fox
https://www.foxnews.com/entertainment/grammy-awards-dolly-parton-honored-performs-with-miley-cyrus-maren-morris-kacey-musgraves-and-katy-perry,fox
https://www.foxnews.com/entertainment/katy-perry-talks-marrying-russell-brand-when-she-still-believed-in-disney-princesses,fox
https://www.foxnews.com/entertainment/katy-perry-reveals-she-was-suspended-from-6th-grade-for-humping-a-tree-she-pretended-was-tom-cruise,fox
https://www.foxnews.com/entertainment/katy-perry-says-shes-taking-a-break-from-music,fox
https://www.foxnews.com/entertainment/katy-perry-doesnt-hold-back-on-why-american-idol-is-better-than-other-singing-shows,fox
https://www.foxnews.com/entertainment/katy-perry-meets-pop-star-at-smurfs-2-premiere-cries,fox
https://www.foxnews.com/entertainment/katy-perrys-ruby-ring-sparks-engagement-rumors,fox
https://www.foxnews.com/entertainment/photos-katy-perrys-eye-popping-hair-colors,fox
https://www.foxnews.com/entertainment/photos-katy-perrys-eye-popping-stage-costumes,fox
https://www.foxnews.com/video/6386438557112,fox
https://www.foxnews.com/video/6386403172112,fox
https://www.foxnews.com/entertainment/king-charles-shares-good-news-his-ongoing-cancer-battle-emotional-update,fox
https://www.foxnews.com/video/6386403223112,fox
https://www.foxnews.com/world/role-royal-family-brief-history-house-windsor,fox
https://www.foxnews.com/entertainment/queen-elizabeth-through-the-years,fox
https://www.foxnews.com/world/owns-windsor-castle-history-royal-residence-queen-elizabeth-ii-laid-rest,fox
https://www.foxnews.com/entertainment/country-star-raul-malo-dead-60,fox
https://www.foxnews.com/entertainment/john-rich-says-gambling-addiction-became-gross-misuse-god-given-success,fox
https://www.foxnews.com/entertainment/kelsea-ballerini-tells-heckler-f-k-off-after-screamed-her-exs-name-during-concert,fox
https://www.foxnews.com/entertainment/trump-admits-he-didnt-really-prepare-host-kennedy-center-honors-he-works-star-studded-red-carpet,fox
https://www.foxnews.com/entertainment/jessie-james-decker-battles-bizarre-illness-facial-swelling-respiratory-issues,fox
https://www.foxnews.com/entertainment/kenny-chesney-admits-he-snapped-punched-fan-mouth-during-concert-performance,fox
https://www.foxnews.com/travel/dolly-parton-reimagines-travel-truckers-families-roadtrippers-venture,fox
https://www.foxnews.com/entertainment/morgan-wallen-taylor-swift-dominate-spotify-wrapped-2025,fox
https://www.foxnews.com/entertainment/bunnie-xo-roasts-husband-jelly-rolls-clean-shaven-face-say-he-looks-like-beetlejuice,fox
https://www.foxnews.com/entertainment/tim-mcgraw-faith-hills-secret-surviving-hollywood-how-nephew-following-lead,fox
https://www.foxnews.com/entertainment/randy-travis-wife-calls-his-voice-god-given-releases-new-christmas-music-stroke,fox
https://www.foxnews.com/entertainment/jelly-roll-unveils-dramatic-transformation-without-signature-beard-after-weight-loss,fox
https://www.foxnews.com/entertainment/2025-cma-awards-winners-losers,fox
https://www.foxnews.com/entertainment/elizabeth-hurley-billy-ray-cyrus-steal-cmas-grooving-chris-stapleton-kenny-chesney-rocks-stage,fox
https://www.foxnews.com/entertainment/country-stars-lainey-wilson-leann-rimes-kelsea-ballerini-dazzle-cma-awards-red-carpet-nashville,fox
https://www.foxnews.com/entertainment/zach-bryan-admits-quick-rise-fame-after-decade-military-service-led-alcohol-dependency,fox
https://www.foxnews.com/entertainment/cmas-host-lainey-wilson-admits-lied-fiance-duck-hodges-first-date,fox
https://www.foxnews.com/entertainment/keith-urban-performs-trumps-mar-a-lago-party-billionaire-anthony-pratt,fox
https://www.foxnews.com/entertainment/trisha-yearwood-explains-what-made-step-away-from-spotlight-after-marrying-garth-brooks,fox
https://www.foxnews.com/entertainment/jelly-roll-battles-severe-isolation-illness-grueling-foreign-tour,fox
https://www.foxnews.com/entertainment/todd-snider-dead-59-hospital-arrest-alleged-violent-assault,fox
https://www.foxnews.com/entertainment/kid-rock-honors-charlie-kirk-religious-verse-country-rodeo,fox
https://www.foxnews.com/entertainment/dolly-parton-refuses-slow-down-79-feels-like-shes-just-getting-started-despite-health-setbacks,fox
https://www.foxnews.com/entertainment/kelly-clarkson-helps-fans-get-engaged-renew-vows-during-first-vegas-show-since-ex-brandon-blackstocks-death,fox
https://www.foxnews.com/entertainment/country-singer-clay-walker-worsening-ms-symptoms-30-years-diagnosis,fox
https://www.foxnews.com/entertainment/kenny-chesney-fell-deep-soul-love-kennedy-matriarch,fox
https://www.foxnews.com/entertainment/luke-combs-says-hes-giving-kids-normal-childhood-before-very-strange-circumstances-take-over,fox
https://www.foxnews.com/entertainment/garth-brooks-found-nashville-gutted-after-returning-country-music-after-14-year-retirement,fox
https://www.foxnews.com/entertainment/jelly-roll-drops-nearly-200-pounds-sets-sights-sky-high-goal,fox
https://www.foxnews.com/entertainment/ariana-grande-confesses-fame-left-her-traumas-revealing-chat-nicole-kidman,fox
https://www.foxnews.com/entertainment/keith-urban-moved-tears-personal-birthday-gift-family-tribute-following-nicole-kidman-divorce,fox
https://www.foxnews.com/entertainment/nicole-kidman-shows-keith-urban-missing-country-star-reportedly-moved-on-marriage,fox
https://www.foxnews.com/entertainment/keith-urbans-guitarist-maggie-baugh-not-romantically-involved-singer-friend-confirms,fox
https://www.foxnews.com/entertainment/keith-urban-got-candid-about-lonely-miserable-tour-life-before-nicole-kidman-separation,fox
https://www.foxnews.com/entertainment/nicole-kidman-shares-wisdom-overcoming-devastating-times-amid-keith-urban-divorce,fox
https://www.foxnews.com/entertainment/nicole-kidman-admits-public-scrutiny-can-destroy-you-interview-ahead-keith-urban-split,fox
https://www.foxnews.com/entertainment/nicole-kidman-seemingly-hinted-keith-urban-split-weeks-before-divorce-filing,fox
https://www.foxnews.com/entertainment/nicole-kidman-leans-on-daughters-sunday-rose-and-faith-margaret-as-she-navigates-keith-urban-split,fox
https://www.foxnews.com/entertainment/nicole-kidmans-first-post-divorce-instagram-post-leaves-a-list-friends-stunned,fox
https://www.foxnews.com/entertainment/nicole-kidman-debuts-striking-new-look-daughters-after-keith-urban-split,fox
https://www.foxnews.com/entertainment/nicole-kidman-keith-urban-separate-19-years-marriage-report,fox
https://www.foxnews.com/entertainment/nicole-kidman-wishes-husband-keith-urban-happy-birthday-loved-photo,fox
https://www.foxnews.com/entertainment/tom-cruise-church-scientology-divorce-marry-nicole-kidman-book-alleges,fox
https://www.foxnews.com/entertainment/nicole-kidman-shows-off-ripped-physique-new-photo-shoot,fox
https://www.foxnews.com/sports/philip-rivers-44-officially-colts-starter-play-first-nfl-game-nearly-five-years,fox
https://www.foxnews.com/sports/georgia-football-players-arrested-shoplifting-ahead-college-football-playoff,fox
https://www.foxnews.com/sports/heisman-hopeful-reflects-decision-not-play-michigan-after-sherrone-moore-saga,fox
https://www.foxnews.com/sports/bills-quarterback-josh-allen-wife-hailee-steinfeld-announce-expecting-first-child,fox
https://www.foxnews.com/sports/united-states-antonee-robinson-back-fulham-boost-world-cup-hopes,fox
https://www.foxnews.com/sports/karim-benzema-ill-play-france-2026-world-cup-if-call-me,fox
https://www.foxnews.com/sports/mohamed-salah-vs-arne-slot-at-liverpool-and-the-most-infamous-player-manager-bust-ups-in-football-history,fox
https://www.foxnews.com/sports/mohamed-salah-mls-reach-out-messi-says-commissioner-don-garber,fox
https://www.foxnews.com/sports/nfl-week-15-schedule-3-teams-have-playoff-clinching-scenarios,fox
https://www.foxnews.com/sports/sherrone-moores-wife-police-suicidal-michigan-firing,fox
https://www.foxnews.com/sports/colts-star-believes-daniel-jones-should-come-back-2026-im-board-it,fox
https://www.foxnews.com/sports/stephanie-turner-reveals-whether-shell-return-usa-fencing-after-major-organizational-changes,fox
https://www.foxnews.com/sports/former-michigan-coach-jim-harbaugh-reacts-sherrone-moores-firing-criminal-charges,fox
https://www.foxnews.com/sports/trump-honors-miracle-ice-team-mike-eruzione-jim-craig-praise-president-return,fox
https://www.foxnews.com/sports/utahs-winningest-coach-ever-step-down-after-21-seasons-honor-privilege,fox
https://www.foxnews.com/sports/lions-jared-goff-interrupts-reporter-after-repeated-questions-about-rams-were-still-talking-about-it,fox
https://www.foxnews.com/sports/3-mlb-free-agents-new-york-mets-should-target-after-quiet-winter-meetings,fox
https://www.foxnews.com/sports/indiana-qb-fernando-mendoza-adds-major-award-davey-o-brien-eve-heisman-ceremony,fox
https://www.foxnews.com/sports/lets-debate-which-2025-heisman-trophy-finalist-should-win-why,fox
https://www.foxnews.com/video/6386460816112,fox
https://www.foxnews.com/video/6386455902112,fox
https://www.foxnews.com/video/6386455029112,fox
https://www.foxnews.com/video/6386447063112,fox
https://www.foxnews.com/video/6386446064112,fox
https://www.foxnews.com/video/6386442764112,fox
https://www.foxnews.com/video/6386443766112,fox
https://www.foxnews.com/sports/steelers-star-tj-watt-undergoes-surgery-partially-collapsed-lung-after-procedure-goes-wrong-brother-says,fox
https://www.foxnews.com/sports/colts-star-says-overlooked-part-philip-rivers-return-makes-him-confident-44-year-old-qb,fox
https://www.foxnews.com/sports/buccaneers-coach-todd-bowles-goes-expletive-laden-rant-after-crushing-loss-falcons,fox
https://www.foxnews.com/sports/nfl-legend-who-played-his-mid-40s-alarmed-philip-rivers-return-gives-qb-advice,fox
https://www.foxnews.com/sports/indianas-fernando-mendoza-wins-2025-heisman-trophy,fox
https://www.foxnews.com/sports/notre-dame-star-already-over-playoff-snub-defends-bowl-opt-out-he-hopes-heisman-trophy-win,fox
https://www.foxnews.com/sports/2025-college-football-playoff-bowl-buzz,fox
https://www.foxnews.com/sports/2026-nfl-mock-draft-should-heisman-trophy-favorite-fernando-mendoza-go-no-1,fox
https://www.foxnews.com/sports/2025-nfl-week-15-buzz,fox
https://www.foxnews.com/sports/2025-nfl-odds-week-15-lines-spreads-all-16-games,fox
https://www.foxnews.com/sports/first-philip-rivers-now-aaron-glenn-jets-coach-has-comeback-jokes,fox
https://www.foxnews.com/sports/fox-super-6-contest-chris-the-bear-fallicas-nfl-week-15-picks-predictions,fox
https://www.foxnews.com/sports/2025-nfl-odds-back-burrows-bengals-win-afc-north,fox
https://www.foxnews.com/sports/fernando-mendoza-heisman-nfl-draft,fox
https://www.foxnews.com/sports/fired-michigan-coach-sherrone-moore-accused-stalking-victim-for-months-police-dispatch-audio,fox
https://www.foxnews.com/sports/onlyfans-model-says-fired-michigan-coach-sherrone-moore-slid-into-her-dms-wasnt-surprised,fox
https://www.foxnews.com/sports/michigan-president-calls-sherrone-moores-conduct-breach-trust-shocking-dismissal-arrest,fox
https://www.foxnews.com/sports/sherrone-moores-alleged-mistress-reportedly-received-massive-pay-raise-2025,fox
https://www.foxnews.com/sports/ex-nfl-star-reacts-sherrone-moores-dismissal-fallout-names-wild-pick-next-michigan-coach,fox
https://www.foxnews.com/sports/2025-cfp-first-round-odds,fox
https://www.foxnews.com/sports/trump-rips-nil-disaster-oval-office-warns-its-killing-college-sports,fox
https://www.foxnews.com/video/6386433673112,fox
https://www.foxnews.com/sports/indianas-curt-cignetti-wins-coach-year-award-2nd-straight-season,fox
https://www.foxnews.com/sports/michigan-football-staffer-who-had-alleged-affair-sherrone-moore-still-employed-university,fox
https://www.foxnews.com/sports/2026-mlb-free-agent-signing-trades-tracker,fox
https://www.foxnews.com/sports/whats-next-how-top-mlb-signings-affect-new-teams-free-agent-market,fox
https://www.foxnews.com/sports/mlb-updates-free-agency-manager-firings-hirings-injuries-trades-deals-buzz,fox
https://www.foxnews.com/sports/115-year-old-boston-arena-where-babe-ruth-played-hockey-yes-hockey-closing,fox
https://www.foxnews.com/sports/nyc-radio-host-rips-mets-owner-steve-cohen-after-homegrown-star-leaves-sold-us-bill-goods,fox
https://www.foxnews.com/sports/mets-fans-crash-out-online-after-reportedly-losing-pete-alonso-edwin-diaz-free-agency,fox
https://www.foxnews.com/sports/kyle-schwarber-free-agent-contract-home-runs-power,fox
https://www.foxnews.com/sports/orioles-sign-star-slugger-record-contract-reports,fox
https://www.foxnews.com/sports/ranking-10-best-starting-pitchers-mlb-2025,fox
https://www.foxnews.com/sports/ranking-top-10-catchers-mlb-2025,fox
https://www.foxnews.com/sports/dodgers-shohei-ohtani-shines-win-over-cubs-first-game-mlb-season,fox
https://www.foxnews.com/sports/michael-jordan-settles-anti-trust-lawsuit-nascar-league-agrees-change-business-model,fox
https://www.foxnews.com/sports/michael-jordan-reveals-why-hes-suing-nascar-anti-trust-case,fox
https://www.foxnews.com/sports/kaulig-racing-ram-unveil-unique-free-agent-program-2026-nascar-truck-series,fox
https://www.foxnews.com/sports/kevin-harvick-i-feel-absolutely-gutted-denny-hamlin-after-nascar-playoff,fox
https://www.foxnews.com/sports/sydney-sweeney-revs-up-race-fans-speech-before-nascars-championship-race,fox
https://www.foxnews.com/sports/kyle-larson-steals-nascar-cup-series-championship-delivers-heartbreak-denny-hamlin,fox
https://www.foxnews.com/sports/2025-nascar-cup-series-championship-odds,fox
https://www.foxnews.com/sports/2025-nascar-odds-phoenix-championship-race,fox
https://www.foxnews.com/sports/how-watch-2025-nascar-cup-series-championship-phoenix-schedule-start-time-tv-channel,fox
https://www.foxnews.com/sports/2025-nascar-phoenix-qualifying-order-cup-series-championship,fox
https://www.foxnews.com/sports/nascar-champion-kyle-busch-wife-allege-lost-8-5-million-insurance-scheme-a-financial-trap,fox
https://www.foxnews.com/sports/martinsville-odds-xfinity-500-2025,fox
https://www.foxnews.com/sports/how-watch-2025-nascar-martinsville-xfinity-500-schedule-start-time-tv-channel,fox
https://www.foxnews.com/sports/2025-nascar-martinsville-qualifying-order-xfinity-500-playoffs,fox
https://www.foxnews.com/sports/2025-nascar-odds-talladega,fox
https://www.foxnews.com/sports/2025-nascar-odds-vegas,fox
https://www.foxnews.com/sports/how-watch-2025-nascar-las-vegas-south-point-400-schedule-start-time-tv-channel,fox
https://www.foxnews.com/sports/nascar-star-daniel-suarezs-family-involved-terrifying-car-crash,fox
https://www.foxnews.com/sports/2025-nascar-odds-charlotte-roval,fox
https://www.foxnews.com/sports/2025-nascar-charlotte-qualifying-order-bank-america-roval-400,fox
https://www.foxnews.com/sports/how-watch-2025-nascar-charlotte-bank-america-roval-400-schedule-start-time-tv-channel,fox
https://www.foxnews.com/sports/nascar-fines-carson-hocevar-50000-for-endangering-safety-officials-at-kansas-speedway,fox
https://www.foxnews.com/sports/2025-nascar-charlotte-entry-list-all-tbd-drivers-bank-america-roval-400,fox
https://www.foxnews.com/sports/nascar-driver-tyler-reddicks-4-month-old-son-hospitalized-after-showing-signs-heart-failure,fox
https://www.foxnews.com/video/6380155769112,fox
https://www.foxnews.com/sports/2025-nascar-kansas-entry-list-all-38-drivers-hollywood-casino-400,fox
https://www.foxnews.com/sports/ryan-blaney-wont-relax-after-loudon-win-vaults-him-next-playoff-round,fox
https://www.foxnews.com/sports/danica-patrick-responds-jimmy-kimmel-getting-pulled-off-air-after-charlie-kirk-assassination-remarks,fox
https://www.foxnews.com/sports/indycar-nascar-weekend-phoenix,fox
https://www.foxnews.com/sports/whats-difference-between-racing-indy-500-daytona-500-drivers-explain,fox
https://www.foxnews.com/sports/indiana-hoosiers-get-indycar-escort-big-ten-championship-game-vs-ohio-state,fox
https://www.foxnews.com/sports/marco-andretti-retires-from-racing-ending-an-era-for-the-andretti-family-at-the-indy-500,fox
https://www.foxnews.com/sports/indycar-champion-alex-palou-joins-big-noon-kickoff-cheer-indiana,fox
https://www.foxnews.com/sports/top-10-racing-video-games,fox
https://www.foxnews.com/sports/can-anyone-catch-3-time-defending-indycar-champ-alex-palou-2026,fox
https://www.foxnews.com/sports/2026-indycar-schedule-fox,fox
https://www.foxnews.com/sports/alex-palou-fatherhood-indycar-champion,fox
https://www.foxnews.com/sports/toronto-race-move-latest-2026-indycar-schedule-changes,fox
https://www.foxnews.com/sports/indycar-power-rankings-josef-newgarden-returns-alex-palou-ends-high-note,fox
https://www.foxnews.com/sports/josef-newgarden-salvages-season-nashville-victory-sorta,fox
https://www.foxnews.com/sports/2025-indycar-odds-nashville,fox
https://www.foxnews.com/sports/what-know-about-indycar-nashville-final-drive-25,fox
https://www.foxnews.com/sports/how-watch-indycar-nashville-schedule-date-time-tv-channels-streaming,fox
https://www.foxnews.com/sports/alex-palou-formula-1-red-bull,fox
https://www.foxnews.com/sports/behind-scenes-indycar-driver-kyle-kirkwood-milwaukee-mile,fox
https://www.foxnews.com/sports/cadillac-f1-announcement-colton-herta,fox
https://www.foxnews.com/sports/christian-rasmussen-earns-first-indycar-win-spoils-alex-palou-quest-10,fox
https://www.foxnews.com/sports/what-know-about-indycar-milwaukee-one-mile-beef-power,fox
https://www.foxnews.com/sports/jimmie-johnson-nascar-chad-knaus,fox
https://www.foxnews.com/sports/alex-palou-chance-indycar-history-2025,fox
https://www.foxnews.com/sports/2025-indycar-odds-milwaukee,fox
https://www.foxnews.com/sports/how-watch-indycar-milwaukee-schedule-date-time-tv-channels-streaming,fox
https://www.foxnews.com/sports/alex-palou-what-each-win-meant-title-run,fox
https://www.foxnews.com/sports/indycar-power-rankings-alex-palou-champ,fox
https://www.foxnews.com/sports/indycar-driver-conor-daly-rips-fellow-racer-after-hard-racing-leads-nasty-wreck-its-inexcusable,fox
https://www.foxnews.com/sports/alex-palou-wins-indycar-championship,fox
https://www.foxnews.com/sports/indy-500-champion-alex-palou-interview,fox
https://www.foxnews.com/sports/2025-indycar-odds-portland,fox
https://www.foxnews.com/sports/what-know-about-indycar-portland-title-race-powers-future-caution-calls,fox
https://www.foxnews.com/sports/mexican-indycar-driver-caught-off-guard-ices-speedway-slammer-post-social-media,fox
https://www.foxnews.com/sports/alex-palou-can-clinch-indycar-title-portland,fox
https://www.foxnews.com/sports/indycar-championship-format-works-just-fine-despite-alex-palous-dominance,fox
https://www.foxnews.com/sports/who-is-colton-herta-indycar,fox
https://www.foxnews.com/sports/mclaren-boss-zak-brown-believes-f1-blueprint-can-lift-indycar-team,fox
https://www.foxnews.com/sports/indycar-power-rankings-its-alex-palous-world,fox
https://www.foxnews.com/sports/chip-ganassi-relishes-alex-palous-incredible-season,fox
https://www.foxnews.com/sports/alex-palou-brink-title-eighth-win-2025,fox
https://www.foxnews.com/sports/2025-indycar-odds-laguna-seca-java-house-grand-prix-monterey,fox
https://www.foxnews.com/sports/how-watch-indycar-monterey-schedule-date-time-tv-channels-streaming,fox
https://www.foxnews.com/sports/2025-nascar-indianapolis-qualifying-order-brickyard-400,fox
https://www.foxnews.com/sports/felix-rosenqvist-grateful-dead-livery-indycar,fox
https://www.foxnews.com/sports/questions-linger-2026-indycar-schedule-which-tracks-should-added,fox
https://www.foxnews.com/sports/indycar-power-rankings-pato-oward-moves-no-1,fox
https://www.foxnews.com/sports/who-is-pato-oward-indycar,fox
https://www.foxnews.com/sports/championship-not-over-pato-oward-puts-pressure-alex-palou,fox
https://www.foxnews.com/sports/santino-ferrucci-out-toronto-after-morning-crash-damages-car-beyond-repair,fox
https://www.foxnews.com/sports/how-watch-indycar-toronto-schedule-date-time-tv-channels-streaming,fox
https://www.foxnews.com/sports/what-to-know-for-indycar-at-toronto,fox
https://www.foxnews.com/sports/2024-indycar-rookie-year-linus-lundqvist-standby-nolan-siegel,fox
https://www.foxnews.com/sports/2025-indycar-odds-ontario,fox
https://www.foxnews.com/sports/indycar-power-rankings-iowa-winners-alex-palou-pato-oward-1-2,fox
https://www.foxnews.com/sports/what-do-josef-newgarden-team-penske-have-do-win-races,fox
https://www.foxnews.com/sports/alex-palou-pads-championship-lead-iowa-win,fox
https://www.foxnews.com/sports/indycar-driver-nolan-siegel-not-medically-cleared-sundays-race-iowa,fox
https://www.foxnews.com/sports/myles-rowe-makes-history-first-black-driver-to-win-indy-nxt-series-race,fox
https://www.foxnews.com/sports/2025-indycar-odds-iowa-double-header,fox
https://www.foxnews.com/sports/how-watch-indycar-iowa-schedule-date-time-tv-channels-streaming-synk,fox
https://www.foxnews.com/sports/indycar-iowa-doubleheader-what-to-know,fox
https://www.foxnews.com/sports/santino-ferrucci-conor-daly-beef-mid-ohio,fox
https://www.foxnews.com/sports/who-is-david-malukas-indycar,fox
https://www.foxnews.com/sports/indycar-power-rankings-scott-dixon-pushes-no-1,fox
https://www.foxnews.com/sports/scott-dixon-should-relish-59th-career-win-no-matter-circumstances,fox
https://www.foxnews.com/sports/indycar-nxt-drivers-get-involved-terrifying-crash,fox
https://www.foxnews.com/sports/alex-palou-miscue-scott-dixon-mid-ohio,fox
https://www.foxnews.com/sports/alex-palou-scott-dixon-honda-indy-200-mid-ohio-race-results,fox
https://www.foxnews.com/sports/2025-indycar-odds-mid-ohio,fox
https://www.foxnews.com/sports/will-power-confronts-alex-palou-after-mid-ohio-practice,fox
https://www.foxnews.com/sports/marcus-ericsson-fox-sports-livery-mid-ohio,fox
https://www.foxnews.com/sports/more-laps-less-banking-what-know-about-indycar-race-mid-ohio,fox
https://www.foxnews.com/sports/indycar-iconic-liveries-history,fox
https://www.foxnews.com/sports/how-watch-indycar-honda-indy-200-mid-ohio-schedule-date-time-tv-channels-streaming,fox
https://www.foxnews.com/sports/daniel-suarez-wont-return-trackhouse-2026,fox
https://www.foxnews.com/sports/indycar-midseason-report,fox
https://www.foxnews.com/sports/who-is-kyle-kirkwood-indycar-andretti,fox
https://www.foxnews.com/sports/2025-indycar-championship-odds,fox
https://www.foxnews.com/sports/indycar-power-rankings-who-joins-alex-palou-moving-up,fox
https://www.foxnews.com/sports/fuel-saving-maestro-scott-dixon-cant-save-enough-beat-alex-palou,fox
https://www.foxnews.com/sports/alex-palou-breaks-mini-drought-races-victory-xpel-grand-prix-road-america,fox
https://www.foxnews.com/sports/indycar-road-america-odds-2025,fox
https://www.foxnews.com/sports/devlin-defrancesco-gifts-cameraman-bourbon,fox
https://www.foxnews.com/sports/indycar-debut-lighter-car-2028-more-power,fox
https://www.foxnews.com/sports/indycar-road-america-everything-you-should-know,fox
https://www.foxnews.com/sports/how-watch-indycar-road-america-wisconsin-schedule-date-time-tv-channels-streaming,fox
https://www.foxnews.com/sports/alex-palou-indycar-title,fox
https://www.foxnews.com/sports/nolan-siegel-apologizes-profanity-laced-outburst-after-penalty,fox
https://www.foxnews.com/sports/pato-oward-leading-arrow-mclaren-charge-still-work-done,fox
https://www.foxnews.com/sports/kyle-kirkwood-alex-palou-indycar-standings,fox
https://www.foxnews.com/sports/indycar-power-rankings-theres-new-no-1-his-name-kyle,fox
https://www.foxnews.com/sports/nascar-indycar-mexico-city-2026,fox
https://www.foxnews.com/sports/indycar-star-josef-newgarden-flips-terrifying-crash-wwt-raceway,fox
https://www.foxnews.com/sports/indycar-gateway-odds-2025,fox
https://www.foxnews.com/sports/how-watch-indycar-bommarito-schedule-date-time-tv-channels-streaming,fox
https://www.foxnews.com/sports/josef-newgarden-indycar-gateway,fox
https://www.foxnews.com/sports/indycar-will-power-detroit-grand-prix,fox
https://www.foxnews.com/sports/what-were-top-10-storylines-sports-may,fox
https://www.foxnews.com/sports/indycar-docks-santino-ferrucci-26-points-fines-team-weight-violation,fox
https://www.foxnews.com/sports/detroit-grand-prix-takeaways-kyle-kirkwood,fox
https://www.foxnews.com/sports/felix-rosenqvist-louis-foster-violent-crash-detroit-grand-prix,fox
https://www.foxnews.com/sports/plower-move-kyle-kirkwood-wants-indycar-action-after-will-powers-push,fox
https://www.foxnews.com/sports/fox-sports-purple-heart-homes-help-repair-homes-4-vets-during-indy-500-week,fox
https://www.foxnews.com/sports/how-watch-indycar-detroit-grand-prix-schedule-date-time-tv-channels-streaming,fox
https://www.foxnews.com/sports/2025-indy-500-incredible-watches-displayed-years-red-carpet,fox
https://www.foxnews.com/sports/scott-mclaughlin-kyle-larson-apology-indy-500-thumbs-up,fox
https://www.foxnews.com/sports/alex-palou-indycar-records,fox
https://www.foxnews.com/sports/drivers-weigh-in-cars-at-end-indy-500-lead-lap,fox
https://www.foxnews.com/sports/indianapolis-500-winner-alex-palou-teases-racing-nascar-road-course,fox
https://www.foxnews.com/sports/indy-500-champ-alex-palou-nyc-media-tour,fox
https://www.foxnews.com/sports/indy-500-winner-alex-palou-pumps-brakes-possible-f1-move,fox
https://www.foxnews.com/sports/kyle-larson-indy-500-double-attempt-future-doubtful,fox
https://www.foxnews.com/sports/conor-daly-admits-performing-gross-act-while-waiting-indy-500-begin,fox
https://www.foxnews.com/sports/indy-500-runner-up-marcus-ericsson-others-pushed-rear-following-failed-post-race-inspection,fox
https://www.foxnews.com/sports/indianapolis-500-payout-reaches-all-time-high-fourth-consecutive-year,fox
https://www.foxnews.com/sports/indy-500-broadcast-garners-millions-viewers-alex-palou-wins-1st-time,fox
https://www.foxnews.com/sports/indycar-power-rankings-marcus-ericsson-alex-palou,fox
https://www.foxnews.com/sports/marcus-ericsson-david-malukas-heartbroken-after-indy-500,fox
https://www.foxnews.com/sports/indy-500-pole-sitter-crashes-crew-members-pit-road-really-scary,fox
https://www.foxnews.com/sports/indycar-driver-scott-mclaughlin-talks-indy-500-disaster,fox
https://www.foxnews.com/sports/indycar-star-pato-oward-sounds-off-indy-500-after-4th-place-finish,fox
https://www.foxnews.com/sports/ross-chastain-worst-to-1st-win-nascar-coca-cola-600-william-byron,fox
https://www.foxnews.com/sports/kyle-larson-indy-500-coca-cola-600,fox
https://www.foxnews.com/sports/alex-palou-won-oval-indy-500,fox
https://www.foxnews.com/sports/josef-newgarden-indy-500-three-peat,fox
https://www.foxnews.com/sports/winners-drink-milk-iconic-dairy-celebration-indy-500,fox
https://www.foxnews.com/sports/alex-palou-wins-2025-indianapolis-500,fox
https://www.foxnews.com/sports/2025-indy-500-odds,fox
https://www.foxnews.com/sports/tom-brady-takes-indy-500-lap-jimmie-johnson-before-race-begins,fox
https://www.foxnews.com/sports/kyle-larsons-attempt-double-comes-end-he-wrecks-indy-500,fox
https://www.foxnews.com/sports/alexander-rossi-sees-indy-500-hopes-go-up-flames-pit-road,fox
https://www.foxnews.com/sports/scott-mclaughlins-indy-500-hopes-dashed-he-crashes-before-green-flag-waves,fox
https://www.foxnews.com/sports/highest-capacity-sports-venues-usa,fox
https://www.foxnews.com/sports/casey-irsay-foyt-daughter-late-colts-owner-jim-irsay-named-honorary-starter-indy-500,fox
https://www.foxnews.com/sports/indianapolis-500-memorable-moments-history,fox
https://www.foxnews.com/sports/indy-500-fever-baseball-fans-pouring-milk-themselves-celebrate-home-runs,fox
https://www.foxnews.com/sports/kyle-larson-indy-500-double,fox
https://www.foxnews.com/sports/history-of-indy-500-borg-warner-trophy,fox
https://www.foxnews.com/sports/indy-500-honor-u-s-armys-250th-birthday-apache-helicopter-flyover,fox
https://www.foxnews.com/sports/5-mouthwatering-moments-from-wienie-500,fox
https://www.foxnews.com/sports/indy-500-predictions-best-bets,fox
https://www.foxnews.com/sports/wienie-500-relish-unpacking-historic-day,fox
https://www.foxnews.com/sports/fox-super-6-indycar-contest-bob-pockrass-indy-500-picks-predictions,fox
https://www.foxnews.com/sports/2025-indy-500-weather-updated-forecast-history-entering-race-weekend,fox
https://www.foxnews.com/sports/2025-indy-500-odds-rookie-robert-shwartzman-looks-complete-miracle-run,fox
https://www.foxnews.com/sports/indycar-indy-500-penske-vs-ganassi,fox
https://www.foxnews.com/sports/kyle-larson-aims-complete-historic-indy-500-nascar-double-not-achieved-since-2001,fox
https://www.foxnews.com/sports/indycar-pato-oward-indy-500,fox
https://www.foxnews.com/sports/will-power-indy-500-letter,fox
https://www.foxnews.com/sports/josef-newgarden-father-indy-500,fox
https://www.foxnews.com/sports/how-watch-2025-indy-500-race-schedule-date-time-tv-channel-streaming,fox
https://www.foxnews.com/sports/indy-500-carb-day-wienermobiles-race-start-time-hot-to-watch,fox
https://www.foxnews.com/sports/2025-indycar-odds-fun-ways-bet-indy-500,fox
https://www.foxnews.com/sports/who-10-best-indy-500-drivers-all-time,fox
https://www.foxnews.com/sports/will-power-penske-executive-firings-josef-newgarden,fox
https://www.foxnews.com/sports/nascar-star-ryan-blaney-talks-interest-completing-1-toughest-challenges-racing,fox
https://www.foxnews.com/sports/josef-newgarden-quest-for-indy-500-three-peat,fox
https://www.foxnews.com/sports/2025-indycar-guide-choosing-favorite-driver,fox
https://www.foxnews.com/sports/2025-indy-500-weather-updated-forecast-history,fox
https://www.foxnews.com/sports/indy-500-letters-brickyard,fox
https://www.foxnews.com/sports/indy-500s-iconic-borg-warner-trophy-its-history,fox
https://www.foxnews.com/sports/story-behind-why-indianapolis-500-winners-drink-milk-victory-circle,fox
https://www.foxnews.com/sports/roger-penske-indy-500-qualifying-rules-violations-dismissal-interview,fox
https://www.foxnews.com/sports/alex-palou-wins-another-race-zoopolis-500,fox
https://www.foxnews.com/sports/conor-daly-looks-etch-his-name-more-than-just-indy-500-history,fox
https://www.foxnews.com/sports/team-penske-releases-executives-indy-500,fox
https://www.foxnews.com/sports/pacers-racers-indiana-will-epicenter-sports-world-weekend,fox
https://www.foxnews.com/sports/what-should-expectations-nascars-kyle-larson-indianapolis-500,fox
https://www.foxnews.com/sports/roger-penske-front-office-firings-team-executives-indycar,fox
https://www.foxnews.com/sports/indy-500-permeates-hoosier-culture,fox
https://www.foxnews.com/sports/indianapolis-500-could-reshaped-hybrid-electric-power,fox
https://www.foxnews.com/sports/indy-500-officially-sold-out-first-time-almost-decade-350000-fans-expected,fox
https://www.foxnews.com/sports/indy-500-ploesitter-robert-shwartzman-flows,fox
https://www.foxnews.com/sports/got-milk-500-winners-preferred-choice,fox
https://www.foxnews.com/sports/oscar-mayers-wienermobile-fleet-set-race-during-indy-500s-carb-day-festivities,fox
https://www.foxnews.com/sports/guide-picking-wienermobile-inaugural-wienie-500,fox
https://www.foxnews.com/sports/oscar-mayers-wienermobiles-face-off-inaugural-weenie-500-ahead-indy,fox
https://www.foxnews.com/sports/oscar-mayers-iconic-weinermobile-fleet-set-kick-off-indy-500-festivities,fox
https://www.foxnews.com/sports/robert-shwartzman-indy-500-pole-formula-1,fox
https://www.foxnews.com/sports/love-letter-ryan-hunter-reay,fox
https://www.foxnews.com/sports/jack-harvey-indy-500-letter,fox
https://www.foxnews.com/sports/chip-ganassi-penske-penalties,fox
https://www.foxnews.com/sports/takuma-sato-eyeing-third-indy-500-win,fox
https://www.foxnews.com/sports/ranking-indy-500-drivers-josef-newgarden,fox
https://www.foxnews.com/sports/indy-500-champions-hit-disastrous-penalties-before-upcoming-race,fox
https://www.foxnews.com/sports/indycar-driver-robert-shwartzman-talks-racing-indycar-pole-dishes-driving-230-mph,fox
https://www.foxnews.com/sports/rookie-indy-500-driver-robert-shwartzman-celebrates-historic-pole-win,fox
https://www.foxnews.com/sports/robert-shwartzman-indy-500-pole-2025,fox
https://www.foxnews.com/sports/indy-500-crashes,fox
https://www.foxnews.com/sports/indycar-driver-scott-mclaughlin-slams-wall-car-flips-air-during-harrowing-practice-crash,fox
https://www.foxnews.com/sports/colton-herta-suffers-scary-crash-indy-500-qualifying-terrible-day,fox
https://www.foxnews.com/sports/indycar-driver-kyffin-simpson-gets-airborne-terrifying-indy-500-practice-crash,fox
https://www.foxnews.com/sports/scott-dixon-indy-500-qualifying,fox
https://www.foxnews.com/sports/kyffin-simpson-crash-fast-friday-indy-500-qualifying,fox
https://www.foxnews.com/sports/indycar-driver-gets-annoyed-opponent-during-indy-500-practice-f-idiot,fox
https://www.foxnews.com/sports/indy-500-sellout-crowd-2025,fox
https://www.foxnews.com/sports/2025-indy-500-qualifying-format-how-works,fox
https://www.foxnews.com/sports/how-watch-2025-indy-500-qualifications-schedule-date-time-tv-channel-streaming,fox
https://www.foxnews.com/sports/indy-500-drivers-describe-race,fox
https://www.foxnews.com/sports/christian-lundgaard-indy-500-letter,fox
https://www.foxnews.com/sports/2025-indy-500-practice-3-speeds-results,fox
https://www.foxnews.com/sports/marcus-ericsson-wants-feel-indy-500-euphoria-again-knows-how-difficult,fox
https://www.foxnews.com/sports/helio-castroneves-chasing-indy-500-history-drive-for-5,fox
https://www.foxnews.com/sports/pato-oward-indy-500-letter,fox
https://www.foxnews.com/sports/2025-indy-500-liveries-schemes,fox
https://www.foxnews.com/sports/tom-brady-jimmie-johnson-indy-500,fox
https://www.foxnews.com/sports/2025-indy-500-practice-speeds-results,fox
https://www.foxnews.com/sports/how-watch-indy-500-practice-schedule-date-time-tv-channel-streaming,fox
https://www.foxnews.com/sports/arrow-mclarens-pato-oward-reveals-lessons-learned-from-crushing-indy-500-runner-up-finish-2024,fox
https://www.foxnews.com/sports/santino-ferrucci-drama-indy-500,fox
https://www.foxnews.com/sports/felix-rosenqvist-race-creed-themed-car-indianapolis-500,fox
https://www.foxnews.com/sports/nascar-driver-not-ruling-out-eventually-racing-indy-500-i-like-race-anything,fox
https://www.foxnews.com/sports/indy-500-primer-entry-list-schedule,fox
https://www.foxnews.com/sports/indycar-power-rankings-after-sonsio-grand-prix,fox
https://www.foxnews.com/sports/alex-palou-indycar-dominance-indy-grand-prix-sonsio-2025,fox
https://www.foxnews.com/sports/sonsio-grand-prix-odds-ims-2025,fox
https://www.foxnews.com/sports/indy-grand-prix-indy-500-month-of-may,fox
https://www.foxnews.com/sports/fox-super-6-indycar-contest-bob-pockrass-sonsio-grand-prix-picks-predictions,fox
https://www.foxnews.com/sports/will-power-indy-grand-prix-dominance,fox
https://www.foxnews.com/sports/indycar-anything-win,fox
https://www.foxnews.com/sports/alex-palou-indycar-dominance-2025,fox
https://www.foxnews.com/sports/what-were-10-biggest-storylines-sports-april,fox
https://www.foxnews.com/sports/alex-palou-dominates-power-rankings-after-barber,fox
https://www.foxnews.com/sports/indy-500-schedule-practices-qualifications-race,fox
https://www.foxnews.com/sports/f1-star-oscar-piastri-waves-off-possible-indycar-future-no-interest-indy-500,fox
https://www.foxnews.com/sports/indycar-barber-odds-2025,fox
https://www.foxnews.com/sports/caution-free-racing-indycar-drivers,fox
https://www.foxnews.com/sports/2025-indy-500-entry-list-drivers-teams,fox
https://www.foxnews.com/sports/indycar-barber-mannequin-mclaughlin,fox
https://www.foxnews.com/sports/6-key-indycar-questions-alex-palou-kyle-larson,fox
https://www.foxnews.com/sports/indycar-power-rankings-2025,fox
https://www.foxnews.com/sports/kyle-kirkwood-dan-towriss-andretti-long-beach-grand-prix,fox
https://www.foxnews.com/sports/long-beach-grand-prix-odds-indycar,fox
https://www.foxnews.com/sports/scott-mclaughlin-devlin-defrancesco-thermal-argument,fox
https://www.foxnews.com/sports/2025-indycar-odds-colton-herta-scott-dixon-best-bets-grand-prix-long-beach,fox
https://www.foxnews.com/sports/how-watch-indycar-acura-grand-prix-long-beach-schedule-date-time-tv-channels-streaming,fox
https://www.foxnews.com/sports/indycar-alliances-ganassi-shank-penske-aj-foyt,fox
https://www.foxnews.com/sports/which-indycar-driver-will-earn-his-first-career-win-2025,fox
https://www.foxnews.com/sports/kyle-larson-2025-indycar-indy-500,fox
https://www.foxnews.com/sports/what-were-10-biggest-storylines-sports-march,fox
https://www.foxnews.com/sports/arrow-mclaren-wants-to-shake-indycar-underdog-status,fox
https://www.foxnews.com/sports/thermal-club-coachella-desert-indycar-mystique,fox
https://www.foxnews.com/sports/the-thermal-club-grand-prix-odds-indycar,fox
https://www.foxnews.com/sports/indycar-fox-sports-new-graphics-headshots-thermal-race,fox
https://www.foxnews.com/sports/wood-brothers-throwback-darlington-paint-scheme,fox
https://www.foxnews.com/sports/exclusive-thermal-club-hosts-indycar-points-race,fox
https://www.foxnews.com/sports/how-watch-indycar-thermal-club-schedule-date-time-tv-channels-streaming,fox
https://www.foxnews.com/sports/indycar-drivers-giving-middle-finger,fox
https://www.foxnews.com/sports/indycar-arlington-grand-prix-cowboys-rangers,fox
https://www.foxnews.com/sports/katherine-legge-nascar-cup-series-debut-controversy,fox
https://www.foxnews.com/sports/colton-herta-focusing-on-indycar-amid-f1-questions,fox
https://www.foxnews.com/sports/katherine-legge-first-woman-nascar-cup-driver-since-danica,fox
https://www.foxnews.com/sports/josef-newgarden-seeks-third-indycar-title,fox
https://www.foxnews.com/sports/2025-ntt-indycar-series-schedule-dates-times-tv-coverage,fox
https://www.foxnews.com/sports/indycar-season-debut-fox-sports-record,fox
https://www.foxnews.com/sports/alex-palou-wins-st-pete-indycar-champ-favorite,fox
https://www.foxnews.com/sports/scott-dixon-second-place-indycar-finish,fox
https://www.foxnews.com/sports/indycar-nascar-formula-1-different-cars,fox
https://www.foxnews.com/sports/jamie-littles-return-indycar-part-busy-year-fox-sports-announcer,fox
https://www.foxnews.com/sports/will-power-struggles-birthday-he-begins-indycar-season-seeking-extension,fox
https://www.foxnews.com/sports/2025-indycar-grand-prix-st-petersburg-schedule,fox
https://www.foxnews.com/sports/who-10-best-indycar-drivers-all-time,fox
https://www.foxnews.com/sports/best-bets-for-indycar-st-petersburg,fox
https://www.foxnews.com/sports/2025-indycar-odds-fun-ways-bet-firestone-grand-prix-st-petersburg,fox
https://www.foxnews.com/sports/indycar-push-to-pass-rule-2024-controversy,fox
https://www.foxnews.com/media/indycar-series-revs-up-inaugural-season-fox,fox
https://www.foxnews.com/sports/2025-indycar-odds-firestone-grand-prix-st-petersburg,fox
https://www.foxnews.com/sports/2025-indycar-predictions,fox
https://www.foxnews.com/sports/kyle-larson-double-indy-500,fox
https://www.foxnews.com/sports/hailie-deegan-nascar-open-wheel-racing-2025,fox
https://www.foxnews.com/sports/mclaren-zak-brown-indycar-2025-fox,fox
https://www.foxnews.com/sports/2025-indycar-season-fox-primer,fox
https://www.foxnews.com/sports/how-watch-indycar-st-petersburg-date-time-tv-channels-streaming,fox
https://www.foxnews.com/sports/indycar-champion-alex-palou-ovals,fox
https://www.foxnews.com/sports/ntt-indycar-series-drops-preview-starring-indy-500-winner-josef-newgarden,fox
https://www.foxnews.com/sports/fox-sports-inaugural-broadcast-crew-indycar-coverage,fox
https://www.foxnews.com/sports/2025-sports-calendar-50-bucket-list-events-you-cant-miss-next-year,fox
https://www.foxnews.com/sports/kyle-larson-eyes-2025-indy-500-brickyard-400-win,fox
https://www.foxnews.com/sports/ryan-blaney-caps-big-penske-weekend-kyle-busch-day-ends-early,fox
https://www.foxnews.com/sports/fox-sports-ceo-indycar-fox-great-halo-effect-all-motorsports,fox
https://www.foxnews.com/sports/josef-newgarden-wins-back-to-back-indy-500-pulls-away-from-pato-oward-final-lap,fox
https://www.foxnews.com/sports/indy-500-delayed-due-severe-weather-kyle-larson-could-run-the-double,fox
https://www.foxnews.com/sports/2024-indy-500-betting-odds-start-time-the-greatest-spectacle-racing,fox
https://www.foxnews.com/sports/arrow-mclarens-pato-oward-confident-dreams-first-indy-500-victory,fox
https://www.foxnews.com/sports/kyle-larson-whirlwind-day-begins-in-indy-ends-in-north-carolina,fox
https://www.foxnews.com/sports/indycar-driver-gets-airborne-scary-crash-indianapolis-500-practice,fox
https://www.foxnews.com/sports/kyle-larson-kansas-finish-indy-500-advice-kevin-harvick,fox
https://www.foxnews.com/sports/penske-racing-president-tim-cindric-3-others-suspended-indy-500-cheating-scandal,fox
https://www.foxnews.com/sports/mannequin-falls-onto-indycar-track-during-race-alabama,fox
https://www.foxnews.com/sports/indycar-bars-political-branding-vehicles-indianapolis-500-reported-trump-rfk-jr-request,fox
https://www.foxnews.com/entertainment/jerry-seinfelds-upcoming-netflix-movie-pop-tarts-featured-californias-indycar-race,fox
https://www.foxnews.com/us/indycar-moves-nashville-streets-nearby-superspeedway-season-finale-nfl-construction,fox
https://www.foxnews.com/sports/alex-palou-secures-indycar-championship-win-grand-prix-of-portland,fox
https://www.foxnews.com/sports/scott-dixon-wins-bommarito-500-beating-chances-josef-newgarden-winning-6-consecutive-oval-races,fox
https://www.foxnews.com/sports/nascars-bubba-wallace-reveals-indycar-star-told-him-shut-the-hell-up-good-reason,fox
https://www.foxnews.com/sports/josef-newgarden-completes-indycar-series-weekend-sweep-wins-iowa-speedway,fox
https://www.foxnews.com/sports/christian-lundgaard-wins-honda-indy-toronto-first-victory-indycar-season,fox
https://www.foxnews.com/sports/alex-palou-notches-third-consecutive-victory-mid-ohio,fox
https://www.foxnews.com/sports/alex-palou-extends-lead-indycar-points-standings-victory-road-america,fox
https://www.foxnews.com/sports/penske-entertainment-replacing-car-fan-wrecked-flying-tire-indy-500,fox
https://www.foxnews.com/sports/josef-newgarden-rushes-indy-500-fans-victory-wanted-celebrate-people,fox
https://www.foxnews.com/sports/marcus-ericsson-after-finishing-second-indy-500-calls-ending-sequence-unfair-dangerous,fox
https://www.foxnews.com/sports/josef-newgarden-passes-marcus-ericsson-final-lap-win-indianapolis-500,fox
https://www.foxnews.com/sports/kyle-kirkwood-flips-scary-indy-500-crash-tire-flies-catch-fence,fox
https://www.foxnews.com/sports/jewels-twist-national-anthem-indianapolis-500-fails-resonate-fans-panned-disrespectful,fox
https://www.foxnews.com/sports/rising-racing-star-lindsay-brewer-says-she-was-criticized-female-drivers-swimsuit-social-media-posts,fox
https://www.foxnews.com/sports/alex-palou-aims-bring-veteran-suicide-awareness-light-american-legion-be-the-one-car-indy-500,fox
https://www.foxnews.com/sports/scary-indy-500-practice-crash-sends-driver-hospital,fox
https://www.foxnews.com/auto/chevrolet-corvette-z06-indy-500-pace-car,fox
https://www.foxnews.com/sports/kyle-kirkwood-picks-up-first-indycar-win-sitting-pole-long-beach,fox
https://www.foxnews.com/sports/2025-nba-cup-odds,fox
https://www.foxnews.com/sports/2025-2026-nba-championship-odds,fox
https://www.foxnews.com/sports/magics-desmond-bane-hit-hefty-fine-launching-ball-knicks-og-anunoby-wild-moment,fox
https://www.foxnews.com/sports/nba-star-pleads-not-guilty-federal-gambling-conspiracy-charges-court,fox
https://www.foxnews.com/sports/jazz-coach-hardy-drops-f-bombs-players-viral-timeout-video-during-blowout-loss,fox
https://www.foxnews.com/sports/magics-desmond-bane-launches-ball-knicks-og-anunoby-bizarre-moment,fox
https://www.foxnews.com/sports/2026-world-cup-matches-los-angeles-full-schedule-stadiums,fox
https://www.foxnews.com/sports/2026-world-cup-matches-atlanta-start-times-dates-locations,fox
https://www.foxnews.com/sports/basketball-hall-famer-reflects-crisis-gambling-sports-not-fun-see,fox
https://www.foxnews.com/sports/rockets-kevin-durant-latest-score-31k-career-points-during-win-vs-suns,fox
https://www.foxnews.com/sports/nba-legend-reflects-games-evolution-his-ongoing-commitment-giving-back-community,fox
https://www.foxnews.com/sports/lebron-james-streak-1297-consecutive-games-10-points-ends-after-game-winning-decision,fox
https://www.foxnews.com/sports/cause-death-nba-champion-elden-campbell-57-revealed-after-suffering-medical-emergency-while-fishing,fox
https://www.foxnews.com/sports/pistons-player-holds-up-fist-opponent-during-heated-skirmish,fox
https://www.foxnews.com/sports/aaron-judge-jaxson-dart-jalen-brunson-new-york-sports-figures-votes-nyc-mayoral-race,fox
https://www.foxnews.com/sports/2026-world-cup-draw-tom-brady-headlines-star-studded-draw-assistants,fox
https://www.foxnews.com/sports/philadelphia-76ers-fined-100k-nba-violating-injury-reporting-rules-involving-joel-embiid,fox
https://www.foxnews.com/sports/nba-champion-clemson-great-elden-campbell-dead-57,fox
https://www.foxnews.com/sports/clippers-abruptly-part-ways-nba-star-chris-paul-stunning-late-night-move,fox
https://www.foxnews.com/sports/mavericks-cooper-flagg-makes-nba-history-35-point-performance-vs-clippers,fox
https://www.foxnews.com/sports/knicks-star-robbed-185k-watches-jewelry-manhattan-hotel-september-report,fox
https://www.foxnews.com/sports/lakers-nba-cup-court-deemed-unplayable-after-teams-superstar-said-dangerous-surface,fox
https://www.foxnews.com/politics/congress-investigates-betting-scandals-rocking-nba-major-league-baseball-following-federal-charges,fox
https://www.foxnews.com/sports/magic-76ers-players-get-shoving-contest-during-nba-cup-game,fox
https://www.foxnews.com/sports/lakers-star-needles-dangerous-nba-cup-courts-after-win,fox
https://www.foxnews.com/sports/pistons-tie-franchise-mark-13th-straight-win,fox
https://www.foxnews.com/sports/nba-coach-pleads-not-guilty-charges-illegal-gambling-case,fox
https://www.foxnews.com/video/6385526007112,fox
https://www.foxnews.com/sports/2026-nba-draft-no-1-pick-odds,fox
https://www.foxnews.com/sports/mavericks-klay-thompson-blasts-grizzlies-ja-morant-after-heated-confrontation,fox
https://www.foxnews.com/sports/former-nba-wake-forest-star-rodney-rogers-dead-54,fox
https://www.foxnews.com/sports/nba-great-chris-paul-end-storied-career-after-hall-fame-worthy-run-report,fox
https://www.foxnews.com/sports/lakers-fire-joey-buss-jesse-buss-from-front-office-positions-after-ownership-change,fox
https://www.foxnews.com/sports/nets-star-says-team-told-him-steer-away-from-certain-topics-podcast-appearances,fox
https://www.foxnews.com/sports/knicks-narrowly-defeat-mavericks-offensive-foul-call-closing-seconds-sparks-debate,fox
https://www.foxnews.com/sports/lebron-james-lakers-vs-jazz-return-kevin-love-retirement-thoughts,fox
https://www.foxnews.com/sports/lakers-drop-140-points-jazz-lebron-james-starts-nba-record-23rd-season,fox
https://www.foxnews.com/sports/knicks-stars-girlfriend-hunts-down-late-mothers-old-car-30th-birthday-present-the-best-thing-ever,fox
https://www.foxnews.com/sports/warriors-draymond-green-confronts-fan-teasing-him-angel-reese-chants,fox
https://www.foxnews.com/sports/nba-obtaining-cell-phones-from-multiple-teams-investigation-illegal-gambling-scheme-report,fox
https://www.foxnews.com/sports/pelicans-oust-willie-green-after-slow-start-seasons-first-nba-coaching-shakeup,fox
https://www.foxnews.com/sports/victor-wembanyama-taunts-draymond-green-after-getting-physical-dunking-over-him,fox
https://www.foxnews.com/sports/former-nba-star-patrick-beverley-charged-felony-assault-texas,fox
https://www.foxnews.com/sports/kevin-love-former-teammate-terry-rozier-discusses-gambling-issues-nba-such-stain-our-game,fox
https://www.foxnews.com/video/6385071283112,fox
https://www.foxnews.com/sports/3-ways-shohei-ohtani-made-history-his-4th-mvp-award,fox
https://www.foxnews.com/sports/nba-champ-37-discusses-playing-18th-season-why-longer-careers-may-become-more-popular,fox
https://www.foxnews.com/video/6385067675112,fox
https://www.foxnews.com/sports/lakers-luka-doncic-reacts-mavericks-firing-general-manager-nico-harrison,fox
https://www.foxnews.com/sports/nba-players-ejected-after-heated-altercation-under-basket-during-trail-blazers-win-over-pelicans,fox
https://www.foxnews.com/sports/clippers-lose-all-star-guard-rest-season-hip-fracture,fox
https://www.foxnews.com/sports/76ers-players-mom-playfully-scolds-son-emphatic-outburst-after-big-shot,fox
https://www.foxnews.com/sports/mavericks-fire-general-manager-months-after-infamous-luka-doncic-trade,fox
https://www.foxnews.com/sports/ex-nba-star-michael-ray-richardson-who-banned-life-league-dead-70,fox
https://www.foxnews.com/sports/raptors-star-fined-25000-hitting-staffer-water-bottle-after-spiking-ground,fox
https://www.foxnews.com/sports/nba-legend-lenny-wilkens-rare-hall-fame-inductee-player-coach-dead-88,fox
https://www.foxnews.com/sports/raptors-star-slams-water-bottle-onto-floor-nails-staffer-face,fox
https://www.foxnews.com/sports/heat-coach-erik-spoelstra-praises-amazing-first-responders-aftermath-fiery-home-blaze,fox
https://www.foxnews.com/sports/rick-pitino-says-he-reached-out-terry-rozier-be-any-help-after-gambling-indictment,fox
https://www.foxnews.com/video/6384805098112,fox
https://www.foxnews.com/sports/former-nba-player-uses-parents-home-collateral-after-pleading-not-guilty-fbi-gambling-case,fox
https://www.foxnews.com/sports/mavericks-rookie-cooper-flagg-reveals-one-his-biggest-adjustments-nba-its-most-ive-lost,fox
https://www.foxnews.com/sports/white-house-removes-trump-themed-knicks-logo-post-aimed-mamdani-following-teams-complaint-report,fox
https://www.foxnews.com/sports/los-angeles-lakers-lebron-james-ready-contact-basketball-activity,fox
https://www.foxnews.com/sports/heat-coach-erik-spoelstras-florida-home-engulfed-massive-inferno,fox
https://www.foxnews.com/video/6384607879112,fox
https://www.foxnews.com/sports/spurs-victor-wembanyama-dunks-over-lakers-bronny-james,fox
https://www.foxnews.com/sports/magics-desmond-bane-ejected-after-spiking-ball-off-opponents-head,fox
https://www.foxnews.com/sports/ex-knicks-star-charles-oakley-pay-msg-642k-attorney-fees-ongoing-court-battle-2017-ejection,fox
https://www.foxnews.com/sports/warriors-draymond-green-rips-cowboys-star-dak-prescott-hes-bum,fox
https://www.foxnews.com/sports/celtics-jaylen-brown-slams-nba-officials-after-apparent-missed-call-loss-jazz-cost-us-game,fox
https://www.foxnews.com/sports/76ers-joel-embiid-slams-50000-fine-over-lewd-gesture,fox
https://www.foxnews.com/sports/every-major-sports-most-recent-three-peat-can-dodgers-join-them,fox
https://www.foxnews.com/sports/ja-morant-suspended-detrimental-conduct-after-calling-out-coaching-staff-nba-cup-defeat-fallout-report,fox
https://www.foxnews.com/sports/police-launch-home-burglary-investigation-property-reportedly-connected-shai-gilgeous-alexander,fox
https://www.foxnews.com/media/dictionary-com-declares-6-7-word-year,fox
https://www.foxnews.com/sports/kevin-durant-explains-why-he-does-not-want-get-married-do-i-want-somebody-every-day,fox
https://www.foxnews.com/sports/hornets-star-lamelo-ball-fined-35000-flipping-off-referee-after-foul-call,fox
https://www.foxnews.com/sports/chauncey-billups-hires-trumps-former-attorney-federal-gambling-probe-investigation,fox
https://www.foxnews.com/sports/ex-nba-player-former-duke-standout-kyle-singler-arrested-assault-oklahoma,fox
https://www.foxnews.com/sports/thunders-nikola-topic-undergoing-chemotherapy-treatment-testicular-cancer,fox
https://www.foxnews.com/sports/lakers-austin-reaves-comes-up-big-again-nails-game-winner-vs-twolves,fox
https://www.foxnews.com/sports/nba-gambling-scandal-shows-legal-sports-betting-market-works-fanatics-betting-gaming-ceo-argues,fox
https://www.foxnews.com/sports/phil-jackson-revisits-knicks-fallout-blames-busted-bond-carmelo-anthony,fox
https://www.foxnews.com/sports/michael-jordan-sounds-off-load-management-nba-shares-why-he-wanted-play-every-game,fox
https://www.foxnews.com/sports/embattled-former-nba-star-gilbert-arenas-denies-snitching-latest-gambling-probe,fox
https://www.foxnews.com/us/nyc-gambino-family-mobster-tied-alleged-rigged-nba-poker-scheme-denied-bail-witness-tampering-fears,fox
https://www.foxnews.com/sports/terry-roziers-attorney-maintains-innocence-says-government-making-deals-devil-cooperation,fox
https://www.foxnews.com/video/6384203984112,fox
https://www.foxnews.com/sports/pro-football-hall-famer-antonio-gates-management-denies-any-wrongdoing-involvement-poker-scandal,fox
https://www.foxnews.com/sports/nba-memo-sheds-light-leagues-integrity-concerns-after-gambling-related-arrests,fox
https://www.foxnews.com/sports/clippers-fans-shout-f-b-i-chants-trail-blazers-players-wake-chauncey-billups-arrest,fox
https://www.foxnews.com/video/6384115131112,fox
https://www.foxnews.com/sports/spurs-victor-wembanyama-stymies-nets-incredible-sequence-during-win,fox
https://www.foxnews.com/video/6384101843112,fox
https://www.foxnews.com/video/6384075320112,fox
https://www.foxnews.com/video/6384062536112,fox
https://www.foxnews.com/sports/finance-professor-questions-how-nba-figures-got-illegal-gambling-ties-despite-millions-fortune,fox
https://www.foxnews.com/video/6383806546112,fox
https://www.foxnews.com/video/6384040643112,fox
https://www.foxnews.com/sports/fan-storms-court-during-nba-game-seeking-selfie-cavaliers-star-donovan-mitchell,fox
https://www.foxnews.com/sports/justin-herbert-goes-viral-saving-madison-beer-from-flying-basketball-lakers-game-amid-romance-rumors,fox
https://www.foxnews.com/video/6383994706112,fox
https://www.foxnews.com/sports/heat-captain-bam-adebayo-coach-erik-spoelstra-voice-strong-support-terry-rozier-our-brother,fox
https://www.foxnews.com/sports/arrests-nbas-terry-rozier-chauncey-billups-latest-chapter-gambling-scandals-sports-world,fox
https://www.foxnews.com/sports/meyer-lansky-ii-gives-inside-look-how-athletes-can-get-tied-up-mafia-its-strong-entity,fox
https://www.foxnews.com/video/6383827636112,fox
https://www.foxnews.com/sports/nba-commissioner-addresses-gambling-scandal-first-time,fox
https://www.foxnews.com/sports/nfl-reminds-players-league-gambling-policy-light-federal-indictments,fox
https://www.foxnews.com/sports/congress-seeks-answers-nba-commissioner-amid-widening-gambling-scandal,fox
https://www.foxnews.com/sports/nfl-bust-whose-career-mired-in-gambling-addiction-predicts-nba-indictments-start-something-big,fox
https://www.foxnews.com/video/6383813985112,fox
https://www.foxnews.com/video/6383778587112,fox
https://www.foxnews.com/sports/terry-roziers-attorney-accuses-fbi-seeking-misplaced-glory-nba-players-arrest,fox
https://www.foxnews.com/sports/who-are-chauncey-billups-terry-rozier-damon-jones-nba-subjects-arrested-illegal-gambling,fox
https://www.foxnews.com/sports/alleged-mob-ties-nba-scandal-recall-la-cosa-nostras-long-shadow-over-sports,fox
https://www.foxnews.com/sports/knicks-send-cease-and-desist-letter-mamdani-logo-use-want-make-clear-dont-endorse-him,fox
https://www.foxnews.com/sports/nba-hall-famer-chauncey-billups-denies-wrongdoing-after-arrest-fbi-gambling-probe,fox
https://www.foxnews.com/sports/illegal-gambling-ring-involving-nba-players-used-x-ray-technology-hidden-devices-rig-poker-games,fox
https://www.foxnews.com/video/6383728245112,fox
https://www.foxnews.com/sports/7-nba-games-doj-says-affected-high-stakes-wagers-inside-information-leaked-gamblers,fox
https://www.foxnews.com/media/fbi-director-kash-patel-warns-illegal-gambling-sting-just-start-nationwide-takedown,fox
https://www.foxnews.com/sports/charles-barkley-kenny-smith-clash-over-fbi-gambling-probe-allegedly-involving-nba-figures-thats-stupidity,fox
https://www.foxnews.com/sports/chauncey-billups-mum-he-leaves-courthouse-following-arrest-widespread-fbi-probe,fox
https://www.foxnews.com/video/6383637241112,fox
https://www.foxnews.com/sports/oregon-sen-ron-wyden-reacts-fbi-probe-involving-trail-blazers-coach-chauncey-billups-very-sad-day,fox
https://www.foxnews.com/video/6383606005112,fox
https://www.foxnews.com/sports/espn-star-stephen-smith-makes-trump-warning-after-fbis-illegal-gambling-probe-nets-nba-figures,fox
https://www.foxnews.com/video/6383595690112,fox
https://www.foxnews.com/sports/nba-legend-chauncey-billups-heats-terry-rozier-arrested-part-fbi-gambling-probe,fox
https://www.foxnews.com/sports/how-chauncey-billups-damon-jones-were-allegedly-used-coerce-victims-illegal-poker-games,fox
https://www.foxnews.com/sports/nba-player-terry-roziers-lawyer-slams-fbi-after-arrest,fox
https://www.foxnews.com/video/6383571129112,fox
https://www.foxnews.com/sports/lebron-james-helping-lakers-film-study-while-hes-sidelined-sciatica,fox
https://www.foxnews.com/sports/ncaa-allows-college-athletes-bet-professional-sports-starting-nov-1,fox
https://www.foxnews.com/sports/2025-26-nba-odds-how-will-cooper-flagg-fare-rookie-season,fox
https://www.foxnews.com/sports/draymond-green-gets-called-technical-foul-from-bench-less-than-7-minutes-nba-season,fox
https://www.foxnews.com/sports/sports-commentator-emily-austin-kicks-off-podcast-hopes-open-dialogue-athletes-express-politics,fox
https://www.foxnews.com/sports/michael-jordan-wishes-he-could-take-magic-pill-play-basketball-again,fox
https://www.foxnews.com/sports/stephen-smith-shares-feeling-nba-superstar-lebron-james-i-dont-like-his-a,fox
https://www.foxnews.com/sports/pacers-rookie-kam-jones-arrested-after-brief-police-chase-indiana,fox
https://www.foxnews.com/sports/2025-nba-free-agency-rumors-and-buzz,fox
https://www.foxnews.com/sports/stephen-a-smith-lebron-james-you-ever-see-him-go-white-boy-like-he-did-me,fox
https://www.foxnews.com/sports/turning-point-usa-calls-nba-employee-fired-crude-remarks-about-charlie-kirks-assassination,fox
https://www.foxnews.com/sports/nba-suspends-employee-who-made-crude-remarks-following-charlie-kirk-assassination,fox
https://www.foxnews.com/sports/knicks-josh-hart-celebrates-rise-christianity-us,fox
https://www.foxnews.com/sports/dawn-staley-says-nba-not-ready-female-head-coach-doubts-happen-her-lifetime,fox
https://www.foxnews.com/sports/nba-free-agency-signings-tracker,fox
https://www.foxnews.com/sports/wnbas-aja-wilson-shares-heartfelt-message-nba-star-bam-adebayo-aces-title-celebration,fox
https://www.foxnews.com/sports/fair-compare-ohio-state-star-wr-jeremiah-smith-lebron-james,fox
https://www.foxnews.com/sports/2025-nba-odds-what-expect-victor-wembanyamas-third-season,fox
https://www.foxnews.com/sports/lakers-lebron-james-sidelined-multiple-weeks-sciatica-putting-opener-status-question,fox
https://www.foxnews.com/sports/lebron-james-faces-lawsuit-from-fan-who-bought-tickets-expecting-retirement-announcement-second-decision,fox
https://www.foxnews.com/sports/lebron-james-teases-decision-all-decisions-cryptic-social-media-video-announcement,fox
https://www.foxnews.com/sports/ayesha-curry-makes-admission-about-getting-married-having-children,fox
https://www.foxnews.com/sports/knicks-josh-hart-ejected-from-preseason-game-vs-76ers-after-launching-ball-stands-following-injury,fox
https://www.foxnews.com/sports/lebron-james-misses-lakers-first-training-camp-practice-lower-body-injury,fox
https://www.foxnews.com/sports/kawhi-leonard-denies-wrongdoing-as-nba-investigates-his-endorsement-deal,fox
https://www.foxnews.com/sports/victor-wembanyama-taller-after-returning-from-surgery-deep-vein-thrombosis,fox
https://www.foxnews.com/sports/lakers-lebron-james-son-bryces-nba-future-im-not-waiting-him,fox
https://www.foxnews.com/sports/nba-star-michael-porter-jr-says-he-splits-rent-ex-girlfriend-despite-200-million-contract-extension,fox
https://www.foxnews.com/sports/nba-star-zion-williamson-shows-off-body-transformation-intense-summer-training,fox
https://www.foxnews.com/sports/rockets-lose-fred-vanveet,fox
https://www.foxnews.com/sports/nba-veteran-player-patrick-beverley-hawks-star-trae-young-exchange-jabs-over-all-star-game-playoff-resumes,fox
https://www.foxnews.com/sports/lebron-james-backed-ohio-school-still-rock-bottom-achievement-despite-progress-new-data-reveals,fox
https://www.foxnews.com/sports/jonathan-isaacs-new-sneakers-suddenly-mirror-charlie-kirks-message-after-assassination,fox
https://www.foxnews.com/sports/sports-outlet-severs-ties-suns-beat-writer-over-charlie-kirk-assassination-posts,fox
https://www.foxnews.com/sports/nba-trailblazer-jason-collins-receiving-treatment-brain-tumor-family-announces,fox
https://www.foxnews.com/sports/clippers-kawhi-leonard-received-payment-from-no-show-job-days-after-investment-minority-owner-report,fox
https://www.foxnews.com/sports/lebron-james-silent-new-china-controversy-swirls-around-him,fox
https://www.foxnews.com/video/6378952620112,fox
https://www.foxnews.com/sports/nba-champion-zaza-pachulia-warriors-dynasty-greatest-team-ever-assembled,fox
https://www.foxnews.com/sports/michele-tafoya-rips-lebron-james-over-essay-chinese-state-newspaper-american-malpractice,fox
https://www.foxnews.com/video/6378923441112,fox
https://www.foxnews.com/sports/lebron-james-pens-essay-chinese-state-newspaper-years-after-controversy,fox
https://www.foxnews.com/sports/nba-stars-sister-killed-new-jersey-shooting-officials-say,fox
https://www.foxnews.com/sports/clippers-steve-ballmer-denies-claim-team-skirted-nba-salary-cap-rules-kawhi-leonard-endorsement-deal,fox
https://www.foxnews.com/sports/nba-moving-closer-to-a-us-vs-international-format-for-the-allstar-game-ap-source-says,fox
https://www.foxnews.com/sports/clippers-accused-paying-kawhi-leonard-28m-no-show-job-circumvent-nba-salary-cap,fox
https://www.foxnews.com/sports/lakers-star-luka-doncic-joins-rare-company-triple-double-eurobasket,fox
https://www.foxnews.com/sports/nfl-nba-sports-doctor-weighs-mamdanis-viral-135-pound-bench-press-fail-trump-could-lift-more,fox
https://www.foxnews.com/sports/south-carolina-coach-dawn-staley-says-she-would-have-taken-knicks-job-offered,fox
https://www.foxnews.com/sports/timberwolves-star-julius-randle-reacts-minneapolis-mass-shooting-we-gotta-better,fox
https://www.foxnews.com/sports/nba-free-agent-malik-beasley-no-longer-target-federal-gambling-investigation,fox
https://www.foxnews.com/sports/father-celtics-star-jaylen-brown-arrested-attempted-murder-after-alleged-parking-lot-dispute,fox
https://www.foxnews.com/sports/boston-celtics-finalize-sale-bill-chisholm-coming-2nd-not-acceptable,fox
https://www.foxnews.com/sports/dj-alison-wonderland-slams-social-media-users-over-sexualized-comments-shaq-photo-loser-behavior,fox
https://www.foxnews.com/sports/ex-nba-stars-pregnant-wife-opens-up-about-shark-attack-i-dont-want-die,fox
https://www.foxnews.com/sports/2025-nba-offseason-trade-tracker-grades,fox
https://www.foxnews.com/sports/former-nuggets-mascot-claims-wrongful-termination-new-lawsuit,fox
https://www.foxnews.com/sports/lakers-to-honor-hall-of-fame-coach-pat-riley-with-statue-unveiling-against-celtics,fox
https://www.foxnews.com/sports/nets-star-michael-porter-jr-dishes-what-hes-looking-wife-gotta-bring-something-table,fox
https://www.foxnews.com/sports/bradley-beal-reveals-motivation-behind-leaving-suns-favor-clippers,fox
https://www.foxnews.com/sports/ex-nba-star-sebastian-telfair-pleads-trump-pardon-before-reporting-jail,fox
https://www.foxnews.com/video/6376776806112,fox
https://www.foxnews.com/sports/nba-releases-christmas-day-schedule-opening-night-games,fox
https://www.foxnews.com/sports/grant-napear-opens-up-about-2020-firing-the-clay-travis-buck-sexton-show,fox
https://www.foxnews.com/sports/boston-celtics-sign-head-coach-joe-mazzulla-multi-year-extension,fox
https://www.foxnews.com/sports/nba-free-agent-malik-beasley-evicted-from-detroit-home-amid-rent-lawsuits-fbi-gambling-probe-looms-report,fox
https://www.foxnews.com/sports/former-miami-heat-employee-charged-selling-2m-stolen-jersey,fox
https://www.foxnews.com/sports/nfl-hall-fame-preseason-game-rivals-nba-playoffs-shocking-viewership-nationwide,fox
https://www.foxnews.com/sports/san-antonio-spurs-deaaron-fox-agree-4-year-228-million-extension,fox
https://www.foxnews.com/sports/lakers-luka-doncic-reach-agreement-three-year-max-contract-extension,fox
https://www.foxnews.com/sports/ex-nba-stars-wife-bitten-shark-puerto-rico,fox
https://www.foxnews.com/sports/bronny-james-reveals-aftermath-cardiac-arrest-messed-my-immune-system,fox
https://www.foxnews.com/sports/former-nba-star-gilbert-arenas-indicted-illegal-gambling-scheme-suspected-criminal-figures-doj-says,fox
https://www.foxnews.com/sports/mamba-mentality-barcelona-stars-help-unveil-kobe-bryant-inspired-kits,fox
https://www.foxnews.com/sports/ex-nba-player-marcus-morris-arrested-felony-fraud-charge,fox
https://www.foxnews.com/sports/michael-jordans-son-says-deaths-hulk-hogan-ozzy-osbourne-led-him-reconnecting-family-members,fox
https://www.foxnews.com/sports/pacers-allstar-pascal-siakam-is-selected-as-pace-car-driver-for-sundays-brickyard-400,fox
https://www.foxnews.com/sports/chris-paul-clippers-agree-deal-last-push-nba-title-reports,fox
https://www.foxnews.com/sports/chinese-nba-rookie-reveals-dads-crucial-advice-before-embarking-basketball-journey,fox
https://www.foxnews.com/sports/10-stars-hall-of-fame-talent-whose-careers-were-stunted-injuries,fox
https://www.foxnews.com/sports/lebron-james-former-teammate-explains-why-sucks-playing-him,fox
https://www.foxnews.com/sports/nhl-deputy-commissioner-doubles-down-olympic-concerns-says-players-wont-go-ice-deemed-unsafe,fox
https://www.foxnews.com/sports/nhl-deputy-commissioner-warns-players-may-skip-2026-olympics-amid-construction-concerns,fox
https://www.foxnews.com/sports/blues-forward-alexey-toropchenko-becomes-latest-nhl-player-injured-bizarre-off-ice-incident,fox
https://www.foxnews.com/sports/nhl-star-plays-through-acl-tear-makes-remarkable-play-set-up-goal,fox
https://www.foxnews.com/sports/gary-bettman-defends-nhls-integrity-league-eyes-expanded-oversight-tools-amid-wider-gambling-scandals,fox
https://www.foxnews.com/sports/nhl-star-suspended-after-latest-brutal-hit-led-second-game-misconduct,fox
https://www.foxnews.com/sports/ohl-suspends-luke-dragusica-remainder-season-following-violent-head-slash-incident,fox
https://www.foxnews.com/sports/capitals-alex-ovechkin-scores-hat-trick-40-years-old-moves-up-nhls-all-time-point-list,fox
https://www.foxnews.com/sports/capitals-player-learns-wife-gave-birth-during-game-fights-back-tears-emotional-interview-proud-her,fox
https://www.foxnews.com/sports/panthers-bid-third-straight-title-takes-another-hit-player-burns-himself-barbecuing-mishap,fox
https://www.foxnews.com/sports/islanders-coach-confronts-stars-player-verbal-attack-after-ejection-controversial-boarding-hit,fox
https://www.foxnews.com/sports/nhl-star-set-miss-time-after-cutting-hand-fluke-accident-team-dinner-report,fox
https://www.foxnews.com/sports/nhl-fan-chugs-beer-after-catching-errant-puck-wild-hockey-moment,fox
https://www.foxnews.com/sports/capitals-centers-hit-hurricanes-goaltender-sparks-melee-washingtons-win,fox
https://www.foxnews.com/sports/sabres-captain-rasmus-dahlin-takes-leave-from-team-fiancee-recovers-from-heart-transplant,fox
https://www.foxnews.com/sports/blues-goalie-jordan-binnington-addresses-viral-puck-prank-after-alex-ovechkins-milestone-goal,fox
https://www.foxnews.com/sports/blues-jordan-binnington-catches-flak-trying-pocket-puck-after-alex-ovechkins-900th-career-goal,fox
https://www.foxnews.com/sports/alex-ovechkin-becomes-first-nhl-player-reach-900-goals,fox
https://www.foxnews.com/sports/nhl-star-arthur-kaliyev-accused-scamming-girlfriend-fellow-players-fuel-gambling-habit,fox
https://www.foxnews.com/sports/panthers-star-steps-away-from-team-coach-friends-youth-hockey-team-heartbreaking-reason,fox
https://www.foxnews.com/sports/us-hockey-star-brady-tkachuk-reflects-trump-phone-call-ahead-4-nations-face-off-final-vs-canada,fox
https://www.foxnews.com/sports/former-nhl-player-ryan-kesler-faces-sexual-conduct-charges-michigan-reports,fox
https://www.foxnews.com/sports/nhl-fan-falls-from-upper-concourse-during-penguins-game,fox
https://www.foxnews.com/sports/former-bruins-captain-brad-marchand-gets-emotional-during-tribute-video-return-boston,fox
https://www.foxnews.com/sports/sharks-apologize-pro-ice-message-appearing-video-board,fox
https://www.foxnews.com/sports/philadelphia-suffers-miserable-sports-night-citys-first-triple-loss-over-four-decades,fox
https://www.foxnews.com/sports/2026-nhl-stanley-cup-odds,fox
https://www.foxnews.com/sports/avalanches-josh-manson-scraps-kings-jeff-malott-following-huge-hit-nhl-opener,fox
https://www.foxnews.com/sports/panthers-lightning-create-chaos-bruising-preseason-finale-nhl-doles-out-punishment,fox
https://www.foxnews.com/sports/espn-mlb-analyst-says-theres-zero-chance-hes-watching-networks-nhl-coverage-during-playoff-baseball,fox
https://www.foxnews.com/sports/nhl-star-kirill-kaprizov-signs-richest-deal-nhl-history-inking-136-million-deal-wild-report,fox
https://www.foxnews.com/sports/hall-fame-goaltender-bernie-parent-winner-2-stanley-cups-flyers-dead-80,fox
https://www.foxnews.com/sports/nhl-star-reveals-fiancee-received-heart-transplant-after-suffering-major-heart-failure-during-vacation,fox
https://www.foxnews.com/sports/minor-league-hockey-player-orca-wiesblatt-dead-25-after-traffic-accident-canada,fox
https://www.foxnews.com/sports/miracle-ice-olympic-usa-hockey-team-takes-next-step-toward-congressional-gold-medals,fox
https://www.foxnews.com/sports/ken-dryden-miracle-ice-broadcaster-hall-fame-goalie-dead-78,fox
https://www.foxnews.com/video/6378437953112,fox
https://www.foxnews.com/sports/gaudreau-brothers-widows-speak-out-emotional-interview-nearly-one-year-after-tragic-deaths,fox
https://www.foxnews.com/sports/seattle-kraken-mascot-charged-brown-bear-video-shoot-alaska,fox
https://www.foxnews.com/sports/canadian-hockey-players-cquitted-sexual-assault-judge-lack-substantial-evidence,fox
https://www.foxnews.com/sports/nhl-stars-connor-mcdavid-leon-draisaitl-shock-beer-league-game-surprise-players,fox
https://www.foxnews.com/sports/panthers-captain-aleksander-barkov-lacked-motivation-first-stanley-cup-eyes-three-in-a-row,fox
https://www.foxnews.com/sports/nhl-players-allowed-play-2026-milano-cortina-olympics-deal-gets-finalized-hockey-governing-bodies,fox
https://www.foxnews.com/sports/stanley-cup-champ-alex-pietrangelo-steps-away-from-golden-knights-bilateral-femur-reconstruction,fox
https://www.foxnews.com/sports/golden-knights-hit-jackpot-maple-leafs-send-mitch-marner-las-vegas-stunning-trade-reports,fox
https://www.foxnews.com/sports/bruins-eyeing-shocking-reunion-franchise-legend-after-stanley-cup-success-report,fox
https://www.foxnews.com/sports/new-york-islanders-choose-matthew-schaefer-no-1-pick-2025-nhl-draft,fox
https://www.foxnews.com/video/6374678892112,fox
https://www.foxnews.com/sports/panthers-sam-reinhart-savors-sweeter-second-stanley-cup-florida-brink-hockey-dynasty,fox
https://www.foxnews.com/sports/former-hockey-player-beloved-slap-shot-movie-star-guido-tenesi-dead-71,fox
https://www.foxnews.com/sports/panthers-captain-aleksander-barkov-takes-stanley-cup-5-am-neighborhood-tour-gm-reveals,fox
https://www.foxnews.com/sports/sam-bennett-wins-conn-smythe-trophy-panthers-claim-2nd-straight-stanley-cup,fox
https://www.foxnews.com/sports/panthers-win-stanley-cup-over-oilers-sam-reinhart-pours-4-goals-game-6-victory,fox
https://www.foxnews.com/sports/2025-stanley-cup-odds,fox
https://www.foxnews.com/sports/panthers-beat-oilers-game-5-stanley-cup-final-reach-brink-title,fox
https://www.foxnews.com/sports/oilers-tie-stanley-cup-final-overtime-comeback-victory-front-taylor-swift-travis-kelce,fox
https://www.foxnews.com/sports/paige-spiranac-made-generous-donation-amid-golf-tournament-controversy-sports-personality-reveals,fox
https://www.foxnews.com/sports/tiger-woods-offers-first-public-comments-since-latest-back-surgery-amid-growing-concern-over-golf-return,fox
https://www.foxnews.com/sports/kai-trump-reveals-how-she-deals-negative-comments-social-media-i-know-who-i-am,fox
https://www.foxnews.com/video/6385752727112,fox
https://www.foxnews.com/sports/trump-sinks-impressive-chip-shot-viral-video-after-latest-biden-golf-jab-winning-always-nice,fox
https://www.foxnews.com/video/6385745432112,fox
https://www.foxnews.com/sports/golf-star-hilariously-awarded-check-0-after-not-cashing-skins-game-return,fox
https://www.foxnews.com/sports/rory-mcilroy-says-he-told-wife-punch-him-he-ever-complained-about-wearing-masters-green-jacket,fox
https://www.foxnews.com/sports/trump-says-biden-doesnt-want-show-up-golf-match-takes-jab-former-presidents-game,fox
https://www.foxnews.com/video/6385675770112,fox
https://www.foxnews.com/sports/fuzzy-zoeller-won-masters-first-appearance-augusta-national-dead-74,fox
https://www.foxnews.com/sports/bryson-dechambeau-talks-ryder-cup-squashing-rivalries-pga-players-lack-resolution-liv,fox
https://www.foxnews.com/sports/paige-spiranac-tens-thousands-death-threats-cheating-controversy,fox
https://www.foxnews.com/sports/golf-star-impressed-kai-trumps-lpga-debut-despite-poor-results-great-opportunity,fox
https://www.foxnews.com/sports/caitlin-clark-hits-links-nelly-korda-lpgas-annika-pro-am-thrilling-fans-putting-skills,fox
https://www.foxnews.com/sports/kai-trump-reveals-mental-change-led-improvement-second-day-lpga-debut,fox
https://www.foxnews.com/sports/miami-golf-coach-praises-kai-trumps-poise-potential-she-makes-lpga-debut,fox
https://www.foxnews.com/sports/kai-trump-explains-last-place-finish-lpga-tour-debut-i-hit-lot-good-shots-just-wrong-spots,fox
https://www.foxnews.com/sports/kai-trump-makes-lpga-debut-what-know-about-presidents-granddaughters-big-day-golf-course,fox
https://www.foxnews.com/sports/kai-trump-gets-advice-from-grandpa-tiger-woods-before-lpga-debut-golf-legend-says-give-her-a-chance,fox
https://www.foxnews.com/sports/paige-spiranac-emotional-she-exposes-hateful-comments-received-during-1m-internet-invitational,fox
https://www.foxnews.com/sports/liv-golf-to-expand-to-72-holes-in-a-bid-for-world-ranking-points,fox
https://www.foxnews.com/media/stand-up-comic-becky-robinsons-viral-wine-mom-character-leads-sold-out-shows-fan-golf-getaway,fox
https://www.foxnews.com/sports/kai-trump-announces-lpga-debut-next-month-been-dream-mine,fox
https://www.foxnews.com/sports/charles-howell-iii-among-29-liv-players-masters-stake-hong-kong-open,fox
https://www.foxnews.com/video/6383558845112,fox
https://www.foxnews.com/sports/jack-nicklaus-awarded-50-million-defamation-suit-after-claims-he-considered-monstrous-deal-from-liv-golf,fox
https://www.foxnews.com/sports/golf-legend-phil-mickelson-takes-subtle-jab-biden-admin-no-kings-day-post,fox
https://www.foxnews.com/sports/wnba-star-caitlin-clark-returns-golf-spotlight-appearance-lpgas-annika-pro-am,fox
https://www.foxnews.com/sports/tennis-legend-martina-navratilova-says-she-wouldnt-choose-defect-us-today-under-trump,fox
https://www.foxnews.com/sports/tennis-star-aryna-sabalenka-says-female-athletes-facing-trans-competitors-just-not-fair-women,fox
https://www.foxnews.com/sports/serena-williams-takes-step-toward-potential-tennis-comeback,fox
https://www.foxnews.com/sports/tennis-legend-speaks-out-against-transgender-ideology-schools,fox
https://www.foxnews.com/sports/martina-navratilova-spars-after-being-questioned-opposing-males-womens-spaces-while-supporting-dems,fox
https://www.foxnews.com/politics/texas-investigating-usta-possible-violation-law-banning-biological-males-womens-sports,fox
https://www.foxnews.com/sports/aryna-sabalenka-face-nick-kyrgios-battle-sexes-tennis-showdown,fox
https://www.foxnews.com/sports/american-tennis-star-raises-eyebrows-dating-profile-hopefully-pop-out-some-babies-soon,fox
https://www.foxnews.com/sports/tennis-star-aryna-sabalenka-nearly-strikes-ballboy-racket-throw-frustrating-loss,fox
https://www.foxnews.com/sports/serena-williams-husband-confronts-stephen-smith-first-take-over-super-bowl-marriage-comments,fox
https://www.foxnews.com/sports/tennis-legend-martina-navratilova-reacts-jimmy-kimmel-being-pulled-off-air-after-charlie-kirk-comments,fox
https://www.foxnews.com/sports/american-tennis-star-taylor-townsend-apologizes-chinese-food-remarks,fox
https://www.foxnews.com/sports/russian-tennis-star-anna-kalinskaya-name-drops-player-who-messaged-her-10-times-date,fox
https://www.foxnews.com/sports/trump-signs-autographs-tennis-fans-before-leaving-us-open,fox
https://www.foxnews.com/sports/drake-loses-over-550k-via-ravens-jannik-sinner-defeats,fox
https://www.foxnews.com/sports/trumps-fiercest-critics-concede-spotlight-president-us-open,fox
https://www.foxnews.com/sports/trump-receives-mix-applause-boos-during-us-open-appearance,fox
https://www.foxnews.com/sports/carlos-alcaraz-captures-us-open-title-trump-hand,fox
https://www.foxnews.com/sports/trump-arrives-us-open-mens-singles-final-between-jannik-sinner-carlos-alcaraz,fox
https://www.foxnews.com/sports/us-open-broadcasters-told-avoid-showing-disruptions-reactions-response-trumps-presence-report,fox
https://www.foxnews.com/sports/aryna-sabalenka-wins-us-open-over-american-star-amanda-anisimova,fox
https://www.foxnews.com/sports/left-leaning-hollywood-elite-flock-us-open-trump-set-attend-mens-final,fox
https://www.foxnews.com/sports/trump-attend-us-open-mens-final-new-york,fox
https://www.foxnews.com/sports/who-amanda-anisimova-american-tennis-star-one-win-away-from-us-open-final-victory,fox
https://www.foxnews.com/sports/tennis-star-iga-swiatek-has-testy-exchange-reporter-over-mental-break-question,fox
https://www.foxnews.com/sports/novak-djokovic-spars-us-open-crowd-win-over-american-taylor-fritz,fox
https://www.foxnews.com/sports/venus-williams-us-open-runs-comes-close-after-losing-doubles-match-top-seed,fox
https://www.foxnews.com/sports/coco-gauff-broke-down-team-after-stunning-us-open-upset-loss-naomi-osaka,fox
https://www.foxnews.com/food-drink/aryna-sabalenka-says-tequila-makes-her-feel-great-though-experts-say-its-not-hangover-elixir,fox
https://www.foxnews.com/sports/naomi-osaka-dominates-coco-gauff-straight-sets-reach-us-open-quarterfinals,fox
https://www.foxnews.com/sports/russian-tennis-star-andrey-rublev-sounds-off-us-open-fine-profanity-during-match,fox
https://www.foxnews.com/sports/tennis-star-jelena-ostapenko-apologizes-social-media-remarks-toward-taylor-townsend-us-open,fox
https://www.foxnews.com/sports/czech-tennis-star-says-ex-boyfriend-us-open-crowd-startled-her-during-match,fox
https://www.foxnews.com/sports/us-open-spectator-proposes-girlfriend-during-aryna-sabalenkas-win-over-leylah-fernandez,fox
https://www.foxnews.com/sports/uswnt-star-trinity-rodman-hilariously-grills-boyfriend-ben-shelton-surprise-us-open-presser-appearance,fox
https://www.foxnews.com/sports/coco-gauff-fires-back-critics-questioning-glam-tennis-looks-us-open-im-human,fox
https://www.foxnews.com/sports/daniil-medvedevs-heated-us-open-outburst-following-first-round-defeat-results-hefty-fine,fox
https://www.foxnews.com/sports/american-taylor-townsend-says-she-told-she-has-no-class-no-education-opponent-after-us-open-win,fox
https://www.foxnews.com/sports/paige-lorenze-fiancee-american-tennis-star-reflects-relationship-ahead-us-open,fox
https://www.foxnews.com/sports/venus-williams-tearfully-reflects-comeback-journey-before-us-open-press-conference-comes-abrupt-end,fox
https://www.foxnews.com/sports/morgan-riddle-girlfriend-american-tennis-star-prepares-us-open-experience-trigger-male-sports-fans,fox
https://www.foxnews.com/food-drink/us-opens-legendary-honey-deuce-cocktail-faces-stiff-competition-fans-party-hard,fox
https://www.foxnews.com/sports/us-open-photographer-claims-hes-totally-innocent-after-being-center-players-meltdown,fox
https://www.foxnews.com/sports/american-madison-keys-upset-unranked-renata-zarazua-us-open-first-round,fox
https://www.foxnews.com/sports/tennis-star-daniil-medvedev-melts-down-us-open-midst-upset-loss,fox
https://www.foxnews.com/sports/tennis-star-casper-ruud-reveals-worst-thing-about-new-york-ahead-us-open,fox
https://www.foxnews.com/sports/rising-tennis-star-ethan-quinn-details-tight-knit-american-group-2025-us-open,fox
https://www.foxnews.com/sports/serena-williams-opens-up-about-31-pound-weight-loss-using-glp-1-medication-something-i-suffered-with,fox
https://www.foxnews.com/sports/tennis-pro-sachia-vickery-defends-onlyfans-use-i-enjoy-doing-it,fox
https://www.foxnews.com/sports/american-tennis-star-coco-gauff-makes-major-change-just-days-before-us-open,fox
https://www.foxnews.com/sports/jannik-sinner-retires-from-cincinnati-open-final-against-carlos-alcaraz-stuns-crowd-after-just-5-games,fox
https://www.foxnews.com/sports/venus-williams-earns-us-open-wild-card-invitation-oldest-singles-entrant-over-40-years,fox
https://www.foxnews.com/sports/tennis-great-monica-seles-opens-up-about-myasthenia-gravis-years-after-shocking-diagnosis,fox
https://www.foxnews.com/sports/tennis-star-emma-raducanu-asks-umpire-remove-crying-child-from-stadium-during-cincinnati-open-match,fox
https://www.foxnews.com/sports/tennis-star-anna-kalinskayas-dog-rushes-court-after-pro-wins-match,fox
https://www.foxnews.com/sports/college-tennis-player-21-dies-after-collapsing-during-pennsylvania-half-marathon,fox
https://www.foxnews.com/sports/tennis-great-venus-williams-wins-dc-open-match-first-singles-victory-since-2023,fox
https://www.foxnews.com/sports/tennis-star-takes-swipe-jannik-sinner-after-wimbledon-victory,fox
https://www.foxnews.com/sports/jannik-sinner-picks-up-1st-wimbledon-title-victory-over-carlos-alcaraz,fox
https://www.foxnews.com/sports/2025-wimbledon-odds,fox
https://www.foxnews.com/sports/tennis-great-venus-williams-accepts-dc-open-wild-card-invitation-first-tournament-over-year,fox
https://www.foxnews.com/sports/american-amanda-anisimova-suffers-crushing-quick-defeat-iga-swiatek-womens-wimbledon-final,fox
https://www.foxnews.com/sports/jannik-sinner-defeats-novak-djokovic-straight-sets-advance-highly-anticipated-wimbledon-final,fox
https://www.foxnews.com/sports/carlos-alcaraz-defeats-american-taylor-fritz-third-straight-wimbledon-final,fox
https://www.foxnews.com/sports/aryna-sabalenka-reveals-what-amanda-anisimova-did-wimbledon-semifinal-p-ed-me-off,fox
https://www.foxnews.com/sports/american-tennis-star-amanda-anisimova-upsets-world-no-1-aryna-sabalenka-advance-wimbledon-final,fox
https://www.foxnews.com/sports/aryna-sabalenka-offers-quick-rebuttal-televised-interview-wimbledon-i-didnt-say-that,fox
https://www.foxnews.com/sports/american-tennis-star-ben-shelton-suffers-crushing-defeat-wimbledon-quarterfinals-jannik-sinner-advances,fox
https://www.foxnews.com/sports/us-soccer-star-trinity-rodman-fires-back-espn-broadcast-unwanted-father-mentions-during-wimbledon,fox
https://www.foxnews.com/sports/world-no-1-aryna-sabalenka-narrowly-avoids-major-upset-advances-wimbledon-semifinal,fox
https://www.foxnews.com/sports/taylor-fritz-becomes-1st-american-man-reach-wimbledon-semifinals-since-2018,fox
https://www.foxnews.com/sports/grigor-dimitrovs-promising-wimbledon-upset-bid-against-jannik-sinner-ends-heartbreaking-injury-retirement,fox
https://www.foxnews.com/sports/ben-shelton-uses-wimbledon-big-stage-plea-sister-get-more-time-off-from-morgan-stanley-job,fox
https://www.foxnews.com/sports/ben-shelton-takes-one-minute-defeat-opponent-wimbledon-after-match-suspended-due-darkness,fox
https://www.foxnews.com/sports/top-ranked-american-tennis-stars-falter-wimbledon-early-round-defeats,fox
https://www.foxnews.com/sports/coco-gauff-stunned-straight-sets-first-round-wimbledon-less-than-month-after-winning-french-open,fox
https://www.foxnews.com/sports/american-tennis-pro-jessica-pegula-suffers-stunning-early-wimbledon-exit,fox
https://www.foxnews.com/sports/martina-navratilova-reacts-suspected-shooter-idaho-firefighter-ambush-identified,fox
https://www.foxnews.com/sports/carlos-alcaraz-rushes-over-help-ill-spectator-record-breaking-heat-takes-toll-wimbledon-match,fox
https://www.foxnews.com/sports/carson-branstine-model-rising-tennis-phenom-enters-spotlight-ahead-wimbledon-match,fox
https://www.foxnews.com/sports/martina-navratilova-slams-pedro-pascal-after-actor-critical-jk-rowlings-stance-trans-issues,fox
https://www.foxnews.com/sports/yulia-putintseva-reacts-after-heated-nobody-likes-you-jab-from-maria-sakkari,fox
https://www.foxnews.com/sports/tennis-stars-clash-following-game-ending-handshake-nobody-likes-you,fox
https://www.foxnews.com/sports/tennis-star-alexander-zverev-steps-offer-aid-after-fan-62-gets-struck-fallen-advertising-board,fox
https://www.foxnews.com/sports/tennis-player-calls-opponent-little-pig-piece-after-losing-heated-match-germany,fox
https://www.foxnews.com/sports/female-tennis-players-granted-wta-ranking-protection-during-fertility-procedures,fox
https://www.foxnews.com/sports/french-open-champ-coco-gauff-surprised-aryna-sabalenkas-comments-after-finals-loss,fox
https://www.foxnews.com/sports/tennis-legend-martina-navratilova-puts-politics-aside-fight-fairness-womens-sports,fox
https://www.foxnews.com/sports/carlos-alcaraz-comes-back-shock-jannik-sinner-french-open-win,fox
https://www.foxnews.com/sports/coco-gauff-says-trumps-election-led-down-period-us-following-french-open-victory,fox
https://www.foxnews.com/sports/barack-michelle-obama-among-those-showering-coco-gauff-praise-after-french-open-win,fox
https://www.foxnews.com/sports/american-tennis-star-coco-gauff-wins-womens-french-open-final-after-defeating-top-ranked-aryna-sabalenka,fox
https://www.foxnews.com/sports/novak-djokovic-hints-retirement-after-suffering-french-open-defeat-jannik-sinner,fox
https://www.foxnews.com/sports/american-tennis-star-jessica-pegula-slams-absolutely-crazy-comments-after-losing-french-open-match,fox
https://www.foxnews.com/sports/american-tennis-star-danielle-collins-defends-outburst-toward-cameraman-during-tournament,fox
https://www.foxnews.com/sports/french-open-contender-coco-gauff-powers-through-first-round-victory-despite-racket-mistake,fox
https://www.foxnews.com/sports/top-seeded-american-taylor-fritz-exits-french-open-after-shocking-1st-round-upset,fox
https://www.foxnews.com/sports/naomi-osaka-clips-themed-nails-suffers-devastating-1st-round-loss-french-open,fox
https://www.foxnews.com/sports/american-tennis-star-danielle-collins-accuses-cameraman-wildly-inappropriate-behavior,fox
https://www.foxnews.com/sports/8-time-grand-slam-winner-andre-agassi-discusses-what-american-players-need-win-major-tournaments,fox
https://www.foxnews.com/sports/pope-leo-xiv-jokes-he-cannot-invite-top-ranked-tennis-player-charity-match,fox
https://www.foxnews.com/sports/andre-agassi-raves-about-pickleball-after-making-pro-debut-sport-im-loving-it,fox
https://www.foxnews.com/sports/jannik-sinner-reveals-major-life-update-after-returning-from-three-month-suspension-its-all-good,fox
https://www.foxnews.com/sports/naomi-osakas-fiery-message-critics-after-winning-tournament-france,fox
https://www.foxnews.com/sports/tennis-organization-draws-mixed-reaction-after-creepy-anti-doping-policy-surfaces-social-media,fox
https://www.foxnews.com/sports/rafael-nadal-makes-blunt-admission-about-tennis-after-recent-retirement,fox
https://www.foxnews.com/sports/serena-williams-says-super-bowl-halftime-appearance-not-meant-shade-ex-drake-i-would-never-do-that,fox
https://www.foxnews.com/sports/tennis-pro-caught-pleading-umpire-tell-opponent-wear-deodorant,fox
https://www.foxnews.com/sports/tennis-legend-martina-navratilova-asks-dems-what-theyre-willing-give-up-men-who-identify-trans,fox
https://www.foxnews.com/sports/tennis-pro-laments-lack-brand-deals-sweaty-female-players-theyre-given-wags-top-stars,fox
https://www.foxnews.com/sports/british-tennis-pro-born-rare-genetic-disorder-collapses-mid-match-terrifying-scene,fox
https://www.foxnews.com/sports/olympic-medalist-gabriela-dabrowski-reveals-why-cancer-had-happen-me,fox
https://www.foxnews.com/sports/iga-swiatek-gets-heightened-security-miami-open-after-aggressive-fan-verbally-attacked-her-report,fox
https://www.foxnews.com/sports/rfk-jr-praises-novak-djokovic-social-media-post-first-courage,fox
https://www.foxnews.com/sports/former-nascar-driver-danica-patrick-announces-pivot-tennis,fox
https://www.foxnews.com/sports/ben-shelton-confirms-relationship-daughter-nba-champion-dennis-rodman-instagram-post,fox
https://www.foxnews.com/sports/tennis-star-iga-swiatek-laments-constant-judgement-after-facing-harsh-criticism-nearly-hitting-ball-boy,fox
https://www.foxnews.com/sports/martina-navratilova-rips-democrat-senator-who-voted-against-transgender-athletes-sports-bill,fox
https://www.foxnews.com/sports/emma-raducanu-recalls-debilitating-fear-after-being-confronted-fixated-fan-during-dubai-championships,fox
https://www.foxnews.com/sports/pro-tennis-player-reveals-scary-message-from-sports-bettor-i-come-after-you,fox
https://www.foxnews.com/sports/tennis-legend-has-fiery-response-after-senate-dems-fail-back-bill-keeping-boys-out-girls-sports,fox
https://www.foxnews.com/sports/martina-navratilova-takes-shot-gavin-newsom-over-californias-trans-athlete-policy,fox
https://www.foxnews.com/sports/us-open-champ-emma-raducanu-breaks-silence-difficult-experience-fixated-fan-dubai-championships,fox
https://www.foxnews.com/sports/ex-nfl-star-shawne-merriman-explains-why-his-mma-promotion-has-no-interest-competing-ufc,fox
https://www.foxnews.com/media/mamdani-speaks-about-weirdest-thing-he-saw-during-trump-white-house-visit,fox
https://www.foxnews.com/sports/ex-ufc-fighter-dan-henderson-endorses-chad-bianco-california-gov-rips-newsom-dems-states-issues,fox
https://www.foxnews.com/sports/conor-mcgregor-says-he-underwent-psychoactive-drug-procedure,fox
https://www.foxnews.com/sports/dillon-danis-permanently-barred-from-ufc-events-after-new-york-fight-chaos-dana-white-says,fox
https://www.foxnews.com/sports/ufc-fighter-rips-idea-fighting-white-house-explicit-rant-f-all-politicians,fox
https://www.foxnews.com/sports/former-ufc-fighter-38-found-dead-florida-jail-cell-amid-domestic-violence-case,fox
https://www.foxnews.com/sports/ufc-dana-white-fbi-unusual-betting-activity-isaac-dulgarian-match,fox
https://www.foxnews.com/sports/ufc-cuts-fighter-after-sportsbooks-flag-unusual-betting-activity-his-first-round-loss,fox
https://www.foxnews.com/sports/ufc-star-comes-joe-rogans-defense-after-ronda-rouseys-swipe,fox
https://www.foxnews.com/sports/ufc-legend-ronda-rousey-takes-swipe-joe-rogan-interview,fox
https://www.foxnews.com/sports/controversial-ufc-fighter-takes-back-his-trump-support-wild-rant-i-fooled,fox
https://www.foxnews.com/sports/ufc-heavyweight-champ-tom-aspinall-criticized-stopping-fight-vs-ciryl-gane-after-double-poke-eyes,fox
https://www.foxnews.com/sports/ufcs-bruce-buffer-says-honor-white-house-its-gonna-amazing,fox
https://www.foxnews.com/sports/conor-mcgregor-receives-18-month-ufc-suspension-3-missed-drug-tests-2024,fox
https://www.foxnews.com/sports/dana-white-promises-greatest-fight-card-ever-assembled-potential-white-house-ufc-event-2026,fox
https://www.foxnews.com/opinion/the-smashing-machine-review-dwayne-johnson-flexes-his-acting-muscles-gritty-biopic-ufc-legend,fox
https://www.foxnews.com/sports/ufcs-dana-white-takes-reporter-wild-gambling-ride-after-going-down-1-24m,fox
https://www.foxnews.com/sports/ufc-michael-chandler-steal-show-conor-mcgregor-white-house,fox
https://www.foxnews.com/sports/ufcs-dana-white-reveals-details-about-obama-conversation-trumps-inauguration,fox
https://www.foxnews.com/media/ufc-ceo-dana-white-mocks-idea-toxic-masculinity-60-minutes,fox
https://www.foxnews.com/sports/ufc-ceo-dana-white-calls-unity-normalcy-after-charlie-kirk-assassination,fox
https://www.foxnews.com/sports/ufc-champions-son-charged-felony-assault-viral-beatdown-pro-wrestler-stunt-went-wrong,fox
https://www.foxnews.com/sports/dana-white-reveals-wild-detail-about-ufc-white-house-fights-best-thing-about-being-friends-trump,fox
https://www.foxnews.com/sports/dana-white-blown-away-charlie-kirks-assassination-says-daughter-destroyed,fox
https://www.foxnews.com/sports/dana-white-says-ufc-fighters-deliberately-hide-pay-from-fans-avoid-giving-handouts,fox
https://www.foxnews.com/sports/elon-musk-pushes-conor-mcgregor-save-ireland-countrys-president,fox
https://www.foxnews.com/sports/ufc-white-house-plans-revealed-including-weigh-ins-lincoln-memorial-report,fox
https://www.foxnews.com/sports/retired-ufc-star-jon-jones-exonerated-after-new-mexico-prosecutors-drop-charges-traffic-case,fox
https://www.foxnews.com/sports/ex-nfl-fullback-earns-ufc-contract-rips-liberal-snowflake-league,fox
https://www.foxnews.com/politics/ivanka-trump-reenters-dc-ring-upcoming-knockout-ufc-white-house-fight,fox
https://www.foxnews.com/sports/dana-white-reiterates-ufc-white-house-fights-absolutely-going-happen,fox
https://www.foxnews.com/sports/former-ufc-fighter-ben-askren-reveals-why-he-turned-christianity-after-double-lung-transplant,fox
https://www.foxnews.com/sports/conor-mcgregor-urges-irish-citizens-sign-petition-would-ensure-spot-countrys-presidential-ballot,fox
https://www.foxnews.com/sports/ufcs-dana-white-remembers-hulk-hogan-after-wwe,fox
https://www.foxnews.com/sports/ben-askren-finally-released-from-hospital-after-grueling-double-lung-transplant-recovery,fox
https://www.foxnews.com/sports/shane-gillis-stirs-controversy-trump-bill-belichick-jokes-during-edgy-espy-awards-monologue,fox
https://www.foxnews.com/sports/ufcs-dana-white-hints-recently-retired-jon-jones-conor-mcgregor-could-return-white-house-fights,fox
https://www.foxnews.com/sports/boxer-jake-paul-touts-former-opponent-ben-askrens-perseverance-amid-ex-ufc-stars-bout-serious-illness,fox
https://www.foxnews.com/sports/ex-ufc-star-ben-askren-says-he-only-died-4-times-he-battled-harrowing-illness,fox
https://www.foxnews.com/sports/ufc-great-randy-couture-airlifted-following-fiery-crash-ahead-nhra-racing-debut,fox
https://www.foxnews.com/sports/connor-mcgregor-suggests-interest-competing-white-house-ufc-fight-count-me-in,fox
https://www.foxnews.com/sports/trump-announces-ufc-fight-take-place-white-house-grounds,fox
https://www.foxnews.com/sports/former-ufc-fighter-ben-askren-receives-double-lung-transplant-due-pneumonia-battle-wife-says,fox
https://www.foxnews.com/sports/ufc-317-odds,fox
https://www.foxnews.com/sports/ufc-legend-yearns-conor-mcgregors-return-octagon-after-years-waiting,fox
https://www.foxnews.com/sports/ufc-star-critical-trumps-decision-strike-iranian-nuclear-sites-what-happened-america-first,fox
https://www.foxnews.com/sports/ufc-legend-jon-jones-faces-criminal-complaint-days-before-shocking-retirement-announcement,fox
https://www.foxnews.com/sports/ufc-champion-jon-jones-retires-dana-white-says,fox
https://www.foxnews.com/sports/ufc-fighter-sean-strickland-urges-trump-not-involved-israels-war,fox
https://www.foxnews.com/sports/former-ufc-fighters-wife-prays-miracle-doctors-consider-drastic-measure,fox
https://www.foxnews.com/media/new-ufc-champion-kayla-harrison-describes-surreal-celebration-trump-outside-octagon,fox
https://www.foxnews.com/sports/trump-celebrates-ufc-star-kayla-harrison-after-she-wins-title,fox
https://www.foxnews.com/politics/ufc-fans-share-what-think-about-trump-ahead-omalley-dvalishvili-showdown,fox
https://www.foxnews.com/sports/ex-mma-star-ben-askren-battling-severe-pneumonia-hospital-wife-says,fox
https://www.foxnews.com/sports/trumps-ufc-316-appearance-draws-massive-ovation-new-jersey-fighter-celebrates-him-after-win,fox
https://www.foxnews.com/sports/ufc-legend-khabib-nurmagomedov-refuses-shake-hands-female-sportscaster-awkward-moment,fox
https://www.foxnews.com/sports/ufcs-erin-blanchfield-rips-maycee-barber-after-opponent-pulls-out-fight-over-reported-medical-issue,fox
https://www.foxnews.com/sports/ufcs-dana-white-shares-belal-muhammads-gruesome-injuries-after-brutal-fight,fox
https://www.foxnews.com/sports/ufc-fighter-sedriques-dumas-arrested-burglary-battery-weeks-after-ufc-314-showing,fox
https://www.foxnews.com/sports/wwe-summerslam-2022-brock-lesnar-lifts-ring-tractor-logan-paul-frog-splashes-miz-more-highlights,fox
https://www.foxnews.com/sports/vince-mcmahon-announces-retirement-wwe-amid-scandal,fox
https://www.foxnews.com/sports/wwe-announces-co-ceos-following-vince-mcmahons-retirement,fox
https://www.foxnews.com/sports/sol-ruca-talks-facing-off-against-wwe-pioneer-john-cenas-final-event,fox
https://www.foxnews.com/video/6386366684112,fox
https://www.foxnews.com/sports/wwe-nxt-star-sol-ruca-reveals-reaction-tatum-paxley-winning-title-kendal-greys-tremendous-growth,fox
https://www.foxnews.com/video/6386337179112,fox
https://www.foxnews.com/sports/john-cena-reflects-biggest-piece-criticism-he-received-his-wwe-career-how-changed-his-approach,fox
https://www.foxnews.com/sports/logan-paul-reflects-john-cenas-farewell-tour-says-itd-awesome-trump-saw-his-final-match-dc,fox
https://www.foxnews.com/sports/mystery-attacker-interrupts-mens-wargames-match-liv-morgan-returns-help-dominik-mysterio,fox
https://www.foxnews.com/sports/wwe-stars-says-bystander-gave-them-middle-finger-los-angeles-driving-tesla,fox
https://www.foxnews.com/sports/hulk-hogans-son-teases-wrestling-career-after-snapping-selfie-outside-ring-you-never-know,fox
https://www.foxnews.com/sports/wwe-star-rips-stupid-giants-fans-upset-over-injured-cam-skattebos-wrestling-involvement,fox
https://www.foxnews.com/sports/netflix-wwe-vince-mcmahon-documentary-sexual-misconduct-hush-money,fox
https://www.foxnews.com/sports/bloodied-ric-flair-wins-last-match-front-family-wwe-legends,fox
https://www.foxnews.com/sports/logan-paul-signs-contract-wwe,fox
https://www.foxnews.com/food-drink/vegan-activists-launch-hateful-attacks-restaurant-adds-chicken-fish-menu,fox
https://www.foxnews.com/travel/want-avoid-getting-sick-plane-holiday-season-medical-expert-reveals-best-seat,fox
https://www.foxnews.com/food-drink/cowboy-chef-says-americans-turning-one-healthiest-meats-most-grocery-stores,fox
https://www.foxnews.com/lifestyle/american-culture-quiz-test-yourself-holiday-havens-airport-appetites,fox
https://www.foxnews.com/health/5-winter-weather-essentials-protect-skin-health-dangerously-cold-temperatures,fox
https://www.foxnews.com/video/6386153027112,fox
https://www.foxnews.com/lifestyle/moms-christian-advent-toy-sell-out-completely-faith-revival-sweeps-america,fox
https://www.foxnews.com/video/6386115334112,fox
https://www.foxnews.com/food-drink/researchers-uncover-potential-anti-aging-molecule-hidden-dark-chocolate,fox
https://www.foxnews.com/health/what-know-about-cushings-syndrome-which-led-amy-schumers-dramatic-weight-loss,fox
https://www.foxnews.com/health/man-extreme-energy-drink-habit-leads-concerning-medical-discovery-doctors-say,fox
https://www.foxnews.com/food-drink/your-diet-missing-brain-boosting-common-nutrient-new-anxiety-study-raises-concern,fox
https://www.foxnews.com/food-drink/your-favorite-winter-drink-may-weaken-bones-pack-more-sugar-than-candy-bar,fox
https://www.foxnews.com/food-drink/sick-cold-doctors-warn-favorite-comfort-foods-could-make-you-feel-worse,fox
https://www.foxnews.com/health/sperm-donor-hidden-cancer-gene-fathers-nearly-200-kids-families-blindsided,fox
https://www.foxnews.com/health/50-pound-weight-loss-sparked-3-simple-habits-says-top-model-winner,fox
https://www.foxnews.com/food-drink/beloved-cookie-brand-launches-sugar-free-product-not-everyone-sweet,fox
https://www.foxnews.com/food-drink/you-may-eating-kale-all-wrong-missing-out-key-nutrients-researchers-warn,fox
https://www.foxnews.com/health/new-ozempic-alternative-diabetes-pill-burns-fat-without-muscle-loss-study-suggests,fox
https://www.foxnews.com/health/breakthrough-glp-1-implant-promises-major-weight-loss-benefits-pets,fox
https://www.foxnews.com/food-drink/hot-debate-nightmare-plane-passenger-erupts-man-brews-espresso-35000-feet,fox
https://www.foxnews.com/food-drink/leftover-hacks-explode-social-media-americans-fight-high-prices-scrap-food-feasts,fox
https://www.foxnews.com/health/new-baldness-treatment-shows-dramatic-hair-regrowth-gains-major-trial,fox
https://www.foxnews.com/politics/trump-cabinet-members-do-pull-ups-airport-launch-1b-family-travel-program-nationwide,fox
https://www.foxnews.com/food-drink/high-fat-diet-may-trigger-chemical-chaos-gut-brain-researchers-find,fox
https://www.foxnews.com/health/want-stay-healthy-after-40-doctors-say-men-should-consider-14-medical-tests,fox
https://www.foxnews.com/health/popular-sleep-positions-could-damaging-your-nerves-according-experts,fox
https://www.foxnews.com/food-drink/american-cheddar-stuns-global-judges-beating-out-european-cheeses-sparking-worldwide-reaction,fox
https://www.foxnews.com/health/cosmetic-fillers-can-cause-deadly-complication-experts-warn-new-tech-exposes,fox
https://www.foxnews.com/travel/mans-simple-christmas-gift-sparks-chain-eerie-godwinks-final-twist-stuns-everyone,fox
https://www.foxnews.com/food-drink/grocery-chain-goes-viral-addictive-butter-dipped-ice-cream-cones-sparking-divided-reactions,fox
https://www.foxnews.com/health/psychiatrist-reveals-how-simple-mindset-shifts-can-significantly-reduce-chronic-pain,fox
https://www.foxnews.com/food-drink/common-chemicals-food-additives-pesticides-may-wrecking-gut-health-study-says,fox
https://www.foxnews.com/health/simon-cowell-says-hes-aging-backwards-thanks-controversial-blood-rinsing-procedure,fox
https://www.foxnews.com/politics/top-trump-department-rolls-out-christmas-tree-savings-plan-making-this-season-brighter,fox
https://www.foxnews.com/food-drink/early-bird-dinners-arent-just-seniors-heres-why-everyones-eating-530,fox
https://www.foxnews.com/health/alzheimers-risk-could-rise-common-condition-affecting-millions-study-finds,fox
https://www.foxnews.com/health/simple-nightly-habit-linked-healthier-blood-pressure-study-suggests,fox
https://www.foxnews.com/health/viral-all-white-wellness-push-could-boost-mental-health-4-essentials-consider,fox
https://www.foxnews.com/health/scientists-reveal-one-practice-could-prevent-dementia-you-age,fox
https://www.foxnews.com/food-drink/rare-keepsake-from-princess-diana-king-charles-wedding-expected-fetch-big-bucks-world-stage,fox
https://www.foxnews.com/health/popular-daily-snack-found-boost-brain-blood-flow-older-adults-new-study-shows,fox
https://www.foxnews.com/food-drink/olive-oil-shot-craze-explodes-online-doctor-warns-more-hype-than-medicine,fox
https://www.foxnews.com/video/6386446480112,fox
https://www.foxnews.com/video/6386445299112,fox
https://www.foxnews.com/video/6386443343112,fox
https://www.foxnews.com/video/6386436277112,fox
https://www.foxnews.com/video/6386395288112,fox
https://www.foxnews.com/travel/archaeologists-unearth-remnants-forgotten-city-marked-conflict-buried-below-bustling-hub,fox
https://www.foxnews.com/travel/hermetically-sealed-roman-sarcophagus-frozen-time-1700-years-opened-archaeologists,fox
https://www.foxnews.com/travel/ancient-roman-fort-yields-2000-year-old-fruit-survived-centuries-other-treasures,fox
https://www.foxnews.com/travel/ancient-snack-bar-hides-egyptian-secret-buried-nearly-2000-years,fox
https://www.foxnews.com/travel/ancient-lake-returns-californias-death-valley-vanishing-thousands-years-ago,fox
https://www.foxnews.com/travel/archaeologists-uncover-new-secrets-final-moments-countrys-bloodiest-battle,fox
https://www.foxnews.com/travel/newly-released-amelia-earhart-documents-reveal-vivid-details-japans-role-search-doomed-aviator,fox
https://www.foxnews.com/travel/melting-mountain-ice-reveals-rare-1500-year-old-hunting-facility-smelling-reindeer,fox
https://www.foxnews.com/world/pipe-burst-louvre-damages-300-400-rare-books-egyptian-antiquities-library-collection,fox
https://www.foxnews.com/travel/ancient-silver-cup-may-show-worlds-oldest-cosmic-creation-scene-researcher-says-chaos-prevailed,fox
https://www.foxnews.com/travel/hugely-exciting-prehistoric-artifacts-uncovered-hunt-long-lost-irish-castle,fox
https://www.foxnews.com/travel/ancient-roman-perfume-garden-blooms-nearly-1900-years-vesuvius-eruption,fox
https://www.foxnews.com/food-drink/army-veteran-turns-seriously-addictive-chocolate-popcorn-holiday-gift-sensation,fox
https://www.foxnews.com/video/6386040238112,fox
https://www.foxnews.com/video/6386189506112,fox
https://www.foxnews.com/food-drink/iranian-refugee-builds-world-ranked-american-winery-rooted-heritage-health,fox
https://www.foxnews.com/video/6385947601112,fox
https://www.foxnews.com/video/6386321105112,fox
https://www.foxnews.com/video/6386285723112,fox
https://www.foxnews.com/video/6386275626112,fox
https://www.foxnews.com/video/6386231123112,fox
https://www.foxnews.com/health/insufficient-sleep-rivals-smoking-top-predictor-early-death-new-study,fox
https://www.foxnews.com/health/hundreds-quarantined-due-measles-outbreak-southern-state-officials-say,fox
https://www.foxnews.com/health/relationship-coach-blames-oprah-pushing-family-estrangement-for-decades,fox
https://www.foxnews.com/health/massachusetts-man-diagnosed-deadly-lung-disease-linked-popular-kitchen-countertops,fox
https://www.foxnews.com/health/major-measles-outbreak-leads-hundreds-quarantined-us-county-officials-say,fox
https://www.foxnews.com/health/michigan-man-dies-rabies-after-receiving-kidney-from-infected-donor-who-saved-kitten-from-skunk-cdc,fox
https://www.foxnews.com/health/creative-hobbies-keep-brain-young-study-finds-here-best-ones-pursue,fox
https://www.foxnews.com/health/fox-news-health-newsletter-beer-bellies-linked-serious-heart-damage,fox
https://www.foxnews.com/health/lower-dementia-risk-linked-routine-vaccination-major-new-analysis,fox
https://www.foxnews.com/health/tongue-cancer-warning-signs-highlighted-after-full-house-stars-diagnosis,fox
https://www.foxnews.com/health/weight-loss-drugs-could-become-unavailable-millions-coming-years,fox
https://www.foxnews.com/health/hidden-cause-veterans-struggles-drives-renewed-urgency-va-messaging,fox
https://www.foxnews.com/health/your-brain-doesnt-age-way-you-think-new-research-upends-old-beliefs,fox
https://www.foxnews.com/health/heavy-drinkers-cut-alcohol-use-nearly-30-after-adopting-one-new-habit-study-finds,fox
https://www.foxnews.com/health/men-beer-bellies-may-face-serious-heart-damage-even-normal-weight,fox
https://www.foxnews.com/health/new-cancer-therapy-hunts-destroys-deadly-tumors-major-breakthrough-study,fox
https://www.foxnews.com/health/dick-van-dyke-says-living-longer-linked-his-lack-hate-anger,fox
https://www.foxnews.com/health/americas-most-popular-cooking-oil-may-linked-obesity-new-study-finds,fox
https://www.foxnews.com/health/doctor-warns-simple-food-mistakes-increase-chronic-disease-risk,fox
https://www.foxnews.com/health/pumpkins-secret-health-powers-go-far-beyond-holidays-experts-say,fox
https://www.foxnews.com/health/mysterious-marijuana-linked-vomiting-disorder-gets-official-who-code-er-cases-jump,fox
https://www.foxnews.com/health/dogs-diabetes-patients-can-detect-deadly-blood-sugar-crashes-before-medical-devices-families-claim,fox
https://www.foxnews.com/health/fox-news-health-newsletter-common-sleep-problem-tied-serious-brain-disorder,fox
https://www.foxnews.com/health/type-1-diabetes-reversed-landmark-study-paving-way-human-studies,fox
https://www.foxnews.com/health/alzheimers-risk-declines-sharply-one-daily-lifestyle-change-researchers-say,fox
https://www.foxnews.com/health/stop-heartburn-before-starts-5-dinner-mistakes-avoid-from-gi-doctor,fox
https://www.foxnews.com/health/judge-rules-west-virginia-parents-can-use-religious-beliefs-opt-out-school-vaccine-requirements,fox
https://www.foxnews.com/health/common-sleep-problem-tied-serious-neurological-disorder-major-new-study,fox
https://www.foxnews.com/health/green-wednesday-surges-americans-swap-alcohol-cannabis-ahead-thanksgiving,fox
https://www.foxnews.com/health/glp-1-how-survive-holiday-meals-without-derailing-your-progress,fox
https://www.foxnews.com/health/deadly-cancer-hiding-plain-sight-why-most-patients-never-get-screened,fox
https://www.foxnews.com/health/aggressive-cancer-warning-signs-revealed-after-jfks-granddaughters-diagnosis,fox
https://www.foxnews.com/health/new-weight-loss-shot-shows-major-fat-reduction-trial-experts-urge-caution,fox
https://www.foxnews.com/health/perfect-storm-doctors-warn-alarming-rise-adult-onset-food-allergies,fox
https://www.foxnews.com/health/researchers-say-human-hair-key-repairing-teeth-damaged-cavities,fox
https://www.foxnews.com/health/miracles-real-doctor-reveals-how-faith-medicine-promote-long-term-health,fox
https://www.foxnews.com/health/ivanka-trump-new-water-workout-could-promote-healthy-aging-expert-says,fox
https://www.foxnews.com/health/everyday-spice-may-key-fighting-fat-high-cholesterol-scientists-say,fox
https://www.foxnews.com/health/root-canals-may-do-more-than-save-teeth-could-boost-overall-health-study-finds,fox
https://www.foxnews.com/health/hearing-loss-could-reversed-popular-erectile-dysfunction-drug,fox
https://www.foxnews.com/health/fox-news-health-newsletter-common-spice-could-boost-happiness-sexual-health,fox
https://www.foxnews.com/health/daily-pill-slashes-bad-cholesterol-levels-60-year-long-trial,fox
https://www.foxnews.com/health/why-starving-cancer-could-key-slowing-disease-growth-according-doctors,fox
https://www.foxnews.com/health/cdc-quietly-changes-vaccine-autism-stance-after-years-controversy,fox
https://www.foxnews.com/health/doctors-reveal-troubling-signs-early-flu-trends-warn-unusually-bad-season,fox
https://www.foxnews.com/health/covid-vaccine-under-new-scrutiny-after-studies-reveal-possible-health-risks,fox
https://www.foxnews.com/health/first-ever-human-case-rare-bird-flu-strain-confirmed-western-u-s,fox
https://www.foxnews.com/health/smoking-just-two-cigarettes-day-can-wreak-havoc-your-heart-study-shows,fox
https://www.foxnews.com/health/common-spice-may-beat-depression-boost-sexual-health-doctor-says,fox
https://www.foxnews.com/health/alzheimers-scientists-find-key-halting-brain-decline-before-symptoms,fox
https://www.foxnews.com/health/take-hike-maine-school-trades-detention-fresh-air-exercise,fox
https://www.foxnews.com/health/navy-vet-reveals-daily-movement-nutrition-habits-keep-him-fit-after-35,fox
https://www.foxnews.com/health/gut-imbalance-may-driving-americas-food-allergy-epidemic-experts-warn,fox
https://www.foxnews.com/health/fast-growing-cancer-could-slowed-common-blood-pressure-drug-research-shows,fox
https://www.foxnews.com/health/portfolio-diet-gains-buzz-lowering-cholesterol-without-medication-experts-say,fox
https://www.foxnews.com/health/pop-culture-embraces-smoking-cool-again-gen-z-youth-watching,fox
https://www.foxnews.com/health/viral-potato-bed-sleep-trend-has-people-cozying-up-best-nights-rest,fox
https://www.foxnews.com/health/popular-diabetes-drug-could-block-exercise-benefits-new-study-warns,fox
https://www.foxnews.com/health/not-all-fiber-created-equal-doctors-share-which-kinds-truly-support-longevity,fox
https://www.foxnews.com/health/man-dies-hours-after-eating-burger-researchers-confirm-fatal-allergy,fox
https://www.foxnews.com/health/spike-deadly-cancer-before-50-linked-common-convenience-foods,fox
https://www.foxnews.com/health/killer-condition-growing-us-lands-top-10-leading-causes-death,fox
https://www.foxnews.com/health/glp-1-weight-loss-medications-linked-improved-cancer-survival-certain-patients,fox
https://www.foxnews.com/health/surge-whooping-cough-cases-southern-state-prompts-health-alerts,fox
https://www.foxnews.com/health/alzheimers-could-predicted-years-before-symptoms-new-mayo-clinic-model,fox
https://www.foxnews.com/health/expert-warns-silent-epidemic-puts-mens-health-serious-risk,fox
https://www.foxnews.com/health/some-cancer-patients-could-avoid-surgery-innovative-new-therapy,fox
https://www.foxnews.com/health/common-vitamin-could-protect-some-heart-attack-survivors-study-shows,fox
https://www.foxnews.com/health/tobacco-nicotine-ban-sparks-backlash-from-business-owners-coastal-town,fox
https://www.foxnews.com/health/daily-coffee-may-protect-heart-unexpected-way-study-suggests,fox
https://www.foxnews.com/health/killer-condition-lands-top-10-leading-causes-death-global-cases-surge,fox
https://www.foxnews.com/health/fda-moves-lift-black-box-warnings-from-hormone-therapies-menopause-symptoms,fox
https://www.foxnews.com/health/surprising-ways-foods-can-change-body-odor-according-experts,fox
https://www.foxnews.com/health/experts-warn-security-risks-americas-kids-photos-show-those-up-adoption,fox
https://www.foxnews.com/health/dark-showering-new-trend-better-sleep,fox
https://www.foxnews.com/health/americas-fattest-states-revealed-how-ozempic-changing-map,fox
https://www.foxnews.com/health/treating-gum-disease-could-reduce-risk-heart-attacks-strokes-study-suggests,fox
https://www.foxnews.com/health/one-toxic-behavior-kills-relationships-leading-happiness-expert-warns,fox
https://www.foxnews.com/health/smoking-banned-entire-generation-tips-stay-healthy-past-age-75,fox
https://www.foxnews.com/health/why-most-people-fall-off-health-cliff-75-ways-avoid-drop,fox
https://www.foxnews.com/video/6386434659112,fox
https://www.foxnews.com/video/6386415697112,fox
https://www.foxnews.com/video/6386399504112,fox
https://www.foxnews.com/video/6386399282112,fox
https://www.foxnews.com/video/6386388666112,fox
https://www.foxnews.com/food-drink/eating-pleasure-may-boost-health-say-experts-here-6-foods-try,fox
https://www.foxnews.com/video/6385907949112,fox
https://www.foxnews.com/food-drink/man-ate-1000-sardines-month-lost-6-pounds-smelled-like-fish-market,fox
https://www.foxnews.com/food-drink/sitting-all-day-new-study-says-certain-foods-may-protect-your-heart-from-damage,fox
https://www.foxnews.com/food-drink/fattening-airplane-snacks-slammed-transportation-secretary-full-butter-sugar-crap,fox
https://www.foxnews.com/food-drink/stop-carb-overload-experts-expose-hidden-reason-big-meals-backfire-how-protein-flips-switch,fox
https://www.foxnews.com/video/6385580946112,fox
https://www.foxnews.com/food-drink/affordable-menus-smaller-portions-need-offered-restaurants-celebrity-chef-insists,fox
https://www.foxnews.com/food-drink/this-common-food-boost-heart-health-without-changing-your-lifestyle,fox
https://www.foxnews.com/tech/grain-sized-robot-could-change-how-doctors-deliver-drugs,fox
https://www.foxnews.com/video/6385608553112,fox
https://www.foxnews.com/video/6385603283112,fox
https://www.foxnews.com/video/6385364071112,fox
https://www.foxnews.com/video/6384881100112,fox
https://www.foxnews.com/health/new-pancreatic-cancer-treatment-wakes-up-immune-cells-researchers-say,fox
https://www.foxnews.com/health/dilbert-creator-desperate-plea-shines-spotlight-alternative-prostate-cancer-drug,fox
https://www.foxnews.com/video/6384434790112,fox
https://www.foxnews.com/politics/trump-admin-responds-dilbert-creators-plea-help-save-my-life-expediting-cancer-treatment,fox
https://www.foxnews.com/health/cancer-rates-climbing-americas-corn-belt-states-while-rest-country-sees-decline,fox
https://www.foxnews.com/health/cancer-cures-could-reach-cutting-edge-medical-tech-doctor-predicts,fox
https://www.foxnews.com/video/6384142086112,fox
https://www.foxnews.com/video/6384133901112,fox
https://www.foxnews.com/video/6383753413112,fox
https://www.foxnews.com/health/cancer-survival-appears-double-common-vaccine-researchers-say,fox
https://www.foxnews.com/video/6383567033112,fox
https://www.foxnews.com/health/gray-hair-could-play-surprising-role-cancer-defense-study-suggests,fox
https://www.foxnews.com/health/breakthrough-blood-test-could-spot-dozens-cancers-before-symptoms-appear,fox
https://www.foxnews.com/video/6383073086112,fox
https://www.foxnews.com/politics/poisoned-promises-camp-lejeune-families-still-wait-justice-decades-after-toxic-water-scandal,fox
https://www.foxnews.com/travel/cities-hit-hardest-crime-poverty-rank-among-americas-least-relaxed-study-finds,fox
https://www.foxnews.com/entertainment/amanda-seyfried-bails-tricky-hollywood-quiet-farm-life,fox
https://www.foxnews.com/food-drink/can-coffee-slow-aging-new-research-says-yes-only-you-drink-right-amount,fox
https://www.foxnews.com/travel/nations-most-stressful-airport-called-out-study-poor-check-in-times-departure-delays,fox
https://www.foxnews.com/us/elderly-texas-woman-learns-fate-distributing-150k-doses-fentanyl-mail,fox
https://www.foxnews.com/world/teen-dreams-lion-taming-mauled-death-climbing-enclosure-zoo,fox
https://www.foxnews.com/health/stroke-dementia-depression-share-17-preventable-risk-factors,fox
https://www.foxnews.com/health/brain-memory-boosted-eating-one-particular-diet-study-finds,fox
https://www.foxnews.com/health/exercise-can-prevent-cognitive-decline-energy-lags-researchers-discover,fox
https://www.foxnews.com/tech/apple-watch-sleep-score-what-your-number-really-means,fox
https://www.foxnews.com/food-drink/does-turkey-make-you-sleepy-heres-truth-post-food-snooze,fox
https://www.foxnews.com/health/experts-reveal-exact-bedtime-could-prevent-late-night-second-wind-insomnia,fox
https://www.foxnews.com/food-drink/easy-nutrition-tweak-could-transform-sleep-starting-this-evening,fox
https://www.foxnews.com/health/new-health-warning-issued-over-popular-sleep-aid-millions-take-nightly,fox
https://www.foxnews.com/food-drink/what-you-eat-weekend-could-make-break-your-daylight-saving-recovery,fox
https://www.foxnews.com/health/couples-choosing-separate-beds-may-face-unseen-challenges-study-suggests,fox
https://www.foxnews.com/health/three-common-fruits-can-help-americans-fall-asleep-faster-sleep-better,fox
https://www.foxnews.com/health/trending-bedtime-hack-said-improve-sleep-experts-arent-so-sure,fox
https://www.foxnews.com/health/dementia-risk-nearly-doubles-among-those-common-sleep-disorder-study-finds,fox
https://www.foxnews.com/health/social-sleep-apnea-could-ruining-your-weekend-rest-study-suggests,fox
https://www.foxnews.com/food-drink/experts-say-date-pumpkin-seed-snack-hack-could-help-improve-sleep-ease-stress,fox
https://www.foxnews.com/lifestyle/college-sorority-cold-rooms-get-hot-spotlight-viral-social-media-trend,fox
https://www.foxnews.com/health/womans-snoring-symptom-rare-form-cancer-dont-ignore-it,fox
https://www.foxnews.com/travel/best-secret-weapons-prevent-overcome-jetlag-travel-says-doctor,fox
https://www.foxnews.com/health/hidden-sleep-danger-could-increase-risk-172-diseases-major-study-reveals,fox
https://www.foxnews.com/food-drink/hotel-vibes-coffee-hack-raises-eyebrows-experts-warn-sleep-quality-risks,fox
https://www.foxnews.com/health/joe-bidens-alleged-ambien-use-sparks-warnings-about-jobs-prohibit-sleep-aids,fox
https://www.foxnews.com/health/ambien-under-scrutiny-amid-claims-joe-biden-had-been-taking-sleep-drug,fox
https://www.foxnews.com/health/alzheimers-risk-could-rise-specific-sleep-pattern-experts-warn,fox
https://www.foxnews.com/health/morning-workouts-can-boost-weight-loss-one-key-habit-followed-experts-say,fox
https://www.foxnews.com/health/afternoon-napping-could-have-surprising-impact-longevity-study-suggests,fox
https://www.foxnews.com/health/tips-get-better-nights-sleep-during-sweltering-summer-temperatures,fox
https://www.foxnews.com/health/mouth-taping-touted-some-better-sleep-experts-cite-safety-concerns,fox
https://www.foxnews.com/health/eating-more-fruits-vegetables-linked-surprising-effect-sleep,fox
https://www.foxnews.com/health/just-one-night-poor-sleep-could-have-surprising-health-effects,fox
https://www.foxnews.com/food-drink/sleep-expert-reveals-top-foods-drinks-keeping-you-up-night,fox
https://www.foxnews.com/health/heres-why-90-americans-dont-sleep-through-night-according-expert,fox
https://www.foxnews.com/food-drink/daily-orange-juice-has-therapeutic-potential-genes-heart-health-study-finds,fox
https://www.foxnews.com/politics/sen-fetterman-shares-graphic-photo-heart-rhythm-scare-says-doctors-put-me-back-together,fox
https://www.foxnews.com/video/6385097811112,fox
https://www.foxnews.com/video/6384834644112,fox
https://www.foxnews.com/food-drink/study-says-vegetable-oils-arent-bad-your-heart-not-everyones-convinced,fox
https://www.foxnews.com/health/higher-stroke-risk-linked-consuming-certain-amount-alcohol-study-finds,fox
https://www.foxnews.com/health/brain-health-warning-sign-could-hiding-plain-sight-say-researchers,fox
https://www.foxnews.com/health/viral-energy-booster-has-doctors-divided-heres-what-know-before-trying,fox
https://www.foxnews.com/video/6384423300112,fox
https://www.foxnews.com/health/common-viruses-linked-dramatic-spike-heart-attack-stroke-risk,fox
https://www.foxnews.com/health/heart-surgeon-reveals-what-eat-not-eat-optimal-cardiac-health,fox
https://www.foxnews.com/health/want-live-longer-follow-8-heart-healthy-habits-says-american-heart-association,fox
https://www.foxnews.com/food-drink/stress-anxiety-can-reduced-time-key-way-study-suggests,fox
https://www.foxnews.com/us/new-hampshire-6-year-old-tests-positive-cocaine-cannabis-mother-faces-multiple-charges,fox
https://www.foxnews.com/food-drink/cracker-barrel-restaurant-chain-pays-thousands-students-settling-discrimination-claims,fox
https://www.foxnews.com/video/6386458191112,fox
https://www.foxnews.com/video/6386457081112,fox
https://www.foxnews.com/video/6386333310112,fox
https://www.foxnews.com/video/6386069727112,fox
https://www.foxnews.com/video/6385997073112,fox
https://www.foxnews.com/video/6385761514112,fox
https://www.foxnews.com/video/6385615050112,fox
https://www.foxnews.com/video/6386262083112,fox
https://www.foxnews.com/video/6386196340112,fox
https://www.foxnews.com/video/6386199006112,fox
https://www.foxnews.com/politics/trump-signs-off-nationwide-vaccine-schedule-review-cdc-withdraws-infant-hep-b-guidance,fox
https://www.foxnews.com/video/6385486527112,fox
https://www.foxnews.com/food-drink/addictive-ultra-processed-foods-linked-spike-chronic-disease-researchers-warn,fox
https://www.foxnews.com/food-drink/naked-doritos-cheetos-no-artificial-dyes-flavors-hit-market-soon-healthier,fox
https://www.foxnews.com/video/6385175402112,fox
https://www.foxnews.com/video/6385143311112,fox
https://www.foxnews.com/video/6385127726112,fox
https://www.foxnews.com/food-drink/my-whole-life-lie-former-vegan-chef-sinks-teeth-cattle-ranching,fox
https://www.foxnews.com/video/6385049529112,fox
https://www.foxnews.com/video/6385028067112,fox
https://www.foxnews.com/video/6385014530112,fox
https://www.foxnews.com/food-drink/brain-aging-may-slow-green-tea-walnuts-tiny-swamp-plant-study-finds,fox
https://www.foxnews.com/video/6384920051112,fox
